codcli,marca,colecaoId,colecao,ordem,valor
2,KIKI,I25,Inverno 2025,1,8043
2,KIKI,I26,Inverno 2026,4,3
2,KIKI,V26,Verão 2026,3,5
2,MENINA ANJO,I25,Inverno 2025,1,5732
26,KIKI,V26,Verão 2026,3,6
28,KIKI,I26,Inverno 2026,4,7225
28,KIKI,V26,Verão 2026,3,6
143,KIKI,I26,Inverno 2026,4,7225
143,KIKI,V26,Verão 2026,3,6
144,KIKI,I26,Inverno 2026,4,31466
144,KIKI,V26,Verão 2026,3,24984
144,MENINA ANJO,I26,Inverno 2026,4,9001
144,MENINA ANJO,V26,Verão 2026,3,6255
144,VALENT,I26,Inverno 2026,4,283535
144,VALENT,V26,Verão 2026,3,7099
157,KIKI,V26,Verão 2026,3,6
158,KIKI,I25,Inverno 2025,1,9050
319,KIKI,I25,Inverno 2025,1,13734
319,KIKI,I26,Inverno 2026,4,5
319,KIKI,V26,Verão 2026,3,3
319,KIKI,V27,Verão 2027,6,389042
350,KIKI,V26,Verão 2026,3,513285
350,VALENT,V26,Verão 2026,3,10
352,KIKI,I25,Inverno 2025,1,9544
352,KIKI,I26,Inverno 2026,4,13
352,KIKI,V26,Verão 2026,3,532165
352,KIKI,V27,Verão 2027,6,3014090
430,KIKI,I25,Inverno 2025,1,7178
430,KIKI,I26,Inverno 2026,4,4
433,KIKI,I25,Inverno 2025,1,41196
433,KIKI,I26,Inverno 2026,4,13099
433,KIKI,V26,Verão 2026,3,15610
433,MENINA ANJO,I25,Inverno 2025,1,8554
433,MENINA ANJO,V26,Verão 2026,3,7477
468,KIKI,I25,Inverno 2025,1,7914
468,KIKI,I26,Inverno 2026,4,3
468,KIKI,V26,Verão 2026,3,3
468,KIKI,V27,Verão 2027,6,2365
468,MENINA ANJO,I25,Inverno 2025,1,7168
468,VALENT,V26,Verão 2026,3,3
475,KIKI,V26,Verão 2026,3,133942
475,MENINA ANJO,V26,Verão 2026,3,29632
475,VALENT,V26,Verão 2026,3,31580
499,KIKI,I25,Inverno 2025,1,2157
499,KIKI,V26,Verão 2026,3,8416
499,MENINA ANJO,V26,Verão 2026,3,4232
499,VALENT,V26,Verão 2026,3,3186
505,KIKI,I25,Inverno 2025,1,1833
505,KIKI,V26,Verão 2026,3,3
555,KIKI,I25,Inverno 2025,1,3861
555,KIKI,I26,Inverno 2026,4,385295
555,MENINA ANJO,I25,Inverno 2025,1,5426
555,MENINA ANJO,I26,Inverno 2026,4,436050
562,KIKI,V26,Verão 2026,3,5252
592,KIKI,I25,Inverno 2025,1,3859
716,KIKI,I25,Inverno 2025,1,7046
716,KIKI,I26,Inverno 2026,4,4
716,KIKI,V26,Verão 2026,3,5
716,KIKI,V27,Verão 2027,6,1061445
737,KIKI,V26,Verão 2026,3,13
737,VALENT,V26,Verão 2026,3,3
779,KIKI,I25,Inverno 2025,1,3297
779,KIKI,I26,Inverno 2026,4,5
779,MENINA ANJO,I26,Inverno 2026,4,581400
784,KIKI,V26,Verão 2026,3,9099
792,MENINA ANJO,I25,Inverno 2025,1,6089
886,KIKI,V26,Verão 2026,3,9956
922,KIKI,I25,Inverno 2025,1,16126
922,KIKI,I26,Inverno 2026,4,4
922,MENINA ANJO,I25,Inverno 2025,1,2894
986,KIKI,I25,Inverno 2025,1,11
986,KIKI,V26,Verão 2026,3,3
1066,KIKI,V26,Verão 2026,3,2108
1268,KIKI,I25,Inverno 2025,1,2593
1268,MENINA ANJO,I25,Inverno 2025,1,1578
1268,VALENT,V26,Verão 2026,3,3
1278,KIKI,I25,Inverno 2025,1,51354
1278,KIKI,I26,Inverno 2026,4,412214
1278,MENINA ANJO,I25,Inverno 2025,1,12507
1278,MENINA ANJO,I26,Inverno 2026,4,2585
1289,KIKI,V26,Verão 2026,3,10084
1289,MENINA ANJO,V26,Verão 2026,3,7711
1289,VALENT,V26,Verão 2026,3,10400
1350,KIKI,I25,Inverno 2025,1,9296
1350,KIKI,I26,Inverno 2026,4,5
1350,KIKI,V26,Verão 2026,3,5
1350,MENINA ANJO,I25,Inverno 2025,1,11512
1447,KIKI,I25,Inverno 2025,1,5335
1447,KIKI,V26,Verão 2026,3,3960
1447,KIKI,V27,Verão 2027,6,8134
1447,MENINA ANJO,I26,Inverno 2026,4,1640
1447,MENINA ANJO,V26,Verão 2026,3,2270
1447,MENINA ANJO,V27,Verão 2027,6,2248
1501,MENINA ANJO,I25,Inverno 2025,1,3
1656,KIKI,V27,Verão 2027,6,2091689
1656,MENINA ANJO,V27,Verão 2027,6,516400
1656,VALENT,V27,Verão 2027,6,4
1658,KIKI,V26,Verão 2026,3,2
1679,KIKI,I25,Inverno 2025,1,31826
1679,MENINA ANJO,I25,Inverno 2025,1,9733
1685,KIKI,I25,Inverno 2025,1,15130
1685,KIKI,I26,Inverno 2026,4,1505
1685,MENINA ANJO,I25,Inverno 2025,1,5222
1688,KIKI,I25,Inverno 2025,1,2068
1695,KIKI,I25,Inverno 2025,1,4070
1695,KIKI,I26,Inverno 2026,4,5
1695,KIKI,V26,Verão 2026,3,7
1695,KIKI,V27,Verão 2027,6,4
1745,KIKI,I25,Inverno 2025,1,785
1745,MENINA ANJO,I25,Inverno 2025,1,5476
1776,KIKI,V26,Verão 2026,3,18223
1777,KIKI,I26,Inverno 2026,4,7261
1777,KIKI,T26,Tropical 2026,5,1933
1777,KIKI,V26,Verão 2026,3,11327
1777,MENINA ANJO,V26,Verão 2026,3,8987
1814,KIKI,V26,Verão 2026,3,16
1870,KIKI,I25,Inverno 2025,1,2284
1870,KIKI,I26,Inverno 2026,4,50332
1870,KIKI,T25,Tropical 2025,2,3577
1870,KIKI,T26,Tropical 2026,5,24450
1870,KIKI,V26,Verão 2026,3,100879
1870,KIKI,V27,Verão 2027,6,612314
1870,MENINA ANJO,I26,Inverno 2026,4,21905
1870,MENINA ANJO,V26,Verão 2026,3,32325
1870,MENINA ANJO,V27,Verão 2027,6,2430
1870,VALENT,V27,Verão 2027,6,4930
1917,KIKI,I26,Inverno 2026,4,34979
1917,KIKI,V26,Verão 2026,3,34164
1917,KIKI,V27,Verão 2027,6,33032
1917,MENINA ANJO,I26,Inverno 2026,4,17042
1917,MENINA ANJO,V26,Verão 2026,3,15908
1917,MENINA ANJO,V27,Verão 2027,6,5944
1917,VALENT,I26,Inverno 2026,4,296962
1917,VALENT,V26,Verão 2026,3,12421
1917,VALENT,V27,Verão 2027,6,13082
2024,KIKI,I26,Inverno 2026,4,10055
2024,KIKI,T26,Tropical 2026,5,12
2024,KIKI,V26,Verão 2026,3,4835
2024,MENINA ANJO,I25,Inverno 2025,1,8
2026,KIKI,I26,Inverno 2026,4,6574
2026,KIKI,T25,Tropical 2025,2,3
2026,KIKI,T26,Tropical 2026,5,1285
2026,MENINA ANJO,I25,Inverno 2025,1,4
2026,MENINA ANJO,I26,Inverno 2026,4,4338
2026,MENINA ANJO,T26,Tropical 2026,5,2527
2026,MENINA ANJO,V26,Verão 2026,3,2855
2026,VALENT,I26,Inverno 2026,4,516900
2026,VALENT,T26,Tropical 2026,5,4473
2037,KIKI,V26,Verão 2026,3,772
2045,KIKI,V26,Verão 2026,3,105196
2045,MENINA ANJO,V26,Verão 2026,3,44215
2046,KIKI,I25,Inverno 2025,1,17460
2046,KIKI,T25,Tropical 2025,2,3574
2046,KIKI,V26,Verão 2026,3,4154
2046,MENINA ANJO,I25,Inverno 2025,1,4744
2059,KIKI,V26,Verão 2026,3,83610
2059,MENINA ANJO,V26,Verão 2026,3,18383
2072,KIKI,V26,Verão 2026,3,87295
2072,MENINA ANJO,V26,Verão 2026,3,11443
2129,KIKI,I25,Inverno 2025,1,16451
2129,KIKI,I26,Inverno 2026,4,22024
2129,KIKI,T26,Tropical 2026,5,4421
2129,KIKI,V26,Verão 2026,3,9570
2129,KIKI,V27,Verão 2027,6,26322
2129,MENINA ANJO,I25,Inverno 2025,1,11
2129,VALENT,I26,Inverno 2026,4,561600
2201,KIKI,I25,Inverno 2025,1,4920
2201,KIKI,I26,Inverno 2026,4,11520
2201,KIKI,V26,Verão 2026,3,4351
2201,KIKI,V27,Verão 2027,6,17863
2201,MENINA ANJO,V26,Verão 2026,3,5
2201,MENINA ANJO,V27,Verão 2027,6,4536
2204,KIKI,I25,Inverno 2025,1,6400
2204,KIKI,I26,Inverno 2026,4,1505
2204,MENINA ANJO,I25,Inverno 2025,1,5222
2205,KIKI,I25,Inverno 2025,1,2068
2216,KIKI,V26,Verão 2026,3,14
2216,MENINA ANJO,V26,Verão 2026,3,7
2233,KIKI,I25,Inverno 2025,1,35322
2233,KIKI,I26,Inverno 2026,4,4
2233,KIKI,V26,Verão 2026,3,7
2233,KIKI,V27,Verão 2027,6,1592160
2233,MENINA ANJO,I25,Inverno 2025,1,7610
2233,MENINA ANJO,I26,Inverno 2026,4,1041920
2233,MENINA ANJO,V26,Verão 2026,3,7
2233,VALENT,V26,Verão 2026,3,10
2322,KIKI,I26,Inverno 2026,4,5057
2342,KIKI,I25,Inverno 2025,1,3
2342,MENINA ANJO,I25,Inverno 2025,1,3
2343,KIKI,I25,Inverno 2025,1,7994
2343,KIKI,I26,Inverno 2026,4,3
2343,MENINA ANJO,I25,Inverno 2025,1,14397
2343,VALENT,V26,Verão 2026,3,3
2357,KIKI,I25,Inverno 2025,1,12010
2357,KIKI,I26,Inverno 2026,4,525257
2357,KIKI,V26,Verão 2026,3,26394
2357,KIKI,V27,Verão 2027,6,1450482
2357,MENINA ANJO,I25,Inverno 2025,1,2671
2357,MENINA ANJO,V26,Verão 2026,3,6250
2361,KIKI,I25,Inverno 2025,1,22244
2361,KIKI,I26,Inverno 2026,4,14319
2361,KIKI,V26,Verão 2026,3,15803
2361,KIKI,V27,Verão 2027,6,1410808
2361,MENINA ANJO,I25,Inverno 2025,1,9428
2361,VALENT,V26,Verão 2026,3,2149
2381,KIKI,I25,Inverno 2025,1,13459
2381,KIKI,V26,Verão 2026,3,513280
2381,KIKI,V27,Verão 2027,6,1
2387,KIKI,I25,Inverno 2025,1,5179
2387,KIKI,V26,Verão 2026,3,10
2387,KIKI,V27,Verão 2027,6,1
2389,KIKI,I25,Inverno 2025,1,13916
2389,KIKI,V26,Verão 2026,3,19351
2431,KIKI,V26,Verão 2026,3,7904
2431,MENINA ANJO,V26,Verão 2026,3,2531
2440,KIKI,I26,Inverno 2026,4,527522
2440,KIKI,V26,Verão 2026,3,6271
2440,MENINA ANJO,V26,Verão 2026,3,1955
2443,KIKI,I26,Inverno 2026,4,3224
2443,KIKI,V26,Verão 2026,3,10521
2443,MENINA ANJO,I26,Inverno 2026,4,2846
2451,KIKI,I25,Inverno 2025,1,13443
2451,KIKI,I26,Inverno 2026,4,4
2451,KIKI,V26,Verão 2026,3,5
2451,MENINA ANJO,I25,Inverno 2025,1,5648
2453,KIKI,I25,Inverno 2025,1,2338
2453,KIKI,I26,Inverno 2026,4,5
2453,KIKI,V26,Verão 2026,3,651042
2453,MENINA ANJO,I25,Inverno 2025,1,2369
2459,KIKI,I25,Inverno 2025,1,10
2459,MENINA ANJO,I25,Inverno 2025,1,10
2467,KIKI,I26,Inverno 2026,4,3
2467,KIKI,V26,Verão 2026,3,7
2467,MENINA ANJO,I26,Inverno 2026,4,520960
2493,KIKI,I25,Inverno 2025,1,4136
2493,KIKI,V26,Verão 2026,3,513282
2523,KIKI,I25,Inverno 2025,1,5278
2523,KIKI,V26,Verão 2026,3,2
2524,KIKI,I25,Inverno 2025,1,18921
2524,KIKI,V26,Verão 2026,3,5
2525,KIKI,I25,Inverno 2025,1,7775
2525,MENINA ANJO,I25,Inverno 2025,1,4498
2527,KIKI,I25,Inverno 2025,1,25424
2527,KIKI,V26,Verão 2026,3,513280
2527,MENINA ANJO,I25,Inverno 2025,1,10660
2531,KIKI,I25,Inverno 2025,1,4450
2531,KIKI,I26,Inverno 2026,4,7508
2531,KIKI,V26,Verão 2026,3,6280
2531,KIKI,V27,Verão 2027,6,24916
2531,MENINA ANJO,V27,Verão 2027,6,5640
2540,KIKI,V26,Verão 2026,3,4871
2540,MENINA ANJO,V26,Verão 2026,3,2464
2554,KIKI,I25,Inverno 2025,1,4276
2554,KIKI,V26,Verão 2026,3,8113
2554,MENINA ANJO,I25,Inverno 2025,1,13167
2554,MENINA ANJO,V26,Verão 2026,3,5917
2559,KIKI,I26,Inverno 2026,4,5
2560,KIKI,I25,Inverno 2025,1,8731
2560,KIKI,I26,Inverno 2026,4,5
2560,KIKI,V26,Verão 2026,3,1
2560,KIKI,V27,Verão 2027,6,790081
2561,KIKI,I25,Inverno 2025,1,10508
2561,KIKI,I26,Inverno 2026,4,136246
2561,KIKI,V26,Verão 2026,3,3654
2561,MENINA ANJO,I25,Inverno 2025,1,4460
2561,MENINA ANJO,I26,Inverno 2026,4,3768
2561,MENINA ANJO,V26,Verão 2026,3,3102
2562,KIKI,V26,Verão 2026,3,8978
2580,KIKI,V26,Verão 2026,3,7
2615,KIKI,V26,Verão 2026,3,1
2617,KIKI,V26,Verão 2026,3,5762
2617,MENINA ANJO,V26,Verão 2026,3,6780
2622,KIKI,V26,Verão 2026,3,926601
2622,MENINA ANJO,V26,Verão 2026,3,49844
2665,KIKI,I25,Inverno 2025,1,7239
2665,KIKI,V26,Verão 2026,3,384965
2665,MENINA ANJO,I25,Inverno 2025,1,2369
2666,KIKI,I25,Inverno 2025,1,6565
2666,KIKI,I26,Inverno 2026,4,14
2666,KIKI,V26,Verão 2026,3,124958
2666,MENINA ANJO,I25,Inverno 2025,1,4953
2666,MENINA ANJO,V26,Verão 2026,3,4239
2696,KIKI,I25,Inverno 2025,1,28
2696,KIKI,I26,Inverno 2026,4,21
2696,KIKI,V26,Verão 2026,3,16
2696,KIKI,V27,Verão 2027,6,2613597
2697,KIKI,I25,Inverno 2025,1,4556
2697,KIKI,I26,Inverno 2026,4,4159
2697,KIKI,V26,Verão 2026,3,2243
2697,MENINA ANJO,I25,Inverno 2025,1,2774
2697,MENINA ANJO,V26,Verão 2026,3,14
2700,VALENT,V26,Verão 2026,3,735600
2704,KIKI,V26,Verão 2026,3,588
2706,KIKI,V26,Verão 2026,3,1145
2706,MENINA ANJO,V26,Verão 2026,3,2945
2708,KIKI,I25,Inverno 2025,1,12296
2708,KIKI,V26,Verão 2026,3,2090
2708,KIKI,V27,Verão 2027,6,6757
2708,VALENT,V26,Verão 2026,3,2158
2713,KIKI,I26,Inverno 2026,4,5078
2713,KIKI,V26,Verão 2026,3,7052
2713,KIKI,V27,Verão 2027,6,28718
2713,MENINA ANJO,V26,Verão 2026,3,5314
2713,MENINA ANJO,V27,Verão 2027,6,413489
2713,VALENT,V26,Verão 2026,3,16972
2713,VALENT,V27,Verão 2027,6,9009
2761,KIKI,I26,Inverno 2026,4,568272
2761,KIKI,T26,Tropical 2026,5,3943
2761,KIKI,V26,Verão 2026,3,65223
2761,MENINA ANJO,I26,Inverno 2026,4,8092
2761,MENINA ANJO,T26,Tropical 2026,5,17679
2761,MENINA ANJO,V26,Verão 2026,3,20246
2761,VALENT,V26,Verão 2026,3,12737
2764,KIKI,V26,Verão 2026,3,7297
2779,KIKI,I25,Inverno 2025,1,3412
2779,KIKI,I26,Inverno 2026,4,18824
2779,KIKI,V26,Verão 2026,3,16181
2779,MENINA ANJO,I25,Inverno 2025,1,10958
2779,MENINA ANJO,I26,Inverno 2026,4,14429
2779,MENINA ANJO,V26,Verão 2026,3,15972
2779,VALENT,V26,Verão 2026,3,9909
2790,VALENT,V26,Verão 2026,3,1707
2791,KIKI,I25,Inverno 2025,1,13428
2791,KIKI,I26,Inverno 2026,4,1109
2791,KIKI,V26,Verão 2026,3,2113
2791,KIKI,V27,Verão 2027,6,2585
2791,MENINA ANJO,V26,Verão 2026,3,5022
2791,MENINA ANJO,V27,Verão 2027,6,12002
2798,KIKI,I25,Inverno 2025,1,555307
2798,KIKI,I26,Inverno 2026,4,387319
2798,KIKI,V26,Verão 2026,3,220
2798,MENINA ANJO,I25,Inverno 2025,1,94535
2817,KIKI,I26,Inverno 2026,4,3141
2817,KIKI,T25,Tropical 2025,2,2
2817,KIKI,V27,Verão 2027,6,3818
2817,MENINA ANJO,I26,Inverno 2026,4,2846
2817,MENINA ANJO,V26,Verão 2026,3,1955
2817,MENINA ANJO,V27,Verão 2027,6,2779
2823,KIKI,V26,Verão 2026,3,2108
2823,MENINA ANJO,V26,Verão 2026,3,5126
2847,KIKI,I25,Inverno 2025,1,7522
2847,KIKI,I26,Inverno 2026,4,7
2847,KIKI,V26,Verão 2026,3,9
2847,KIKI,V27,Verão 2027,6,323362
2847,MENINA ANJO,I25,Inverno 2025,1,6119
2879,KIKI,I25,Inverno 2025,1,3022
2879,MENINA ANJO,I25,Inverno 2025,1,2644
2879,MENINA ANJO,V26,Verão 2026,3,5283
2902,KIKI,V26,Verão 2026,3,67074
2902,MENINA ANJO,V26,Verão 2026,3,3310
2913,KIKI,I25,Inverno 2025,1,9382
2913,KIKI,I26,Inverno 2026,4,5306
2913,KIKI,V26,Verão 2026,3,8595
2913,MENINA ANJO,I26,Inverno 2026,4,1681
2928,KIKI,V26,Verão 2026,3,11454
2930,KIKI,V26,Verão 2026,3,2345
2950,KIKI,V26,Verão 2026,3,2108
2950,MENINA ANJO,V26,Verão 2026,3,18317
2950,VALENT,V26,Verão 2026,3,7
2968,KIKI,I25,Inverno 2025,1,5074
2968,MENINA ANJO,I25,Inverno 2025,1,4498
2969,KIKI,I25,Inverno 2025,1,52452
2969,KIKI,I26,Inverno 2026,4,11422
2969,KIKI,V26,Verão 2026,3,18382
2969,MENINA ANJO,I25,Inverno 2025,1,4877
2969,MENINA ANJO,I26,Inverno 2026,4,15792
3054,KIKI,I25,Inverno 2025,1,8678
3054,KIKI,V26,Verão 2026,3,8955
3054,MENINA ANJO,V26,Verão 2026,3,5008
3058,KIKI,I25,Inverno 2025,1,2068
3063,KIKI,I25,Inverno 2025,1,21609
3063,KIKI,I26,Inverno 2026,4,7789
3063,KIKI,V26,Verão 2026,3,17018
3063,MENINA ANJO,I26,Inverno 2026,4,8003
3063,MENINA ANJO,V26,Verão 2026,3,5206
3067,KIKI,I25,Inverno 2025,1,21514
3067,KIKI,I26,Inverno 2026,4,15106
3067,KIKI,V26,Verão 2026,3,27012
3067,KIKI,V27,Verão 2027,6,1410802
3105,KIKI,I25,Inverno 2025,1,2378
3105,MENINA ANJO,I25,Inverno 2025,1,5490
3112,KIKI,I25,Inverno 2025,1,3
3112,KIKI,V26,Verão 2026,3,2094
3112,VALENT,V26,Verão 2026,3,3
3122,KIKI,I25,Inverno 2025,1,9119
3122,KIKI,V26,Verão 2026,3,266087
3125,KIKI,I25,Inverno 2025,1,6138
3125,KIKI,I26,Inverno 2026,4,1
3125,MENINA ANJO,I25,Inverno 2025,1,2894
3130,KIKI,I26,Inverno 2026,4,15177
3130,KIKI,T26,Tropical 2026,5,4230
3130,KIKI,V26,Verão 2026,3,11630
3130,MENINA ANJO,I26,Inverno 2026,4,5454
3130,MENINA ANJO,T26,Tropical 2026,5,4604
3130,MENINA ANJO,V26,Verão 2026,3,20124
3130,VALENT,I26,Inverno 2026,4,2914
3130,VALENT,V26,Verão 2026,3,2198
3144,KIKI,T25,Tropical 2025,2,4
3146,KIKI,I26,Inverno 2026,4,17
3146,KIKI,T25,Tropical 2025,2,5
3146,KIKI,T26,Tropical 2026,5,6
3146,KIKI,V26,Verão 2026,3,9342
3146,KIKI,V27,Verão 2027,6,2180
3146,MENINA ANJO,I25,Inverno 2025,1,36
3146,MENINA ANJO,V26,Verão 2026,3,7459
3146,VALENT,I26,Inverno 2026,4,8
3146,VALENT,V26,Verão 2026,3,6473
3149,KIKI,I25,Inverno 2025,1,7625
3149,KIKI,I26,Inverno 2026,4,9979
3149,KIKI,V26,Verão 2026,3,12412
3149,MENINA ANJO,I25,Inverno 2025,1,2818
3149,MENINA ANJO,I26,Inverno 2026,4,5177
3149,MENINA ANJO,V26,Verão 2026,3,2594
3149,VALENT,I26,Inverno 2026,4,280800
3161,KIKI,I25,Inverno 2025,1,2369
3161,MENINA ANJO,I26,Inverno 2026,4,520960
3171,KIKI,I25,Inverno 2025,1,13
3171,KIKI,I26,Inverno 2026,4,4
3171,KIKI,V26,Verão 2026,3,4
3171,MENINA ANJO,I25,Inverno 2025,1,12
3176,KIKI,I25,Inverno 2025,1,79485
3176,KIKI,I26,Inverno 2026,4,7355
3176,KIKI,V26,Verão 2026,3,17674
3176,MENINA ANJO,I25,Inverno 2025,1,16987
3176,MENINA ANJO,V26,Verão 2026,3,7
3205,KIKI,I25,Inverno 2025,1,18501
3205,KIKI,I26,Inverno 2026,4,5
3205,KIKI,V26,Verão 2026,3,7
3205,KIKI,V27,Verão 2027,6,560971
3205,MENINA ANJO,I25,Inverno 2025,1,9468
3216,KIKI,I25,Inverno 2025,1,34628
3216,KIKI,I26,Inverno 2026,4,10
3216,KIKI,V26,Verão 2026,3,221948
3216,MENINA ANJO,I25,Inverno 2025,1,10223
3216,MENINA ANJO,V26,Verão 2026,3,12063
3216,VALENT,V26,Verão 2026,3,9483
3225,MENINA ANJO,I25,Inverno 2025,1,12438
3238,KIKI,I25,Inverno 2025,1,5562
3238,KIKI,I26,Inverno 2026,4,8
3238,KIKI,V27,Verão 2027,6,2
3238,MENINA ANJO,I25,Inverno 2025,1,2878
3251,KIKI,I25,Inverno 2025,1,7799
3251,KIKI,I26,Inverno 2026,4,4
3251,KIKI,V26,Verão 2026,3,513289
3267,KIKI,I25,Inverno 2025,1,22432
3267,KIKI,I26,Inverno 2026,4,14536
3267,KIKI,V26,Verão 2026,3,23393
3267,KIKI,V27,Verão 2027,6,11174
3267,MENINA ANJO,I25,Inverno 2025,1,2216
3267,MENINA ANJO,I26,Inverno 2026,4,2698
3267,MENINA ANJO,V26,Verão 2026,3,8102
3296,KIKI,T25,Tropical 2025,2,2
3297,KIKI,I25,Inverno 2025,1,14729
3297,KIKI,V26,Verão 2026,3,2
3299,KIKI,I25,Inverno 2025,1,5076
3299,MENINA ANJO,I25,Inverno 2025,1,9494
3302,KIKI,I25,Inverno 2025,1,9206
3302,KIKI,V26,Verão 2026,3,513287
3302,MENINA ANJO,I26,Inverno 2026,4,520960
3302,VALENT,V26,Verão 2026,3,3
3311,KIKI,I25,Inverno 2025,1,3
3383,KIKI,V26,Verão 2026,3,164443
3383,VALENT,V26,Verão 2026,3,38891
3384,KIKI,V26,Verão 2026,3,40339
3384,MENINA ANJO,V26,Verão 2026,3,22639
3384,VALENT,V26,Verão 2026,3,10919
3410,KIKI,I26,Inverno 2026,4,91763
3410,KIKI,T26,Tropical 2026,5,13225
3410,KIKI,V26,Verão 2026,3,35062
3410,MENINA ANJO,I26,Inverno 2026,4,10913
3410,MENINA ANJO,T26,Tropical 2026,5,11414
3410,VALENT,V26,Verão 2026,3,16622
3431,KIKI,I26,Inverno 2026,4,5812
3431,KIKI,V26,Verão 2026,3,7947
3431,KIKI,V27,Verão 2027,6,8978
3431,VALENT,V26,Verão 2026,3,817
3431,VALENT,V27,Verão 2027,6,2613
3438,KIKI,I25,Inverno 2025,1,11815
3438,KIKI,I26,Inverno 2026,4,25316
3438,KIKI,V26,Verão 2026,3,11907
3438,MENINA ANJO,I25,Inverno 2025,1,25976
3438,MENINA ANJO,V26,Verão 2026,3,2536
3451,KIKI,V27,Verão 2027,6,2578
3452,KIKI,I25,Inverno 2025,1,3200
3452,KIKI,V26,Verão 2026,3,6496
3452,VALENT,V26,Verão 2026,3,2419
3465,KIKI,V26,Verão 2026,3,12782
3465,VALENT,V26,Verão 2026,3,12947
3478,KIKI,I26,Inverno 2026,4,11
3479,KIKI,V27,Verão 2027,6,134495
3480,KIKI,I25,Inverno 2025,1,7148
3480,KIKI,I26,Inverno 2026,4,7
3480,KIKI,V26,Verão 2026,3,5
3480,KIKI,V27,Verão 2027,6,1
3480,MENINA ANJO,I25,Inverno 2025,1,16644
3485,KIKI,V26,Verão 2026,3,79074
3485,KIKI,V27,Verão 2027,6,189340
3485,MENINA ANJO,V26,Verão 2026,3,21823
3485,MENINA ANJO,V27,Verão 2027,6,32662
3485,VALENT,V26,Verão 2026,3,27647
3485,VALENT,V27,Verão 2027,6,51635
3493,KIKI,I26,Inverno 2026,4,15425
3493,KIKI,V26,Verão 2026,3,13583
3493,KIKI,V27,Verão 2027,6,23276
3493,MENINA ANJO,I26,Inverno 2026,4,5544
3493,VALENT,I26,Inverno 2026,4,2914
3493,VALENT,V27,Verão 2027,6,1955
3501,KIKI,V26,Verão 2026,3,384962
3503,KIKI,V26,Verão 2026,3,513282
3516,KIKI,I25,Inverno 2025,1,3352
3516,KIKI,I26,Inverno 2026,4,18375
3516,KIKI,V26,Verão 2026,3,101935
3516,MENINA ANJO,I25,Inverno 2025,1,890
3516,MENINA ANJO,I26,Inverno 2026,4,2734
3516,MENINA ANJO,V26,Verão 2026,3,27070
3522,KIKI,I25,Inverno 2025,1,2231
3522,KIKI,V26,Verão 2026,3,2
3522,MENINA ANJO,I25,Inverno 2025,1,6768
3541,KIKI,I25,Inverno 2025,1,2234
3541,KIKI,I26,Inverno 2026,4,532017
3541,KIKI,V26,Verão 2026,3,7660
3541,MENINA ANJO,I25,Inverno 2025,1,12110
3541,MENINA ANJO,I26,Inverno 2026,4,6754
3541,MENINA ANJO,V26,Verão 2026,3,13219
3551,KIKI,I25,Inverno 2025,1,5
3551,MENINA ANJO,I25,Inverno 2025,1,3965
3551,MENINA ANJO,I26,Inverno 2026,4,520960
3565,KIKI,I25,Inverno 2025,1,60820
3565,KIKI,I26,Inverno 2026,4,527725
3565,KIKI,V26,Verão 2026,3,5920
3565,MENINA ANJO,I25,Inverno 2025,1,17251
3565,MENINA ANJO,V26,Verão 2026,3,13516
3572,KIKI,I25,Inverno 2025,1,12103
3572,KIKI,I26,Inverno 2026,4,7702
3572,KIKI,V26,Verão 2026,3,21634
3572,KIKI,V27,Verão 2027,6,939445
3572,MENINA ANJO,I25,Inverno 2025,1,8192
3572,MENINA ANJO,V26,Verão 2026,3,5126
3578,KIKI,I25,Inverno 2025,1,6400
3578,KIKI,I26,Inverno 2026,4,4
3578,KIKI,V26,Verão 2026,3,7900
3578,MENINA ANJO,I25,Inverno 2025,1,5222
3585,KIKI,I25,Inverno 2025,1,6
3585,KIKI,I26,Inverno 2026,4,5
3585,KIKI,V26,Verão 2026,3,3
3606,KIKI,V26,Verão 2026,3,772397
3606,MENINA ANJO,V26,Verão 2026,3,151800
3610,KIKI,I25,Inverno 2025,1,10058
3610,KIKI,T25,Tropical 2025,2,1537
3610,KIKI,V26,Verão 2026,3,5684
3610,MENINA ANJO,I25,Inverno 2025,1,2644
3610,MENINA ANJO,T25,Tropical 2025,2,2473
3610,MENINA ANJO,V26,Verão 2026,3,2936
3610,VALENT,V26,Verão 2026,3,2338
3611,KIKI,I25,Inverno 2025,1,8500
3611,KIKI,V26,Verão 2026,3,2108
3611,MENINA ANJO,I25,Inverno 2025,1,3141
3611,MENINA ANJO,V26,Verão 2026,3,9999
3636,KIKI,I26,Inverno 2026,4,5
3636,KIKI,V26,Verão 2026,3,4
3644,KIKI,I25,Inverno 2025,1,6
3644,KIKI,I26,Inverno 2026,4,7
3644,KIKI,V26,Verão 2026,3,3306
3644,MENINA ANJO,I25,Inverno 2025,1,6547
3691,KIKI,I25,Inverno 2025,1,37638
3691,KIKI,V26,Verão 2026,3,25449
3691,MENINA ANJO,I25,Inverno 2025,1,4946
3692,KIKI,I26,Inverno 2026,4,2
3692,KIKI,V26,Verão 2026,3,4
3692,MENINA ANJO,I25,Inverno 2025,1,10
3696,KIKI,T25,Tropical 2025,2,3
3704,MENINA ANJO,I25,Inverno 2025,1,7
3709,KIKI,I25,Inverno 2025,1,9971
3709,KIKI,I26,Inverno 2026,4,5
3709,KIKI,V26,Verão 2026,3,8
3709,VALENT,V26,Verão 2026,3,5
3712,KIKI,I25,Inverno 2025,1,12319
3712,KIKI,I26,Inverno 2026,4,16902
3712,KIKI,V26,Verão 2026,3,20316
3712,KIKI,V27,Verão 2027,6,534130
3712,MENINA ANJO,I25,Inverno 2025,1,18997
3712,MENINA ANJO,I26,Inverno 2026,4,4572
3712,MENINA ANJO,V26,Verão 2026,3,21933
3712,MENINA ANJO,V27,Verão 2027,6,6784
3715,KIKI,I25,Inverno 2025,1,7697
3715,KIKI,I26,Inverno 2026,4,16902
3715,KIKI,V26,Verão 2026,3,20322
3715,KIKI,V27,Verão 2027,6,540288
3715,MENINA ANJO,I25,Inverno 2025,1,21514
3715,MENINA ANJO,I26,Inverno 2026,4,19064
3715,MENINA ANJO,V26,Verão 2026,3,19402
3715,MENINA ANJO,V27,Verão 2027,6,21600
3716,KIKI,V26,Verão 2026,3,2315
3716,KIKI,V27,Verão 2027,6,525900
3718,KIKI,V26,Verão 2026,3,2221
3720,KIKI,I26,Inverno 2026,4,3265
3720,KIKI,V27,Verão 2027,6,1761492
3720,MENINA ANJO,V27,Verão 2027,6,7
3720,VALENT,V27,Verão 2027,6,4100
3721,KIKI,I26,Inverno 2026,4,3265
3721,KIKI,V27,Verão 2027,6,1761492
3721,MENINA ANJO,V27,Verão 2027,6,7
3721,VALENT,V27,Verão 2027,6,4100
3730,KIKI,I25,Inverno 2025,1,11143
3730,KIKI,V26,Verão 2026,3,2
3731,KIKI,I25,Inverno 2025,1,11476
3731,KIKI,I26,Inverno 2026,4,7
3731,KIKI,V26,Verão 2026,3,532165
3731,KIKI,V27,Verão 2027,6,518720
3731,MENINA ANJO,I25,Inverno 2025,1,3549
3731,MENINA ANJO,I26,Inverno 2026,4,520960
3731,MENINA ANJO,V26,Verão 2026,3,4
3731,MENINA ANJO,V27,Verão 2027,6,558720
3731,VALENT,I26,Inverno 2026,4,11
3735,KIKI,V26,Verão 2026,3,3927
3744,KIKI,V26,Verão 2026,3,3927
3749,KIKI,V26,Verão 2026,3,17708
3749,VALENT,V26,Verão 2026,3,1522
3750,KIKI,I25,Inverno 2025,1,100920
3750,KIKI,I26,Inverno 2026,4,40523
3750,KIKI,V26,Verão 2026,3,197080
3752,KIKI,I25,Inverno 2025,1,735566
3752,KIKI,I26,Inverno 2026,4,276718
3752,KIKI,V26,Verão 2026,3,151
3752,KIKI,V27,Verão 2027,6,1311510
3752,MENINA ANJO,I25,Inverno 2025,1,519178
3752,MENINA ANJO,I26,Inverno 2026,4,108320
3752,MENINA ANJO,V26,Verão 2026,3,141
3752,MENINA ANJO,V27,Verão 2027,6,301592
3752,VALENT,V26,Verão 2026,3,189
3753,KIKI,V26,Verão 2026,3,28253
3753,VALENT,V26,Verão 2026,3,1522
3761,KIKI,V26,Verão 2026,3,21627
3761,VALENT,V26,Verão 2026,3,1522
3768,KIKI,I26,Inverno 2026,4,16788
3768,MENINA ANJO,I26,Inverno 2026,4,5
3773,KIKI,I25,Inverno 2025,1,4202
3773,KIKI,I26,Inverno 2026,4,7835
3773,KIKI,V26,Verão 2026,3,1702
3773,MENINA ANJO,I25,Inverno 2025,1,3203
3773,MENINA ANJO,I26,Inverno 2026,4,949
3773,VALENT,V26,Verão 2026,3,2973
3784,KIKI,I25,Inverno 2025,1,41404
3784,KIKI,I26,Inverno 2026,4,531865
3784,KIKI,V26,Verão 2026,3,27212
3784,KIKI,V27,Verão 2027,6,21033
3784,MENINA ANJO,I25,Inverno 2025,1,35593
3784,MENINA ANJO,I26,Inverno 2026,4,2158
3784,VALENT,I26,Inverno 2026,4,1089623
3784,VALENT,V27,Verão 2027,6,13365
3790,KIKI,V26,Verão 2026,3,16146
3791,KIKI,V26,Verão 2026,3,16418
3791,MENINA ANJO,V26,Verão 2026,3,2536
3791,VALENT,V26,Verão 2026,3,6901
3792,KIKI,I25,Inverno 2025,1,11230
3792,KIKI,I26,Inverno 2026,4,20769
3792,KIKI,V26,Verão 2026,3,29183
3792,MENINA ANJO,I26,Inverno 2026,4,2401
3792,MENINA ANJO,V26,Verão 2026,3,17843
3792,VALENT,I26,Inverno 2026,4,17265
3792,VALENT,V26,Verão 2026,3,17423
3804,KIKI,T26,Tropical 2026,5,22833
3823,KIKI,I25,Inverno 2025,1,62899
3823,KIKI,I26,Inverno 2026,4,3866
3823,KIKI,V26,Verão 2026,3,2275
3823,MENINA ANJO,I25,Inverno 2025,1,26943
3823,MENINA ANJO,I26,Inverno 2026,4,2846
3823,MENINA ANJO,V27,Verão 2027,6,2684
3830,KIKI,I25,Inverno 2025,1,6
3830,KIKI,I26,Inverno 2026,4,3
3830,KIKI,V27,Verão 2027,6,6
3830,MENINA ANJO,I25,Inverno 2025,1,7
3833,KIKI,I25,Inverno 2025,1,3
3847,KIKI,I25,Inverno 2025,1,2315
3851,KIKI,V26,Verão 2026,3,2227
3861,KIKI,V26,Verão 2026,3,2389
3878,KIKI,V26,Verão 2026,3,513280
3880,KIKI,I25,Inverno 2025,1,11917
3880,KIKI,I26,Inverno 2026,4,13129
3880,KIKI,V26,Verão 2026,3,9818
3880,KIKI,V27,Verão 2027,6,1313130
3890,KIKI,I26,Inverno 2026,4,534363
3890,KIKI,V26,Verão 2026,3,14522
3910,KIKI,V26,Verão 2026,3,798256
3910,KIKI,V27,Verão 2027,6,518727
3910,VALENT,V26,Verão 2026,3,3
3921,KIKI,V26,Verão 2026,3,55277
3921,MENINA ANJO,V26,Verão 2026,3,4106
3921,VALENT,V26,Verão 2026,3,16674
3930,KIKI,V26,Verão 2026,3,24872
3943,KIKI,I25,Inverno 2025,1,12140
3943,KIKI,I26,Inverno 2026,4,13018
3943,KIKI,V26,Verão 2026,3,20576
3943,KIKI,V27,Verão 2027,6,30915
3943,MENINA ANJO,I25,Inverno 2025,1,16462
3943,MENINA ANJO,I26,Inverno 2026,4,5
3943,MENINA ANJO,V27,Verão 2027,6,6406
3963,KIKI,V26,Verão 2026,3,9328
3963,KIKI,V27,Verão 2027,6,16564
3963,VALENT,V26,Verão 2026,3,16
3963,VALENT,V27,Verão 2027,6,17103
3966,KIKI,V26,Verão 2026,3,32
3967,KIKI,V26,Verão 2026,3,32
3979,KIKI,I25,Inverno 2025,1,2450
3979,KIKI,I26,Inverno 2026,4,6602
3979,MENINA ANJO,I25,Inverno 2025,1,11619
3979,MENINA ANJO,I26,Inverno 2026,4,2990
3979,MENINA ANJO,V26,Verão 2026,3,4131
3979,MENINA ANJO,V27,Verão 2027,6,15246
3992,KIKI,I25,Inverno 2025,1,11
3992,KIKI,V26,Verão 2026,3,912400
3992,MENINA ANJO,I25,Inverno 2025,1,4
3992,VALENT,V26,Verão 2026,3,1
4011,KIKI,I26,Inverno 2026,4,45747
4011,KIKI,V26,Verão 2026,3,50469
4011,MENINA ANJO,I26,Inverno 2026,4,11632
4011,MENINA ANJO,V26,Verão 2026,3,5152
4029,KIKI,I25,Inverno 2025,1,23548
4029,KIKI,V26,Verão 2026,3,12491
4035,KIKI,I25,Inverno 2025,1,6400
4035,MENINA ANJO,I25,Inverno 2025,1,5222
4036,KIKI,I25,Inverno 2025,1,8129
4036,KIKI,I26,Inverno 2026,4,4
4036,KIKI,V26,Verão 2026,3,3
4036,KIKI,V27,Verão 2027,6,558720
4049,KIKI,I25,Inverno 2025,1,12358
4049,KIKI,V26,Verão 2026,3,21157
4051,KIKI,I25,Inverno 2025,1,3662
4051,KIKI,I26,Inverno 2026,4,3
4055,KIKI,I25,Inverno 2025,1,37
4055,KIKI,I26,Inverno 2026,4,1045200
4055,KIKI,V26,Verão 2026,3,32
4055,VALENT,I26,Inverno 2026,4,1198819
4055,VALENT,V27,Verão 2027,6,6
4061,KIKI,I25,Inverno 2025,1,16351
4061,KIKI,V26,Verão 2026,3,10161
4061,KIKI,V27,Verão 2027,6,5
4061,MENINA ANJO,I25,Inverno 2025,1,7
4071,KIKI,I25,Inverno 2025,1,6255
4071,KIKI,I26,Inverno 2026,4,3
4071,MENINA ANJO,I25,Inverno 2025,1,3057
4071,MENINA ANJO,I26,Inverno 2026,4,390720
4071,VALENT,V26,Verão 2026,3,5
4082,KIKI,V27,Verão 2027,6,1
4082,MENINA ANJO,I26,Inverno 2026,4,390720
4088,KIKI,I25,Inverno 2025,1,15430
4088,MENINA ANJO,I25,Inverno 2025,1,18664
4088,MENINA ANJO,V26,Verão 2026,3,5939
4092,KIKI,I25,Inverno 2025,1,3694
4108,KIKI,I25,Inverno 2025,1,39510
4108,KIKI,I26,Inverno 2026,4,5
4108,KIKI,V26,Verão 2026,3,2
4108,KIKI,V27,Verão 2027,6,1186569
4108,MENINA ANJO,I25,Inverno 2025,1,7125
4108,VALENT,V27,Verão 2027,6,2
4114,MENINA ANJO,V26,Verão 2026,3,5801
4119,KIKI,I25,Inverno 2025,1,11639
4119,KIKI,I26,Inverno 2026,4,4869
4119,KIKI,V26,Verão 2026,3,4383
4119,MENINA ANJO,I25,Inverno 2025,1,15708
4119,VALENT,V26,Verão 2026,3,2158
4120,KIKI,I26,Inverno 2026,4,1050537
4120,KIKI,V26,Verão 2026,3,2090
4120,MENINA ANJO,I25,Inverno 2025,1,7
4133,KIKI,I25,Inverno 2025,1,20246
4133,KIKI,V26,Verão 2026,3,10811
4133,MENINA ANJO,I25,Inverno 2025,1,6855
4134,KIKI,V26,Verão 2026,3,2
4134,KIKI,V27,Verão 2027,6,669525
4134,VALENT,V26,Verão 2026,3,3
4137,KIKI,V26,Verão 2026,3,14252
4137,KIKI,V27,Verão 2027,6,19548
4137,MENINA ANJO,V26,Verão 2026,3,2473
4137,MENINA ANJO,V27,Verão 2027,6,5018
4146,KIKI,I25,Inverno 2025,1,24974
4146,KIKI,I26,Inverno 2026,4,1501
4146,KIKI,V26,Verão 2026,3,15528
4146,KIKI,V27,Verão 2027,6,21961
4146,MENINA ANJO,I25,Inverno 2025,1,8615
4146,MENINA ANJO,V26,Verão 2026,3,20285
4146,VALENT,V26,Verão 2026,3,4824
4146,VALENT,V27,Verão 2027,6,5499
4148,KIKI,I26,Inverno 2026,4,1988
4148,KIKI,V26,Verão 2026,3,19076
4148,KIKI,V27,Verão 2027,6,138874
4172,KIKI,I25,Inverno 2025,1,26139
4172,KIKI,I26,Inverno 2026,4,525865
4172,KIKI,V26,Verão 2026,3,27742
4172,KIKI,V27,Verão 2027,6,24453
4172,MENINA ANJO,I25,Inverno 2025,1,8701
4172,MENINA ANJO,I26,Inverno 2026,4,6480
4172,MENINA ANJO,V26,Verão 2026,3,15120
4172,MENINA ANJO,V27,Verão 2027,6,9105
4172,VALENT,V26,Verão 2026,3,5040
4172,VALENT,V27,Verão 2027,6,11045
4176,KIKI,I25,Inverno 2025,1,5600
4176,KIKI,I26,Inverno 2026,4,5749
4176,KIKI,V26,Verão 2026,3,4500
4176,KIKI,V27,Verão 2027,6,854
4176,MENINA ANJO,I26,Inverno 2026,4,2693
4176,MENINA ANJO,V26,Verão 2026,3,2855
4176,MENINA ANJO,V27,Verão 2027,6,2815
4176,VALENT,V26,Verão 2026,3,9927
4195,KIKI,I25,Inverno 2025,1,100920
4195,KIKI,I26,Inverno 2026,4,77098
4195,KIKI,V26,Verão 2026,3,237841
4195,MENINA ANJO,I25,Inverno 2025,1,37192
4195,MENINA ANJO,V26,Verão 2026,3,44562
4214,KIKI,I26,Inverno 2026,4,5044
4214,KIKI,T26,Tropical 2026,5,8636
4214,KIKI,V26,Verão 2026,3,71913
4214,MENINA ANJO,V26,Verão 2026,3,15966
4219,KIKI,I25,Inverno 2025,1,4888
4219,KIKI,V26,Verão 2026,3,532160
4219,KIKI,V27,Verão 2027,6,1230005
4219,VALENT,V26,Verão 2026,3,3
4223,KIKI,V26,Verão 2026,3,16706
4223,MENINA ANJO,V26,Verão 2026,3,4226
4223,VALENT,V26,Verão 2026,3,2419
4229,KIKI,V26,Verão 2026,3,5
4229,MENINA ANJO,I25,Inverno 2025,1,5096
4229,MENINA ANJO,I26,Inverno 2026,4,520960
4261,KIKI,I25,Inverno 2025,1,6584
4261,KIKI,V26,Verão 2026,3,2
4261,MENINA ANJO,I26,Inverno 2026,4,260480
4261,VALENT,V26,Verão 2026,3,3
4263,KIKI,I25,Inverno 2025,1,16475
4263,KIKI,I26,Inverno 2026,4,1055618
4263,KIKI,V26,Verão 2026,3,11698
4263,KIKI,V27,Verão 2027,6,28683
4263,MENINA ANJO,I25,Inverno 2025,1,15201
4263,MENINA ANJO,I26,Inverno 2026,4,10
4263,MENINA ANJO,V26,Verão 2026,3,7
4263,MENINA ANJO,V27,Verão 2027,6,15069
4263,VALENT,V26,Verão 2026,3,6
4263,VALENT,V27,Verão 2027,6,5175
4266,KIKI,V26,Verão 2026,3,4154
4270,KIKI,I25,Inverno 2025,1,58937
4270,KIKI,I26,Inverno 2026,4,10
4270,KIKI,V26,Verão 2026,3,532173
4270,KIKI,V27,Verão 2027,6,1622413
4278,KIKI,V26,Verão 2026,3,71429
4278,MENINA ANJO,V26,Verão 2026,3,8029
4278,VALENT,V26,Verão 2026,3,18521
4284,KIKI,V26,Verão 2026,3,384962
4294,KIKI,V26,Verão 2026,3,12158
4294,MENINA ANJO,V26,Verão 2026,3,2531
4306,KIKI,I25,Inverno 2025,1,11181
4306,KIKI,I26,Inverno 2026,4,5
4306,KIKI,V26,Verão 2026,3,6
4306,KIKI,V27,Verão 2027,6,1771
4315,KIKI,I25,Inverno 2025,1,11312
4315,KIKI,V26,Verão 2026,3,135346
4315,MENINA ANJO,I25,Inverno 2025,1,6732
4315,MENINA ANJO,V26,Verão 2026,3,13
4315,VALENT,V26,Verão 2026,3,65714
4319,KIKI,I25,Inverno 2025,1,7614
4319,KIKI,I26,Inverno 2026,4,19673
4319,KIKI,T26,Tropical 2026,5,4421
4319,VALENT,I26,Inverno 2026,4,6451
4333,KIKI,I25,Inverno 2025,1,9158
4333,KIKI,I26,Inverno 2026,4,527824
4333,KIKI,V26,Verão 2026,3,34610
4333,VALENT,V26,Verão 2026,3,6
4355,KIKI,I25,Inverno 2025,1,2
4355,KIKI,V26,Verão 2026,3,256640
4374,KIKI,I26,Inverno 2026,4,12419
4374,KIKI,V26,Verão 2026,3,10828
4374,VALENT,I26,Inverno 2026,4,3485
4374,VALENT,V26,Verão 2026,3,12
4378,KIKI,I25,Inverno 2025,1,13912
4378,KIKI,I26,Inverno 2026,4,18946
4378,KIKI,V26,Verão 2026,3,14971
4378,MENINA ANJO,I25,Inverno 2025,1,2000
4382,KIKI,I25,Inverno 2025,1,12326
4382,KIKI,V26,Verão 2026,3,1145
4382,MENINA ANJO,I25,Inverno 2025,1,8577
4382,MENINA ANJO,V26,Verão 2026,3,8960
4443,KIKI,I25,Inverno 2025,1,8228
4443,KIKI,V26,Verão 2026,3,6314
4444,KIKI,I25,Inverno 2025,1,9236
4471,KIKI,T26,Tropical 2026,5,1928
4471,KIKI,V26,Verão 2026,3,6586
4471,VALENT,T26,Tropical 2026,5,2180
4536,KIKI,I25,Inverno 2025,1,9238
4536,KIKI,I26,Inverno 2026,4,7
4536,KIKI,V26,Verão 2026,3,513280
4536,VALENT,V26,Verão 2026,3,3
4538,KIKI,I25,Inverno 2025,1,5171
4538,KIKI,I26,Inverno 2026,4,14
4538,KIKI,V26,Verão 2026,3,1026582
4538,MENINA ANJO,I25,Inverno 2025,1,14183
4538,MENINA ANJO,I26,Inverno 2026,4,1172160
4538,MENINA ANJO,V26,Verão 2026,3,11
4565,KIKI,I25,Inverno 2025,1,17541
4565,KIKI,V26,Verão 2026,3,4
4565,MENINA ANJO,I25,Inverno 2025,1,3838
4565,VALENT,I26,Inverno 2026,4,587840
4569,KIKI,I25,Inverno 2025,1,4136
4569,KIKI,V26,Verão 2026,3,513282
4571,KIKI,V26,Verão 2026,3,3488
4571,MENINA ANJO,V26,Verão 2026,3,4
4575,KIKI,I25,Inverno 2025,1,7468
4575,KIKI,I26,Inverno 2026,4,5236
4575,KIKI,V26,Verão 2026,3,19804
4575,KIKI,V27,Verão 2027,6,12165
4575,MENINA ANJO,I26,Inverno 2026,4,2684
4577,KIKI,I26,Inverno 2026,4,2675
4577,KIKI,V26,Verão 2026,3,6
4615,KIKI,T25,Tropical 2025,2,6
4623,KIKI,V26,Verão 2026,3,18
4623,KIKI,V27,Verão 2027,6,20
4632,KIKI,I25,Inverno 2025,1,2387
4632,KIKI,I26,Inverno 2026,4,16124
4632,KIKI,V26,Verão 2026,3,4426
4632,KIKI,V27,Verão 2027,6,6308
4632,MENINA ANJO,V26,Verão 2026,3,5288
4632,VALENT,I26,Inverno 2026,4,10902
4633,KIKI,I25,Inverno 2025,1,2387
4633,KIKI,I26,Inverno 2026,4,16124
4633,KIKI,V26,Verão 2026,3,2097
4633,KIKI,V27,Verão 2027,6,13594
4633,MENINA ANJO,V26,Verão 2026,3,5288
4633,VALENT,I26,Inverno 2026,4,10902
4644,KIKI,I25,Inverno 2025,1,2243
4644,KIKI,I26,Inverno 2026,4,18015
4644,KIKI,V26,Verão 2026,3,17689
4644,KIKI,V27,Verão 2027,6,13837
4644,MENINA ANJO,I25,Inverno 2025,1,6151
4644,MENINA ANJO,V26,Verão 2026,3,12676
4644,MENINA ANJO,V27,Verão 2027,6,961
4663,KIKI,I25,Inverno 2025,1,18654
4663,KIKI,I26,Inverno 2026,4,28298
4663,KIKI,V26,Verão 2026,3,33102
4663,KIKI,V27,Verão 2027,6,20289
4663,MENINA ANJO,I25,Inverno 2025,1,5850
4663,MENINA ANJO,I26,Inverno 2026,4,5540
4663,MENINA ANJO,V26,Verão 2026,3,2936
4663,MENINA ANJO,V27,Verão 2027,6,2774
4669,KIKI,I25,Inverno 2025,1,2
4669,KIKI,V26,Verão 2026,3,532162
4669,MENINA ANJO,I26,Inverno 2026,4,520960
4669,MENINA ANJO,V26,Verão 2026,3,4
4669,VALENT,V26,Verão 2026,3,3
4675,KIKI,I26,Inverno 2026,4,9009
4675,KIKI,T26,Tropical 2026,5,1933
4675,KIKI,V26,Verão 2026,3,10501
4675,MENINA ANJO,I25,Inverno 2025,1,8
4675,VALENT,I26,Inverno 2026,4,2914
4675,VALENT,V26,Verão 2026,3,5
4688,KIKI,I25,Inverno 2025,1,4430
4688,KIKI,V26,Verão 2026,3,3560
4688,MENINA ANJO,I25,Inverno 2025,1,8908
4688,VALENT,V26,Verão 2026,3,4576
4690,KIKI,I26,Inverno 2026,4,2549
4690,KIKI,V26,Verão 2026,3,2329
4697,KIKI,I25,Inverno 2025,1,4671
4697,KIKI,V26,Verão 2026,3,11651
4698,KIKI,I25,Inverno 2025,1,33808
4698,KIKI,I26,Inverno 2026,4,545171
4698,KIKI,V26,Verão 2026,3,23844
4698,MENINA ANJO,I25,Inverno 2025,1,1991
4698,MENINA ANJO,V26,Verão 2026,3,8756
4698,VALENT,I26,Inverno 2026,4,426505
4698,VALENT,V26,Verão 2026,3,2405
4705,KIKI,I25,Inverno 2025,1,27133
4705,KIKI,I26,Inverno 2026,4,27448
4705,KIKI,V26,Verão 2026,3,15066
4705,MENINA ANJO,I26,Inverno 2026,4,9508
4705,MENINA ANJO,V26,Verão 2026,3,24582
4716,KIKI,I25,Inverno 2025,1,13687
4716,KIKI,I26,Inverno 2026,4,6329
4716,KIKI,V26,Verão 2026,3,10276
4716,MENINA ANJO,V26,Verão 2026,3,12404
4725,KIKI,I26,Inverno 2026,4,2549
4725,KIKI,V26,Verão 2026,3,13
4729,KIKI,I25,Inverno 2025,1,2450
4729,KIKI,V26,Verão 2026,3,5
4730,KIKI,I25,Inverno 2025,1,2774
4730,KIKI,I26,Inverno 2026,4,3
4730,KIKI,V26,Verão 2026,3,13070
4730,KIKI,V27,Verão 2027,6,4
4730,MENINA ANJO,V26,Verão 2026,3,2936
4743,KIKI,I25,Inverno 2025,1,5161
4744,KIKI,I25,Inverno 2025,1,19051
4744,KIKI,V27,Verão 2027,6,1
4744,MENINA ANJO,I25,Inverno 2025,1,3885
4774,KIKI,V27,Verão 2027,6,1303689
4775,KIKI,I26,Inverno 2026,4,12849
4775,KIKI,V26,Verão 2026,3,43628
4775,VALENT,I26,Inverno 2026,4,561600
4794,KIKI,I25,Inverno 2025,1,20463
4794,KIKI,V26,Verão 2026,3,2
4794,KIKI,V27,Verão 2027,6,140244
4794,MENINA ANJO,I25,Inverno 2025,1,2648
4798,KIKI,I25,Inverno 2025,1,43165
4798,KIKI,I26,Inverno 2026,4,40267
4798,KIKI,V26,Verão 2026,3,29772
4798,KIKI,V27,Verão 2027,6,18328
4798,MENINA ANJO,I25,Inverno 2025,1,20598
4798,MENINA ANJO,I26,Inverno 2026,4,2700
4798,MENINA ANJO,V26,Verão 2026,3,9993
4798,MENINA ANJO,V27,Verão 2027,6,3114
4798,VALENT,V26,Verão 2026,3,5187
4813,KIKI,V26,Verão 2026,3,25172
4813,MENINA ANJO,V26,Verão 2026,3,9981
4819,KIKI,I25,Inverno 2025,1,32382
4819,KIKI,I26,Inverno 2026,4,42557
4819,KIKI,T25,Tropical 2025,2,15
4819,KIKI,V26,Verão 2026,3,34
4819,KIKI,V27,Verão 2027,6,31617
4825,KIKI,I26,Inverno 2026,4,7
4825,KIKI,V26,Verão 2026,3,513284
4825,KIKI,V27,Verão 2027,6,518720
4825,VALENT,V26,Verão 2026,3,593280
4828,KIKI,I25,Inverno 2025,1,5254
4828,KIKI,I26,Inverno 2026,4,2549
4828,KIKI,V26,Verão 2026,3,5573
4828,KIKI,V27,Verão 2027,6,161687
4828,VALENT,V27,Verão 2027,6,2
4842,KIKI,I25,Inverno 2025,1,4
4842,KIKI,I26,Inverno 2026,4,5
4842,KIKI,V26,Verão 2026,3,256641
4842,KIKI,V27,Verão 2027,6,5
4842,VALENT,V27,Verão 2027,6,2
4847,KIKI,V26,Verão 2026,3,115131
4847,MENINA ANJO,V26,Verão 2026,3,51138
4847,VALENT,V26,Verão 2026,3,50174
4848,KIKI,I25,Inverno 2025,1,6578
4848,KIKI,I26,Inverno 2026,4,23729
4848,KIKI,T25,Tropical 2025,2,7572
4848,KIKI,V26,Verão 2026,3,20452
4848,KIKI,V27,Verão 2027,6,17098
4848,MENINA ANJO,I25,Inverno 2025,1,23
4848,MENINA ANJO,I26,Inverno 2026,4,11652
4848,MENINA ANJO,V26,Verão 2026,3,10804
4848,MENINA ANJO,V27,Verão 2027,6,1069200
4848,VALENT,V26,Verão 2026,3,10773
4848,VALENT,V27,Verão 2027,6,6190
4860,KIKI,I26,Inverno 2026,4,2495
4860,KIKI,V26,Verão 2026,3,9994
4860,MENINA ANJO,I26,Inverno 2026,4,2383
4860,MENINA ANJO,V26,Verão 2026,3,4810
4862,KIKI,V26,Verão 2026,3,3879
4863,MENINA ANJO,V26,Verão 2026,3,2675
4865,KIKI,V26,Verão 2026,3,2204
4866,KIKI,I26,Inverno 2026,4,5224
4866,KIKI,V26,Verão 2026,3,4306
4866,MENINA ANJO,V26,Verão 2026,3,2567
4866,VALENT,V26,Verão 2026,3,9
4876,KIKI,I26,Inverno 2026,4,4851
4876,KIKI,V26,Verão 2026,3,4590
4876,KIKI,V27,Verão 2027,6,11378
4876,MENINA ANJO,V27,Verão 2027,6,515400
4876,VALENT,V27,Verão 2027,6,38846
4877,KIKI,I26,Inverno 2026,4,1501
4877,KIKI,V26,Verão 2026,3,2113
4877,MENINA ANJO,V26,Verão 2026,3,5090
4877,VALENT,V26,Verão 2026,3,2158
4879,KIKI,I25,Inverno 2025,1,8885
4879,KIKI,I26,Inverno 2026,4,2630
4879,MENINA ANJO,I25,Inverno 2025,1,11754
4879,MENINA ANJO,V26,Verão 2026,3,5292
4888,KIKI,I25,Inverno 2025,1,25525
4888,KIKI,V26,Verão 2026,3,518000
4888,MENINA ANJO,I25,Inverno 2025,1,15769
4888,MENINA ANJO,I26,Inverno 2026,4,390720
4888,VALENT,I26,Inverno 2026,4,3
4888,VALENT,V26,Verão 2026,3,3
4910,KIKI,I25,Inverno 2025,1,17122
4910,KIKI,I26,Inverno 2026,4,3
4910,KIKI,V26,Verão 2026,3,1178484
4910,MENINA ANJO,I25,Inverno 2025,1,3218
4912,KIKI,I25,Inverno 2025,1,19434
4912,KIKI,I26,Inverno 2026,4,385290
4912,KIKI,V26,Verão 2026,3,2
4912,MENINA ANJO,I25,Inverno 2025,1,6678
4926,KIKI,I25,Inverno 2025,1,15092
4926,MENINA ANJO,I25,Inverno 2025,1,11076
4927,KIKI,V27,Verão 2027,6,530504
4927,VALENT,V27,Verão 2027,6,3292
4936,KIKI,I25,Inverno 2025,1,13550
4936,KIKI,I26,Inverno 2026,4,1501
4936,KIKI,V26,Verão 2026,3,11725
4936,MENINA ANJO,I25,Inverno 2025,1,16497
4936,VALENT,I26,Inverno 2026,4,1078500
4936,VALENT,V27,Verão 2027,6,4491
4938,KIKI,V26,Verão 2026,3,93398
4938,MENINA ANJO,V26,Verão 2026,3,22463
4938,VALENT,V26,Verão 2026,3,868005
4945,KIKI,V26,Verão 2026,3,30171
4945,MENINA ANJO,I25,Inverno 2025,1,26856
4945,MENINA ANJO,V26,Verão 2026,3,8370
4951,KIKI,I25,Inverno 2025,1,8612
4951,KIKI,I26,Inverno 2026,4,7400
4951,KIKI,V26,Verão 2026,3,8986
4951,KIKI,V27,Verão 2027,6,21847
4951,MENINA ANJO,V26,Verão 2026,3,4144
4991,KIKI,V26,Verão 2026,3,6441
4991,MENINA ANJO,V26,Verão 2026,3,5288
4991,VALENT,V26,Verão 2026,3,2158
5004,KIKI,V26,Verão 2026,3,4684
5004,MENINA ANJO,I25,Inverno 2025,1,3
5004,MENINA ANJO,V26,Verão 2026,3,2536
5015,KIKI,V26,Verão 2026,3,13545
5015,MENINA ANJO,V26,Verão 2026,3,5146
5015,VALENT,V26,Verão 2026,3,4011
5035,KIKI,V26,Verão 2026,3,4
5036,KIKI,I25,Inverno 2025,1,16516
5036,MENINA ANJO,I25,Inverno 2025,1,4213
5045,KIKI,I25,Inverno 2025,1,11078
5045,KIKI,I26,Inverno 2026,4,3193
5045,KIKI,V26,Verão 2026,3,7081
5045,MENINA ANJO,I25,Inverno 2025,1,8624
5045,VALENT,V26,Verão 2026,3,2158
5053,KIKI,V26,Verão 2026,3,12
5053,KIKI,V27,Verão 2027,6,5895
5055,KIKI,I25,Inverno 2025,1,14
5055,KIKI,V26,Verão 2026,3,31
5055,KIKI,V27,Verão 2027,6,12400
5055,MENINA ANJO,I25,Inverno 2025,1,36885
5055,MENINA ANJO,V27,Verão 2027,6,938
5055,VALENT,V26,Verão 2026,3,13
5055,VALENT,V27,Verão 2027,6,12
5057,KIKI,V26,Verão 2026,3,12
5057,KIKI,V27,Verão 2027,6,5895
5058,KIKI,V26,Verão 2026,3,12
5058,KIKI,V27,Verão 2027,6,41693
5058,VALENT,V27,Verão 2027,6,33495
5066,KIKI,I26,Inverno 2026,4,14426
5066,KIKI,T26,Tropical 2026,5,18522
5066,KIKI,V26,Verão 2026,3,15288
5066,VALENT,V26,Verão 2026,3,5
5070,KIKI,V26,Verão 2026,3,6
5096,KIKI,I26,Inverno 2026,4,2830817
5096,KIKI,V26,Verão 2026,3,167
5096,MENINA ANJO,I26,Inverno 2026,4,130671
5096,VALENT,I26,Inverno 2026,4,638827
5101,KIKI,I25,Inverno 2025,1,2
5103,KIKI,I25,Inverno 2025,1,19287
5103,KIKI,I26,Inverno 2026,4,1057735
5103,KIKI,V26,Verão 2026,3,6532
5103,VALENT,I26,Inverno 2026,4,1081414
5103,VALENT,V26,Verão 2026,3,7396
5104,KIKI,V26,Verão 2026,3,4
5105,KIKI,I25,Inverno 2025,1,8724
5105,KIKI,V26,Verão 2026,3,3
5105,VALENT,V26,Verão 2026,3,3
5114,KIKI,V26,Verão 2026,3,4334
5114,MENINA ANJO,V26,Verão 2026,3,4752
5116,KIKI,V27,Verão 2027,6,1225423
5119,KIKI,I25,Inverno 2025,1,14201
5119,KIKI,V26,Verão 2026,3,513286
5119,KIKI,V27,Verão 2027,6,1061448
5119,MENINA ANJO,I25,Inverno 2025,1,5636
5119,MENINA ANJO,V27,Verão 2027,6,2
5142,KIKI,I25,Inverno 2025,1,6910
5142,KIKI,I26,Inverno 2026,4,2630
5142,KIKI,V26,Verão 2026,3,15149
5142,MENINA ANJO,V26,Verão 2026,3,12436
5144,KIKI,I25,Inverno 2025,1,14
5144,KIKI,T25,Tropical 2025,2,4594
5144,KIKI,V26,Verão 2026,3,14
5144,MENINA ANJO,I25,Inverno 2025,1,22
5145,KIKI,I25,Inverno 2025,1,9059
5157,KIKI,T25,Tropical 2025,2,1537
5157,KIKI,T26,Tropical 2026,5,644
5157,KIKI,V26,Verão 2026,3,1816
5161,KIKI,V26,Verão 2026,3,5
5167,KIKI,I25,Inverno 2025,1,5335
5167,KIKI,V26,Verão 2026,3,3960
5167,KIKI,V27,Verão 2027,6,4718
5167,MENINA ANJO,I26,Inverno 2026,4,1640
5167,MENINA ANJO,V26,Verão 2026,3,2270
5167,MENINA ANJO,V27,Verão 2027,6,2248
5199,KIKI,I25,Inverno 2025,1,8987
5199,KIKI,I26,Inverno 2026,4,530095
5199,KIKI,V26,Verão 2026,3,21080
5199,KIKI,V27,Verão 2027,6,1061440
5199,MENINA ANJO,I25,Inverno 2025,1,5409
5199,MENINA ANJO,I26,Inverno 2026,4,2846
5199,MENINA ANJO,V26,Verão 2026,3,3395
5199,VALENT,V26,Verão 2026,3,2149
5203,KIKI,I25,Inverno 2025,1,3042
5203,KIKI,I26,Inverno 2026,4,2549
5203,KIKI,V26,Verão 2026,3,2144
5203,KIKI,V27,Verão 2027,6,161688
5218,KIKI,I25,Inverno 2025,1,33330
5218,KIKI,I26,Inverno 2026,4,3
5218,KIKI,V26,Verão 2026,3,2
5218,KIKI,V27,Verão 2027,6,259360
5218,MENINA ANJO,I25,Inverno 2025,1,3633
5218,VALENT,V26,Verão 2026,3,2
5229,KIKI,I25,Inverno 2025,1,26219
5229,KIKI,I26,Inverno 2026,4,3
5229,KIKI,V26,Verão 2026,3,2
5229,KIKI,V27,Verão 2027,6,1
5229,MENINA ANJO,I25,Inverno 2025,1,11360
5229,MENINA ANJO,I26,Inverno 2026,4,390720
5230,KIKI,I25,Inverno 2025,1,16043
5230,KIKI,I26,Inverno 2026,4,12
5230,KIKI,V26,Verão 2026,3,513282
5230,KIKI,V27,Verão 2027,6,2
5230,MENINA ANJO,I25,Inverno 2025,1,3261
5240,KIKI,I25,Inverno 2025,1,24088
5240,KIKI,I26,Inverno 2026,4,2176
5240,KIKI,V26,Verão 2026,3,6435
5240,KIKI,V27,Verão 2027,6,10645
5240,MENINA ANJO,I26,Inverno 2026,4,3211
5240,MENINA ANJO,V26,Verão 2026,3,1955
5240,VALENT,V27,Verão 2027,6,3308
5248,KIKI,I26,Inverno 2026,4,9309
5248,KIKI,V26,Verão 2026,3,11626
5248,MENINA ANJO,I26,Inverno 2026,4,964
5257,KIKI,I25,Inverno 2025,1,12456
5257,MENINA ANJO,I25,Inverno 2025,1,19208
5257,MENINA ANJO,V26,Verão 2026,3,4
5257,VALENT,V26,Verão 2026,3,3
5261,KIKI,I25,Inverno 2025,1,12806
5261,KIKI,I26,Inverno 2026,4,13867
5261,KIKI,V26,Verão 2026,3,7391
5261,KIKI,V27,Verão 2027,6,1075378
5261,MENINA ANJO,I26,Inverno 2026,4,5980
5261,MENINA ANJO,V26,Verão 2026,3,2486
5270,KIKI,I25,Inverno 2025,1,5662
5270,MENINA ANJO,I25,Inverno 2025,1,5309
5270,MENINA ANJO,I26,Inverno 2026,4,130240
5271,VALENT,V26,Verão 2026,3,4
5272,KIKI,V26,Verão 2026,3,2
5283,KIKI,I25,Inverno 2025,1,11972
5283,KIKI,I26,Inverno 2026,4,3
5283,KIKI,V27,Verão 2027,6,1
5285,KIKI,I25,Inverno 2025,1,16930
5285,KIKI,I26,Inverno 2026,4,5848
5285,KIKI,V26,Verão 2026,3,14105
5285,KIKI,V27,Verão 2027,6,13658
5285,MENINA ANJO,I25,Inverno 2025,1,15856
5285,MENINA ANJO,I26,Inverno 2026,4,4838
5285,MENINA ANJO,V26,Verão 2026,3,8132
5285,MENINA ANJO,V27,Verão 2027,6,3116
5285,VALENT,I26,Inverno 2026,4,785
5285,VALENT,V27,Verão 2027,6,7082
5288,KIKI,I25,Inverno 2025,1,5776
5288,MENINA ANJO,I25,Inverno 2025,1,2996
5300,KIKI,I25,Inverno 2025,1,31766
5300,KIKI,I26,Inverno 2026,4,3
5300,KIKI,V26,Verão 2026,3,4
5300,MENINA ANJO,I25,Inverno 2025,1,2893
5303,KIKI,I25,Inverno 2025,1,169046
5320,KIKI,I26,Inverno 2026,4,66673
5320,MENINA ANJO,I26,Inverno 2026,4,431691
5320,VALENT,I26,Inverno 2026,4,9150
5320,VALENT,T26,Tropical 2026,5,17033
5321,KIKI,I25,Inverno 2025,1,8675
5321,KIKI,I26,Inverno 2026,4,513720
5321,MENINA ANJO,V26,Verão 2026,3,4
5322,KIKI,I25,Inverno 2025,1,12408
5322,KIKI,I26,Inverno 2026,4,3
5322,MENINA ANJO,I25,Inverno 2025,1,3057
5322,VALENT,V26,Verão 2026,3,3
5325,KIKI,I25,Inverno 2025,1,10055
5325,KIKI,I26,Inverno 2026,4,4094
5325,KIKI,V26,Verão 2026,3,6513
5325,MENINA ANJO,I25,Inverno 2025,1,2765
5325,MENINA ANJO,I26,Inverno 2026,4,5738
5325,MENINA ANJO,V26,Verão 2026,3,2464
5337,KIKI,I25,Inverno 2025,1,5
5337,KIKI,I26,Inverno 2026,4,2
5337,KIKI,V26,Verão 2026,3,2
5356,KIKI,I26,Inverno 2026,4,8680
5356,KIKI,V26,Verão 2026,3,166490
5356,MENINA ANJO,V26,Verão 2026,3,48846
5359,KIKI,I25,Inverno 2025,1,4611077
5359,KIKI,I26,Inverno 2026,4,480
5359,KIKI,V26,Verão 2026,3,2035
5359,KIKI,V27,Verão 2027,6,551067
5359,MENINA ANJO,I25,Inverno 2025,1,5447299
5359,MENINA ANJO,I26,Inverno 2026,4,432
5359,MENINA ANJO,V26,Verão 2026,3,58
5359,MENINA ANJO,V27,Verão 2027,6,92035
5361,KIKI,I25,Inverno 2025,1,56089
5361,KIKI,I26,Inverno 2026,4,1429
5361,KIKI,V26,Verão 2026,3,4252
5361,MENINA ANJO,I25,Inverno 2025,1,3937
5362,KIKI,I25,Inverno 2025,1,56089
5362,KIKI,I26,Inverno 2026,4,1429
5362,KIKI,V26,Verão 2026,3,4252
5362,MENINA ANJO,I25,Inverno 2025,1,3937
5367,KIKI,I25,Inverno 2025,1,2290
5367,KIKI,V26,Verão 2026,3,7720
5367,MENINA ANJO,V26,Verão 2026,3,2855
5367,VALENT,V26,Verão 2026,3,5938
5373,KIKI,I26,Inverno 2026,4,4428
5373,KIKI,V26,Verão 2026,3,20880
5373,MENINA ANJO,I26,Inverno 2026,4,19788
5373,MENINA ANJO,V26,Verão 2026,3,2270
5373,VALENT,I26,Inverno 2026,4,24322
5373,VALENT,V26,Verão 2026,3,5
5384,KIKI,I25,Inverno 2025,1,8
5392,KIKI,I25,Inverno 2025,1,13689
5392,KIKI,V26,Verão 2026,3,10652
5398,KIKI,I25,Inverno 2025,1,26520
5398,KIKI,V26,Verão 2026,3,384973
5398,MENINA ANJO,I25,Inverno 2025,1,19370
5398,VALENT,V26,Verão 2026,3,4
5433,KIKI,I25,Inverno 2025,1,10032
5433,KIKI,I26,Inverno 2026,4,385290
5433,KIKI,V26,Verão 2026,3,6
5433,MENINA ANJO,I25,Inverno 2025,1,8701
5433,VALENT,V26,Verão 2026,3,3
5449,MENINA ANJO,I25,Inverno 2025,1,490
5456,KIKI,I25,Inverno 2025,1,6743
5460,KIKI,I25,Inverno 2025,1,42238
5460,KIKI,I26,Inverno 2026,4,7026
5460,KIKI,V26,Verão 2026,3,148278
5460,KIKI,V27,Verão 2027,6,1063375
5460,MENINA ANJO,I25,Inverno 2025,1,8366
5460,MENINA ANJO,I26,Inverno 2026,4,12159
5460,MENINA ANJO,V26,Verão 2026,3,23905
5460,MENINA ANJO,V27,Verão 2027,6,7
5460,VALENT,I26,Inverno 2026,4,2245251
5460,VALENT,V27,Verão 2027,6,1586
6267,KIKI,I25,Inverno 2025,1,4289
6267,KIKI,I26,Inverno 2026,4,12
6267,KIKI,V26,Verão 2026,3,513285
6267,KIKI,V27,Verão 2027,6,3084492
6267,MENINA ANJO,I25,Inverno 2025,1,9
6267,MENINA ANJO,I26,Inverno 2026,4,520960
6267,VALENT,V26,Verão 2026,3,582400
6314,KIKI,V26,Verão 2026,3,34243
6315,KIKI,I25,Inverno 2025,1,4826
6315,KIKI,T25,Tropical 2025,2,1775
6315,KIKI,V26,Verão 2026,3,15894
6332,KIKI,V27,Verão 2027,6,7862
6332,MENINA ANJO,V27,Verão 2027,6,9925
6340,KIKI,I25,Inverno 2025,1,14640
6345,KIKI,V26,Verão 2026,3,114867
6345,KIKI,V27,Verão 2027,6,309441
6351,KIKI,I25,Inverno 2025,1,2231
6351,KIKI,I26,Inverno 2026,4,5
6351,KIKI,V26,Verão 2026,3,532162
6351,MENINA ANJO,I25,Inverno 2025,1,2496
6351,MENINA ANJO,I26,Inverno 2026,4,520960
6354,KIKI,V26,Verão 2026,3,36661
6354,MENINA ANJO,V26,Verão 2026,3,11260
6359,KIKI,I25,Inverno 2025,1,21162
6359,KIKI,V26,Verão 2026,3,532160
6359,MENINA ANJO,I25,Inverno 2025,1,15280
6360,KIKI,I25,Inverno 2025,1,18531
6360,KIKI,I26,Inverno 2026,4,59724
6360,KIKI,V26,Verão 2026,3,19205
6360,KIKI,V27,Verão 2027,6,8827
6360,MENINA ANJO,I25,Inverno 2025,1,21413
6360,MENINA ANJO,I26,Inverno 2026,4,8363
6360,MENINA ANJO,V26,Verão 2026,3,26726
6360,VALENT,V26,Verão 2026,3,5
6374,KIKI,V26,Verão 2026,3,21048
6374,VALENT,V26,Verão 2026,3,28192
6376,KIKI,I25,Inverno 2025,1,11
6376,KIKI,I26,Inverno 2026,4,9
6376,KIKI,V26,Verão 2026,3,1045443
6376,KIKI,V27,Verão 2027,6,796087
6382,KIKI,I26,Inverno 2026,4,37107
6382,KIKI,T26,Tropical 2026,5,23916
6382,MENINA ANJO,V26,Verão 2026,3,2464
6382,VALENT,T26,Tropical 2026,5,11006
6382,VALENT,V26,Verão 2026,3,12098
6395,KIKI,I25,Inverno 2025,1,5
6395,KIKI,V26,Verão 2026,3,513289
6395,MENINA ANJO,V26,Verão 2026,3,4
6407,KIKI,I25,Inverno 2025,1,8
6414,KIKI,V27,Verão 2027,6,1552
6419,KIKI,V26,Verão 2026,3,399122
6419,MENINA ANJO,I25,Inverno 2025,1,12097
6425,KIKI,V26,Verão 2026,3,10584
6425,VALENT,V26,Verão 2026,3,4946
6435,KIKI,I26,Inverno 2026,4,5
6444,KIKI,I25,Inverno 2025,1,18933
6444,KIKI,V26,Verão 2026,3,2
6444,MENINA ANJO,I26,Inverno 2026,4,611280
6444,MENINA ANJO,V26,Verão 2026,3,4
6472,KIKI,I25,Inverno 2025,1,503
6472,MENINA ANJO,I25,Inverno 2025,1,1644
6479,KIKI,I25,Inverno 2025,1,13498
6480,KIKI,V26,Verão 2026,3,12038
6480,MENINA ANJO,I26,Inverno 2026,4,11128
6480,MENINA ANJO,V26,Verão 2026,3,6358
6480,VALENT,I26,Inverno 2026,4,1167416
6480,VALENT,V26,Verão 2026,3,5
6484,KIKI,I25,Inverno 2025,1,9502
6484,MENINA ANJO,I25,Inverno 2025,1,6
6493,MENINA ANJO,I25,Inverno 2025,1,27560
6543,KIKI,I25,Inverno 2025,1,40309
6543,KIKI,I26,Inverno 2026,4,6
6543,MENINA ANJO,I25,Inverno 2025,1,11827
6543,MENINA ANJO,I26,Inverno 2026,4,260480
6557,MENINA ANJO,V26,Verão 2026,3,2270
6567,KIKI,V26,Verão 2026,3,56813
6570,KIKI,V26,Verão 2026,3,103466
6570,MENINA ANJO,V26,Verão 2026,3,41010
6577,KIKI,I25,Inverno 2025,1,1844
6577,KIKI,V26,Verão 2026,3,5
6585,KIKI,I25,Inverno 2025,1,14736
6585,KIKI,V26,Verão 2026,3,513289
6585,MENINA ANJO,I25,Inverno 2025,1,15960
6589,VALENT,V26,Verão 2026,3,3
6608,KIKI,V26,Verão 2026,3,7848
6608,MENINA ANJO,V26,Verão 2026,3,7
6634,KIKI,V26,Verão 2026,3,74176
6634,MENINA ANJO,V26,Verão 2026,3,21025
6634,VALENT,V26,Verão 2026,3,66440
6655,KIKI,V26,Verão 2026,3,4869
6655,MENINA ANJO,V26,Verão 2026,3,2347
6656,KIKI,I25,Inverno 2025,1,5434
6656,KIKI,V26,Verão 2026,3,4365
6656,MENINA ANJO,I25,Inverno 2025,1,2707
6656,MENINA ANJO,V26,Verão 2026,3,2347
6657,KIKI,V26,Verão 2026,3,13033
6657,KIKI,V27,Verão 2027,6,32624
6657,MENINA ANJO,V27,Verão 2027,6,520445
6685,KIKI,I25,Inverno 2025,1,3591
6685,KIKI,I26,Inverno 2026,4,7324
6685,MENINA ANJO,I25,Inverno 2025,1,7162
6685,MENINA ANJO,I26,Inverno 2026,4,2698
6685,MENINA ANJO,V26,Verão 2026,3,2855
6689,KIKI,I25,Inverno 2025,1,99014
6689,KIKI,I26,Inverno 2026,4,34931
6689,KIKI,T25,Tropical 2025,2,3339
6689,KIKI,V26,Verão 2026,3,21082
6689,MENINA ANJO,I25,Inverno 2025,1,28766
6689,MENINA ANJO,I26,Inverno 2026,4,17456
6689,MENINA ANJO,V26,Verão 2026,3,1528
6689,VALENT,I26,Inverno 2026,4,516900
6689,VALENT,V26,Verão 2026,3,4598
6696,KIKI,I25,Inverno 2025,1,2269
6696,KIKI,T25,Tropical 2025,2,10035
6696,KIKI,V26,Verão 2026,3,6201
6696,KIKI,V27,Verão 2027,6,3650
6696,MENINA ANJO,I25,Inverno 2025,1,11246
6696,MENINA ANJO,V27,Verão 2027,6,2270
6697,KIKI,V26,Verão 2026,3,4
6698,KIKI,I25,Inverno 2025,1,2846
6698,KIKI,V26,Verão 2026,3,3942
6703,KIKI,I26,Inverno 2026,4,7313
6703,KIKI,V26,Verão 2026,3,5458
6703,MENINA ANJO,I26,Inverno 2026,4,4309
6706,KIKI,V26,Verão 2026,3,13384
6707,KIKI,I26,Inverno 2026,4,18847
6707,KIKI,V26,Verão 2026,3,9490
6707,MENINA ANJO,I26,Inverno 2026,4,7882
6707,MENINA ANJO,V26,Verão 2026,3,14212
6710,KIKI,I25,Inverno 2025,1,22367
6710,MENINA ANJO,I25,Inverno 2025,1,9359
6728,KIKI,I25,Inverno 2025,1,2243
6729,KIKI,I26,Inverno 2026,4,527104
6729,KIKI,V26,Verão 2026,3,1415
6730,KIKI,I26,Inverno 2026,4,527104
6730,KIKI,V26,Verão 2026,3,1415
6731,KIKI,I26,Inverno 2026,4,1045207
6731,KIKI,V26,Verão 2026,3,1415
6731,MENINA ANJO,I26,Inverno 2026,4,8
6767,KIKI,I26,Inverno 2026,4,524101
6767,KIKI,V26,Verão 2026,3,10897
6767,VALENT,I26,Inverno 2026,4,1078500
6774,KIKI,I26,Inverno 2026,4,9477
6774,KIKI,V26,Verão 2026,3,35960
6774,MENINA ANJO,V26,Verão 2026,3,15268
6775,KIKI,I25,Inverno 2025,1,2153
6775,KIKI,V26,Verão 2026,3,2144
6775,KIKI,V27,Verão 2027,6,11367
6775,MENINA ANJO,V27,Verão 2027,6,2590
6775,VALENT,V27,Verão 2027,6,2383
6783,KIKI,V26,Verão 2026,3,21647
6783,KIKI,V27,Verão 2027,6,6
6789,KIKI,I25,Inverno 2025,1,6556
6789,KIKI,I26,Inverno 2026,4,1
6789,KIKI,V27,Verão 2027,6,1179
6798,KIKI,I25,Inverno 2025,1,66263
6798,KIKI,I26,Inverno 2026,4,39276
6798,KIKI,V26,Verão 2026,3,58862
6798,KIKI,V27,Verão 2027,6,5259219
6798,MENINA ANJO,I25,Inverno 2025,1,54734
6798,MENINA ANJO,I26,Inverno 2026,4,33
6798,MENINA ANJO,V26,Verão 2026,3,11723
6822,KIKI,I25,Inverno 2025,1,12319
6822,KIKI,V26,Verão 2026,3,25031
6822,VALENT,V26,Verão 2026,3,33985
6823,KIKI,V26,Verão 2026,3,25031
6823,VALENT,V26,Verão 2026,3,33985
6824,KIKI,I25,Inverno 2025,1,16282
6824,KIKI,V26,Verão 2026,3,33931
6824,VALENT,V26,Verão 2026,3,48806
6835,KIKI,V26,Verão 2026,3,193599
6835,MENINA ANJO,V26,Verão 2026,3,88868
6835,VALENT,V26,Verão 2026,3,39891
6849,KIKI,V26,Verão 2026,3,2113
6849,MENINA ANJO,V26,Verão 2026,3,7486
6849,VALENT,V26,Verão 2026,3,8132
6850,KIKI,I25,Inverno 2025,1,26807
6850,KIKI,I26,Inverno 2026,4,23371
6850,KIKI,V26,Verão 2026,3,32419
6850,MENINA ANJO,I25,Inverno 2025,1,17552
6850,MENINA ANJO,I26,Inverno 2026,4,5229
6850,MENINA ANJO,V26,Verão 2026,3,17514
6851,KIKI,I25,Inverno 2025,1,4032
6851,KIKI,I26,Inverno 2026,4,7553
6851,KIKI,V26,Verão 2026,3,10343
6856,KIKI,V26,Verão 2026,3,55540
6856,MENINA ANJO,V26,Verão 2026,3,37851
6856,VALENT,V26,Verão 2026,3,27260
6859,KIKI,I26,Inverno 2026,4,8264
6864,KIKI,I25,Inverno 2025,1,8342
6864,MENINA ANJO,I25,Inverno 2025,1,9466
6890,KIKI,V26,Verão 2026,3,8
6897,KIKI,I25,Inverno 2025,1,3
6897,KIKI,I26,Inverno 2026,4,519466
6897,KIKI,T26,Tropical 2026,5,1793
6897,KIKI,V26,Verão 2026,3,29284
6897,MENINA ANJO,I26,Inverno 2026,4,562232
6897,MENINA ANJO,V26,Verão 2026,3,21541
6897,VALENT,I26,Inverno 2026,4,592098
6897,VALENT,T26,Tropical 2026,5,5692
6897,VALENT,V26,Verão 2026,3,12177
6933,KIKI,V26,Verão 2026,3,35873
6946,KIKI,I25,Inverno 2025,1,8370
6949,KIKI,I25,Inverno 2025,1,2909
6949,KIKI,I26,Inverno 2026,4,15811
6949,KIKI,V26,Verão 2026,3,7668
6949,KIKI,V27,Verão 2027,6,730400
6949,MENINA ANJO,I25,Inverno 2025,1,734
6949,MENINA ANJO,I26,Inverno 2026,4,14961
6966,KIKI,I25,Inverno 2025,1,37062
6966,KIKI,V26,Verão 2026,3,30944
6966,MENINA ANJO,I25,Inverno 2025,1,7612
6966,MENINA ANJO,V26,Verão 2026,3,5391
6974,KIKI,I25,Inverno 2025,1,23351
6974,KIKI,I26,Inverno 2026,4,101446
6974,KIKI,V26,Verão 2026,3,4255
6974,KIKI,V27,Verão 2027,6,1805849
6974,MENINA ANJO,I25,Inverno 2025,1,4256
6974,MENINA ANJO,I26,Inverno 2026,4,6641
6974,MENINA ANJO,V26,Verão 2026,3,7
6986,KIKI,T25,Tropical 2025,2,3
6986,KIKI,V26,Verão 2026,3,176923
6986,MENINA ANJO,I25,Inverno 2025,1,4
6986,MENINA ANJO,V26,Verão 2026,3,64325
6986,VALENT,V26,Verão 2026,3,22068
6997,KIKI,V26,Verão 2026,3,31723
6997,MENINA ANJO,V26,Verão 2026,3,28851
6997,VALENT,V26,Verão 2026,3,19847
7014,KIKI,I26,Inverno 2026,4,532522
7014,KIKI,V27,Verão 2027,6,155621
7014,MENINA ANJO,I26,Inverno 2026,4,3094
7014,MENINA ANJO,V27,Verão 2027,6,399792
7014,VALENT,I26,Inverno 2026,4,725377
7014,VALENT,V27,Verão 2027,6,4496
7017,KIKI,I25,Inverno 2025,1,13601
7017,KIKI,V26,Verão 2026,3,10451
7017,MENINA ANJO,I25,Inverno 2025,1,9416
7017,MENINA ANJO,V26,Verão 2026,3,8878
7022,KIKI,I25,Inverno 2025,1,14278
7022,KIKI,I26,Inverno 2026,4,400756
7022,KIKI,V26,Verão 2026,3,39106
7022,KIKI,V27,Verão 2027,6,14559
7022,MENINA ANJO,I25,Inverno 2025,1,1016
7022,MENINA ANJO,I26,Inverno 2026,4,10724
7022,MENINA ANJO,V26,Verão 2026,3,12886
7022,VALENT,I26,Inverno 2026,4,7
7022,VALENT,V26,Verão 2026,3,9147
7022,VALENT,V27,Verão 2027,6,1379
7100,KIKI,I25,Inverno 2025,1,11085
7133,KIKI,I25,Inverno 2025,1,30621
7133,KIKI,I26,Inverno 2026,4,29128
7133,KIKI,V26,Verão 2026,3,21819
7133,KIKI,V27,Verão 2027,6,7
7133,MENINA ANJO,I25,Inverno 2025,1,6309
7133,MENINA ANJO,I26,Inverno 2026,4,21038
7191,KIKI,I25,Inverno 2025,1,11809
7191,KIKI,V26,Verão 2026,3,143820
7191,MENINA ANJO,I25,Inverno 2025,1,2554
7191,VALENT,I26,Inverno 2026,4,155600
7192,KIKI,I25,Inverno 2025,1,10249
7192,KIKI,V26,Verão 2026,3,8
7192,MENINA ANJO,I25,Inverno 2025,1,3645
7194,KIKI,V26,Verão 2026,3,7706
7206,KIKI,I26,Inverno 2026,4,524783
7206,KIKI,V26,Verão 2026,3,3649
7207,KIKI,I25,Inverno 2025,1,22205
7207,KIKI,V26,Verão 2026,3,513282
7207,MENINA ANJO,I25,Inverno 2025,1,1923
7207,VALENT,V26,Verão 2026,3,3
7210,KIKI,I25,Inverno 2025,1,57907
7210,KIKI,I26,Inverno 2026,4,11
7210,KIKI,V26,Verão 2026,3,73718
7228,KIKI,I25,Inverno 2025,1,5
7228,KIKI,V26,Verão 2026,3,513289
7228,MENINA ANJO,V26,Verão 2026,3,4
7240,KIKI,I25,Inverno 2025,1,66737
7240,KIKI,I26,Inverno 2026,4,86842
7240,KIKI,T25,Tropical 2025,2,9820
7240,KIKI,V26,Verão 2026,3,76089
7240,MENINA ANJO,I25,Inverno 2025,1,39088
7240,MENINA ANJO,I26,Inverno 2026,4,33428
7240,MENINA ANJO,V26,Verão 2026,3,26767
7240,MENINA ANJO,V27,Verão 2027,6,11264
7258,KIKI,I25,Inverno 2025,1,18923
7258,MENINA ANJO,I25,Inverno 2025,1,3146
7278,KIKI,V26,Verão 2026,3,85272
7282,KIKI,I25,Inverno 2025,1,6778
7282,KIKI,I26,Inverno 2026,4,11640
7282,KIKI,T25,Tropical 2025,2,2153
7282,KIKI,V26,Verão 2026,3,1357
7282,MENINA ANJO,I26,Inverno 2026,4,14152
7282,VALENT,I26,Inverno 2026,4,566246
7282,VALENT,V26,Verão 2026,3,7989
7285,KIKI,I26,Inverno 2026,4,7
7285,KIKI,V27,Verão 2027,6,5
7285,MENINA ANJO,V27,Verão 2027,6,5
7287,KIKI,I25,Inverno 2025,1,8557
7288,KIKI,I25,Inverno 2025,1,8557
7300,KIKI,I25,Inverno 2025,1,11106
7300,KIKI,I26,Inverno 2026,4,4009
7300,KIKI,V26,Verão 2026,3,9286
7300,KIKI,V27,Verão 2027,6,19283
7300,MENINA ANJO,I25,Inverno 2025,1,9878
7300,MENINA ANJO,I26,Inverno 2026,4,6064
7300,MENINA ANJO,V27,Verão 2027,6,515400
7300,VALENT,V26,Verão 2026,3,4084
7300,VALENT,V27,Verão 2027,6,12800
7319,KIKI,I25,Inverno 2025,1,2708
7319,MENINA ANJO,I25,Inverno 2025,1,2060
7343,KIKI,V26,Verão 2026,3,16116
7343,VALENT,V26,Verão 2026,3,20312
7367,KIKI,I25,Inverno 2025,1,29668
7367,KIKI,I26,Inverno 2026,4,8
7367,MENINA ANJO,I25,Inverno 2025,1,2939
7373,KIKI,I25,Inverno 2025,1,11621
7373,KIKI,I26,Inverno 2026,4,23974
7373,KIKI,V26,Verão 2026,3,12442
7373,MENINA ANJO,V26,Verão 2026,3,6851
7380,KIKI,I25,Inverno 2025,1,13564
7380,KIKI,I26,Inverno 2026,4,3125
7380,KIKI,V26,Verão 2026,3,5483
7386,KIKI,I25,Inverno 2025,1,5
7386,KIKI,V26,Verão 2026,3,61479
7386,VALENT,V26,Verão 2026,3,6717
7387,KIKI,I26,Inverno 2026,4,5841
7387,KIKI,V26,Verão 2026,3,12413
7387,MENINA ANJO,I26,Inverno 2026,4,2891
7387,MENINA ANJO,V26,Verão 2026,3,4928
7387,VALENT,I26,Inverno 2026,4,561600
7396,KIKI,I25,Inverno 2025,1,66887
7396,KIKI,I26,Inverno 2026,4,417184
7396,KIKI,V26,Verão 2026,3,17350
7396,KIKI,V27,Verão 2027,6,561135
7396,MENINA ANJO,I25,Inverno 2025,1,11438
7396,MENINA ANJO,I26,Inverno 2026,4,14135
7396,MENINA ANJO,V26,Verão 2026,3,19231
7396,MENINA ANJO,V27,Verão 2027,6,2684
7396,VALENT,I26,Inverno 2026,4,3485
7400,KIKI,V26,Verão 2026,3,33573
7400,MENINA ANJO,V26,Verão 2026,3,30789
7400,VALENT,V26,Verão 2026,3,487989
7412,KIKI,I26,Inverno 2026,4,5769
7412,KIKI,V26,Verão 2026,3,6298
7412,KIKI,V27,Verão 2027,6,11599
7412,MENINA ANJO,I26,Inverno 2026,4,10
7412,VALENT,I26,Inverno 2026,4,2914
7412,VALENT,V27,Verão 2027,6,4961
7430,KIKI,I25,Inverno 2025,1,19205
7430,MENINA ANJO,I25,Inverno 2025,1,13662
7439,KIKI,I25,Inverno 2025,1,6367
7439,KIKI,I26,Inverno 2026,4,4
7439,KIKI,V26,Verão 2026,3,532165
7448,KIKI,I26,Inverno 2026,4,5
7448,KIKI,V26,Verão 2026,3,5
7448,MENINA ANJO,I26,Inverno 2026,4,520960
7460,KIKI,V26,Verão 2026,3,8611
7460,KIKI,V27,Verão 2027,6,2096
7471,KIKI,V26,Verão 2026,3,2227
7471,MENINA ANJO,I25,Inverno 2025,1,8
7471,MENINA ANJO,V26,Verão 2026,3,6662
7473,KIKI,V26,Verão 2026,3,80476
7473,MENINA ANJO,V26,Verão 2026,3,48984
7473,VALENT,V26,Verão 2026,3,32136
7474,KIKI,I25,Inverno 2025,1,12806
7474,KIKI,I26,Inverno 2026,4,24167
7474,KIKI,V26,Verão 2026,3,16335
7474,KIKI,V27,Verão 2027,6,4239
7474,MENINA ANJO,I26,Inverno 2026,4,11012
7474,MENINA ANJO,V26,Verão 2026,3,2567
7474,MENINA ANJO,V27,Verão 2027,6,1321
7474,VALENT,V27,Verão 2027,6,1330
7476,KIKI,V26,Verão 2026,3,4388
7485,KIKI,I26,Inverno 2026,4,4094
7485,KIKI,V26,Verão 2026,3,7974
7485,MENINA ANJO,I26,Inverno 2026,4,10832
7485,MENINA ANJO,V26,Verão 2026,3,2675
7496,KIKI,V27,Verão 2027,6,11126
7496,MENINA ANJO,V27,Verão 2027,6,2270
7496,VALENT,V27,Verão 2027,6,2709
7501,KIKI,I26,Inverno 2026,4,4
7501,VALENT,I26,Inverno 2026,4,284481
7502,KIKI,I25,Inverno 2025,1,10240
7502,KIKI,I26,Inverno 2026,4,531501
7502,KIKI,V26,Verão 2026,3,12560
7502,MENINA ANJO,I25,Inverno 2025,1,14420
7502,MENINA ANJO,I26,Inverno 2026,4,15183
7502,MENINA ANJO,V26,Verão 2026,3,2945
7520,KIKI,I26,Inverno 2026,4,437130
7527,KIKI,I25,Inverno 2025,1,2
7539,KIKI,I25,Inverno 2025,1,11659
7539,KIKI,I26,Inverno 2026,4,6
7539,KIKI,V26,Verão 2026,3,1045442
7539,KIKI,V27,Verão 2027,6,1103683
7539,MENINA ANJO,I25,Inverno 2025,1,2588
7539,MENINA ANJO,I26,Inverno 2026,4,130240
7543,KIKI,I25,Inverno 2025,1,3598
7543,KIKI,I26,Inverno 2026,4,528833
7543,KIKI,T25,Tropical 2025,2,5
7543,KIKI,V26,Verão 2026,3,8710
7543,MENINA ANJO,I25,Inverno 2025,1,53
7543,MENINA ANJO,I26,Inverno 2026,4,15
7548,KIKI,I25,Inverno 2025,1,6
7548,KIKI,V26,Verão 2026,3,10353
7574,KIKI,I26,Inverno 2026,4,266524
7574,KIKI,V26,Verão 2026,3,5844
7574,KIKI,V27,Verão 2027,6,13118
7574,MENINA ANJO,I26,Inverno 2026,4,949
7574,MENINA ANJO,V26,Verão 2026,3,982
7574,MENINA ANJO,V27,Verão 2027,6,2028
7574,VALENT,I26,Inverno 2026,4,3052
7574,VALENT,V27,Verão 2027,6,8936
7575,KIKI,I25,Inverno 2025,1,14
7575,KIKI,V26,Verão 2026,3,31
7575,KIKI,V27,Verão 2027,6,12412
7575,MENINA ANJO,I25,Inverno 2025,1,32
7575,VALENT,V26,Verão 2026,3,13
7575,VALENT,V27,Verão 2027,6,12
7597,KIKI,I26,Inverno 2026,4,14272
7597,KIKI,T26,Tropical 2026,5,1906
7597,KIKI,V27,Verão 2027,6,33404
7597,MENINA ANJO,V27,Verão 2027,6,415145
7597,VALENT,I26,Inverno 2026,4,5944
7597,VALENT,V27,Verão 2027,6,5474
7607,KIKI,I26,Inverno 2026,4,11196
7607,KIKI,V26,Verão 2026,3,8451
7607,MENINA ANJO,I26,Inverno 2026,4,6480
7607,MENINA ANJO,V26,Verão 2026,3,4118
7607,VALENT,V26,Verão 2026,3,3514
7619,KIKI,I26,Inverno 2026,4,1501
7619,KIKI,V26,Verão 2026,3,8228
7619,MENINA ANJO,I25,Inverno 2025,1,3
7619,MENINA ANJO,V26,Verão 2026,3,2536
7630,KIKI,I25,Inverno 2025,1,9624
7692,KIKI,I25,Inverno 2025,1,23230
7692,MENINA ANJO,I25,Inverno 2025,1,5051
7714,KIKI,I25,Inverno 2025,1,18504
7714,KIKI,V26,Verão 2026,3,4
7714,KIKI,V27,Verão 2027,6,271360
7714,MENINA ANJO,I25,Inverno 2025,1,8568
7732,KIKI,V26,Verão 2026,3,6148
7732,MENINA ANJO,V26,Verão 2026,3,1888
7732,VALENT,V26,Verão 2026,3,370363
7753,KIKI,I25,Inverno 2025,1,21261
7753,KIKI,V26,Verão 2026,3,55150
7753,MENINA ANJO,I25,Inverno 2025,1,3047
7753,MENINA ANJO,V26,Verão 2026,3,4162
7753,VALENT,V26,Verão 2026,3,38783
7766,KIKI,V26,Verão 2026,3,5
7766,VALENT,V26,Verão 2026,3,3
7769,VALENT,V26,Verão 2026,3,3
7773,KIKI,I25,Inverno 2025,1,16294
7773,KIKI,I26,Inverno 2026,4,527325
7773,KIKI,V26,Verão 2026,3,31879
7773,MENINA ANJO,I26,Inverno 2026,4,10
7773,MENINA ANJO,V27,Verão 2027,6,5374
7773,VALENT,V27,Verão 2027,6,1955
7776,KIKI,I25,Inverno 2025,1,20877
7776,MENINA ANJO,I25,Inverno 2025,1,10693
7806,KIKI,I25,Inverno 2025,1,4982
7806,KIKI,I26,Inverno 2026,4,3
7806,KIKI,V26,Verão 2026,3,287640
7806,KIKI,V27,Verão 2027,6,584492
7806,MENINA ANJO,I25,Inverno 2025,1,3064
7806,VALENT,I26,Inverno 2026,4,599040
7806,VALENT,V26,Verão 2026,3,290700
7813,KIKI,I25,Inverno 2025,1,4462
7813,KIKI,V26,Verão 2026,3,7
7813,MENINA ANJO,I25,Inverno 2025,1,3840
7813,VALENT,V26,Verão 2026,3,3
7856,KIKI,V26,Verão 2026,3,3609
7858,KIKI,V26,Verão 2026,3,3609
7864,KIKI,V26,Verão 2026,3,3609
7865,KIKI,V26,Verão 2026,3,3609
7867,KIKI,I25,Inverno 2025,1,12753
7867,KIKI,T25,Tropical 2025,2,1775
7874,KIKI,I25,Inverno 2025,1,3336
7874,KIKI,V26,Verão 2026,3,133040
7874,MENINA ANJO,I25,Inverno 2025,1,5278
7874,MENINA ANJO,V26,Verão 2026,3,2
7874,VALENT,V26,Verão 2026,3,1
7879,KIKI,V26,Verão 2026,3,48885
7879,VALENT,V26,Verão 2026,3,3708
7882,KIKI,V26,Verão 2026,3,384960
7886,KIKI,V26,Verão 2026,3,82722
7886,KIKI,V27,Verão 2027,6,1437180
7893,KIKI,I25,Inverno 2025,1,15
7893,KIKI,V26,Verão 2026,3,9
7893,MENINA ANJO,I25,Inverno 2025,1,3
7897,KIKI,I26,Inverno 2026,4,2650
7897,KIKI,V26,Verão 2026,3,5321
7897,MENINA ANJO,I26,Inverno 2026,4,5018
7897,VALENT,I26,Inverno 2026,4,423013
7908,KIKI,I25,Inverno 2025,1,31186
7908,KIKI,I26,Inverno 2026,4,22019
7908,KIKI,T25,Tropical 2025,2,5189
7908,KIKI,V26,Verão 2026,3,2446047
7908,MENINA ANJO,I25,Inverno 2025,1,3851
7908,MENINA ANJO,I26,Inverno 2026,4,2891
7908,MENINA ANJO,T25,Tropical 2025,2,7512
7908,MENINA ANJO,V26,Verão 2026,3,238129
7908,VALENT,I26,Inverno 2026,4,516900
7922,KIKI,V26,Verão 2026,3,2
7932,KIKI,I25,Inverno 2025,1,6888
7932,KIKI,I26,Inverno 2026,4,3
7932,MENINA ANJO,I25,Inverno 2025,1,5272
7940,KIKI,I26,Inverno 2026,4,11783
7940,KIKI,V26,Verão 2026,3,12781
7945,KIKI,V26,Verão 2026,3,5
7945,VALENT,V26,Verão 2026,3,3
7947,KIKI,I25,Inverno 2025,1,20426
7949,KIKI,I26,Inverno 2026,4,7
7949,KIKI,V26,Verão 2026,3,7488
7950,KIKI,I25,Inverno 2025,1,4356
7950,KIKI,T25,Tropical 2025,2,4
7950,KIKI,V26,Verão 2026,3,21
7950,MENINA ANJO,I25,Inverno 2025,1,1843
7955,KIKI,V26,Verão 2026,3,2
7970,KIKI,I25,Inverno 2025,1,2068
7971,KIKI,I25,Inverno 2025,1,10079
7971,KIKI,I26,Inverno 2026,4,23130
7971,KIKI,T25,Tropical 2025,2,5
7971,KIKI,V26,Verão 2026,3,7789
7971,MENINA ANJO,V26,Verão 2026,3,7166
7972,KIKI,I25,Inverno 2025,1,10079
7972,KIKI,I26,Inverno 2026,4,23130
7972,KIKI,T25,Tropical 2025,2,5
7972,KIKI,V26,Verão 2026,3,7789
7972,MENINA ANJO,V26,Verão 2026,3,7166
7973,KIKI,I25,Inverno 2025,1,10079
7973,KIKI,I26,Inverno 2026,4,23130
7973,KIKI,T25,Tropical 2025,2,5
7973,KIKI,V26,Verão 2026,3,7789
7973,MENINA ANJO,V26,Verão 2026,3,7166
7981,KIKI,I25,Inverno 2025,1,6497
7983,KIKI,I25,Inverno 2025,1,2
7983,KIKI,V27,Verão 2027,6,297360
7983,MENINA ANJO,I25,Inverno 2025,1,131900
7983,VALENT,V27,Verão 2027,6,141680
7984,KIKI,I26,Inverno 2026,4,2
7984,KIKI,V26,Verão 2026,3,2
7984,VALENT,V26,Verão 2026,3,3
7993,KIKI,I25,Inverno 2025,1,2284
8026,KIKI,I25,Inverno 2025,1,2600
8026,KIKI,I26,Inverno 2026,4,2563
8026,KIKI,T25,Tropical 2025,2,2428
8026,KIKI,V26,Verão 2026,3,13568
8026,KIKI,V27,Verão 2027,6,10321
8026,MENINA ANJO,I25,Inverno 2025,1,1663
8026,MENINA ANJO,T26,Tropical 2026,5,2077
8026,VALENT,V26,Verão 2026,3,2984
8026,VALENT,V27,Verão 2027,6,5035
8027,KIKI,I25,Inverno 2025,1,9695
8027,MENINA ANJO,I25,Inverno 2025,1,2741
8037,KIKI,I25,Inverno 2025,1,23001
8037,KIKI,V26,Verão 2026,3,2
8037,MENINA ANJO,I25,Inverno 2025,1,19166
8038,KIKI,V26,Verão 2026,3,21899
8038,MENINA ANJO,V26,Verão 2026,3,13007
8067,KIKI,I25,Inverno 2025,1,13590
8073,KIKI,I25,Inverno 2025,1,131288
8073,KIKI,T25,Tropical 2025,2,41104
8073,KIKI,V26,Verão 2026,3,243248
8073,MENINA ANJO,I25,Inverno 2025,1,59172
8073,MENINA ANJO,T25,Tropical 2025,2,10038
8073,MENINA ANJO,V26,Verão 2026,3,83192
8095,KIKI,I25,Inverno 2025,1,26167
8095,KIKI,V26,Verão 2026,3,4
8095,MENINA ANJO,I25,Inverno 2025,1,42547
8095,MENINA ANJO,V26,Verão 2026,3,7
8100,KIKI,T25,Tropical 2025,2,6
8100,KIKI,V26,Verão 2026,3,98290
8100,VALENT,V26,Verão 2026,3,68700
8101,KIKI,V26,Verão 2026,3,165929
8101,KIKI,V27,Verão 2027,6,674297
8102,KIKI,I25,Inverno 2025,1,3814
8102,KIKI,I26,Inverno 2026,4,80444
8102,KIKI,V26,Verão 2026,3,15873
8102,KIKI,V27,Verão 2027,6,567983
8102,MENINA ANJO,I25,Inverno 2025,1,24
8102,MENINA ANJO,V26,Verão 2026,3,6428
8102,MENINA ANJO,V27,Verão 2027,6,7
8102,VALENT,I26,Inverno 2026,4,6
8102,VALENT,V26,Verão 2026,3,19973
8102,VALENT,V27,Verão 2027,6,10436
8119,KIKI,I26,Inverno 2026,4,6538
8120,KIKI,I25,Inverno 2025,1,19735
8120,KIKI,I26,Inverno 2026,4,13354
8120,KIKI,V26,Verão 2026,3,14207
8124,KIKI,I25,Inverno 2025,1,2315
8124,KIKI,V26,Verão 2026,3,5474
8127,KIKI,I25,Inverno 2025,1,2468
8127,KIKI,I26,Inverno 2026,4,7319
8127,KIKI,V26,Verão 2026,3,14614
8127,MENINA ANJO,I26,Inverno 2026,4,9
8128,KIKI,V26,Verão 2026,3,13442
8128,MENINA ANJO,V26,Verão 2026,3,5749
8132,KIKI,I25,Inverno 2025,1,9
8132,KIKI,I26,Inverno 2026,4,7
8132,KIKI,V26,Verão 2026,3,384962
8150,KIKI,V26,Verão 2026,3,53065
8150,MENINA ANJO,V26,Verão 2026,3,18125
8150,VALENT,V26,Verão 2026,3,17453
8157,KIKI,I25,Inverno 2025,1,3339
8162,KIKI,I26,Inverno 2026,4,31388
8165,KIKI,I25,Inverno 2025,1,22072
8165,KIKI,I26,Inverno 2026,4,5148
8165,KIKI,V26,Verão 2026,3,37710
8165,KIKI,V27,Verão 2027,6,2036
8166,KIKI,I25,Inverno 2025,1,7996
8166,KIKI,I26,Inverno 2026,4,5148
8166,KIKI,V26,Verão 2026,3,25802
8166,KIKI,V27,Verão 2027,6,2036
8167,KIKI,I25,Inverno 2025,1,8365
8167,KIKI,I26,Inverno 2026,4,5148
8167,KIKI,V26,Verão 2026,3,25802
8167,KIKI,V27,Verão 2027,6,2036
8171,KIKI,I25,Inverno 2025,1,4
8171,KIKI,I26,Inverno 2026,4,3
8171,KIKI,V26,Verão 2026,3,399122
8171,KIKI,V27,Verão 2027,6,259360
8171,VALENT,I26,Inverno 2026,4,4
8179,KIKI,I25,Inverno 2025,1,4936
8179,MENINA ANJO,I26,Inverno 2026,4,260480
8208,KIKI,I25,Inverno 2025,1,1410
8208,MENINA ANJO,I25,Inverno 2025,1,7227
8240,KIKI,I26,Inverno 2026,4,6383
8240,KIKI,V26,Verão 2026,3,11284
8240,KIKI,V27,Verão 2027,6,261300
8240,MENINA ANJO,I26,Inverno 2026,4,2990
8240,MENINA ANJO,V26,Verão 2026,3,2536
8240,MENINA ANJO,V27,Verão 2027,6,4890
8240,VALENT,I26,Inverno 2026,4,4042
8240,VALENT,V27,Verão 2027,6,6613
8272,KIKI,V27,Verão 2027,6,3618
8272,MENINA ANJO,I26,Inverno 2026,4,5004
8272,MENINA ANJO,V27,Verão 2027,6,2774
8295,KIKI,I25,Inverno 2025,1,40175
8295,KIKI,T25,Tropical 2025,2,3
8295,KIKI,V26,Verão 2026,3,101973
8295,MENINA ANJO,I25,Inverno 2025,1,10
8295,VALENT,V26,Verão 2026,3,10048
8297,KIKI,I25,Inverno 2025,1,10043
8297,KIKI,I26,Inverno 2026,4,16897
8297,KIKI,V26,Verão 2026,3,19499
8297,MENINA ANJO,I25,Inverno 2025,1,2707
8297,MENINA ANJO,V26,Verão 2026,3,5162
8305,KIKI,V26,Verão 2026,3,2
8305,VALENT,V26,Verão 2026,3,3
8306,KIKI,V26,Verão 2026,3,2
8306,VALENT,V26,Verão 2026,3,3
8386,KIKI,I25,Inverno 2025,1,10812
8386,MENINA ANJO,I25,Inverno 2025,1,2751
8389,KIKI,I25,Inverno 2025,1,12199
8389,KIKI,V26,Verão 2026,3,33924
8389,VALENT,V26,Verão 2026,3,48799
8399,KIKI,I25,Inverno 2025,1,4439
8399,KIKI,V26,Verão 2026,3,2108
8399,KIKI,V27,Verão 2027,6,1061446
8399,MENINA ANJO,I25,Inverno 2025,1,17323
8399,MENINA ANJO,I26,Inverno 2026,4,8440
8399,VALENT,V26,Verão 2026,3,2158
8421,KIKI,I25,Inverno 2025,1,8274
8421,KIKI,V27,Verão 2027,6,372483
8426,KIKI,V26,Verão 2026,3,4185
8426,MENINA ANJO,V26,Verão 2026,3,6406
8444,KIKI,I25,Inverno 2025,1,4198
8444,KIKI,I26,Inverno 2026,4,8062
8444,KIKI,T25,Tropical 2025,2,7173
8444,KIKI,V26,Verão 2026,3,49516
8444,MENINA ANJO,I25,Inverno 2025,1,1004
8444,MENINA ANJO,I26,Inverno 2026,4,2891
8444,MENINA ANJO,T25,Tropical 2025,2,1610
8444,MENINA ANJO,V26,Verão 2026,3,2406
8459,KIKI,I25,Inverno 2025,1,13800
8460,KIKI,I25,Inverno 2025,1,681
8460,KIKI,I26,Inverno 2026,4,3
8460,MENINA ANJO,I25,Inverno 2025,1,548
8460,VALENT,I26,Inverno 2026,4,2
8460,VALENT,V26,Verão 2026,3,145600
8461,KIKI,I25,Inverno 2025,1,1544
8461,KIKI,I26,Inverno 2026,4,2
8461,MENINA ANJO,I25,Inverno 2025,1,6963
8461,VALENT,I26,Inverno 2026,4,130960
8466,KIKI,I25,Inverno 2025,1,25384
8466,KIKI,I26,Inverno 2026,4,2176
8466,KIKI,V26,Verão 2026,3,2329
8466,KIKI,V27,Verão 2027,6,1050712
8466,MENINA ANJO,I25,Inverno 2025,1,10980
8466,MENINA ANJO,I26,Inverno 2026,4,14
8466,MENINA ANJO,V26,Verão 2026,3,4118
8466,MENINA ANJO,V27,Verão 2027,6,3112
8466,VALENT,I26,Inverno 2026,4,516900
8466,VALENT,V26,Verão 2026,3,3141
8469,KIKI,I25,Inverno 2025,1,4386
8469,KIKI,V26,Verão 2026,3,665211
8469,MENINA ANJO,I25,Inverno 2025,1,19051
8479,KIKI,I25,Inverno 2025,1,26306
8479,MENINA ANJO,I25,Inverno 2025,1,9227
8479,MENINA ANJO,I26,Inverno 2026,4,385290
8482,KIKI,I25,Inverno 2025,1,4731
8482,MENINA ANJO,I25,Inverno 2025,1,6429
8485,KIKI,I25,Inverno 2025,1,23379
8485,KIKI,I26,Inverno 2026,4,526596
8485,KIKI,V26,Verão 2026,3,13635
8485,KIKI,V27,Verão 2027,6,17435
8485,VALENT,V27,Verão 2027,6,3308
8498,KIKI,I25,Inverno 2025,1,13588
8498,KIKI,I26,Inverno 2026,4,8856
8498,KIKI,V26,Verão 2026,3,7335
8498,KIKI,V27,Verão 2027,6,11333
8498,MENINA ANJO,I25,Inverno 2025,1,734
8498,MENINA ANJO,V27,Verão 2027,6,3486
8498,VALENT,V27,Verão 2027,6,2050
8499,KIKI,I25,Inverno 2025,1,21318
8499,MENINA ANJO,I25,Inverno 2025,1,1451
8519,KIKI,V26,Verão 2026,3,4
8521,KIKI,V26,Verão 2026,3,1155
8531,KIKI,I25,Inverno 2025,1,873
8531,KIKI,I26,Inverno 2026,4,7
8531,KIKI,V26,Verão 2026,3,4
8531,MENINA ANJO,I25,Inverno 2025,1,4218
8539,KIKI,I26,Inverno 2026,4,142167
8539,KIKI,V26,Verão 2026,3,2221
8547,KIKI,I25,Inverno 2025,1,13377
8547,KIKI,I26,Inverno 2026,4,9
8547,KIKI,V26,Verão 2026,3,266087
8547,KIKI,V27,Verão 2027,6,805200
8547,MENINA ANJO,I25,Inverno 2025,1,2008
8551,KIKI,V26,Verão 2026,3,13842
8561,KIKI,I25,Inverno 2025,1,70969
8561,KIKI,I26,Inverno 2026,4,4050
8561,KIKI,T25,Tropical 2025,2,24780
8561,KIKI,V26,Verão 2026,3,12787
8561,KIKI,V27,Verão 2027,6,2135
8561,MENINA ANJO,I25,Inverno 2025,1,34283
8561,MENINA ANJO,T25,Tropical 2025,2,10099
8561,MENINA ANJO,V27,Verão 2027,6,3224
8564,KIKI,I25,Inverno 2025,1,16
8564,KIKI,I26,Inverno 2026,4,3
8564,KIKI,V26,Verão 2026,3,1962578
8564,MENINA ANJO,V26,Verão 2026,3,7
8574,VALENT,V26,Verão 2026,3,3
8600,KIKI,I25,Inverno 2025,1,12949
8600,KIKI,I26,Inverno 2026,4,27435
8600,KIKI,T25,Tropical 2025,2,1775
8600,KIKI,V26,Verão 2026,3,43163
8600,KIKI,V27,Verão 2027,6,1111675
8600,MENINA ANJO,I25,Inverno 2025,1,8506
8600,MENINA ANJO,I26,Inverno 2026,4,10041
8600,MENINA ANJO,V26,Verão 2026,3,8908
8600,MENINA ANJO,V27,Verão 2027,6,4
8600,VALENT,V26,Verão 2026,3,6
8600,VALENT,V27,Verão 2027,6,3590
8636,KIKI,I25,Inverno 2025,1,138570
8636,KIKI,V26,Verão 2026,3,10542
8636,MENINA ANJO,I25,Inverno 2025,1,23395
8645,KIKI,I25,Inverno 2025,1,17316
8645,KIKI,I26,Inverno 2026,4,5090
8645,KIKI,V26,Verão 2026,3,5733
8645,KIKI,V27,Verão 2027,6,363298
8645,MENINA ANJO,I25,Inverno 2025,1,10084
8645,MENINA ANJO,V26,Verão 2026,3,2351
8645,VALENT,I26,Inverno 2026,4,525996
8645,VALENT,V26,Verão 2026,3,6045
8648,KIKI,I25,Inverno 2025,1,20245
8648,KIKI,V26,Verão 2026,3,5
8648,MENINA ANJO,I25,Inverno 2025,1,5510
8648,MENINA ANJO,I26,Inverno 2026,4,520960
8652,KIKI,I25,Inverno 2025,1,3
8652,KIKI,V26,Verão 2026,3,41668
8652,KIKI,V27,Verão 2027,6,529437
8652,MENINA ANJO,V26,Verão 2026,3,36474
8652,MENINA ANJO,V27,Verão 2027,6,534600
8658,KIKI,V26,Verão 2026,3,6997
8658,MENINA ANJO,V26,Verão 2026,3,9385
8719,KIKI,I25,Inverno 2025,1,8370
8723,KIKI,V26,Verão 2026,3,8066
8723,MENINA ANJO,V26,Verão 2026,3,2936
8737,KIKI,V26,Verão 2026,3,55543
8737,MENINA ANJO,V26,Verão 2026,3,38332
8759,KIKI,I25,Inverno 2025,1,6444
8759,KIKI,I26,Inverno 2026,4,5
8759,KIKI,V27,Verão 2027,6,5
8759,MENINA ANJO,I25,Inverno 2025,1,12686
8759,MENINA ANJO,I26,Inverno 2026,4,390720
8764,KIKI,I25,Inverno 2025,1,2068
8765,MENINA ANJO,I26,Inverno 2026,4,520960
8765,MENINA ANJO,V27,Verão 2027,6,558720
8779,KIKI,I25,Inverno 2025,1,25329
8779,KIKI,I26,Inverno 2026,4,8161
8779,KIKI,V26,Verão 2026,3,12197
8779,MENINA ANJO,I25,Inverno 2025,1,9864
8779,MENINA ANJO,I26,Inverno 2026,4,5166
8779,MENINA ANJO,V26,Verão 2026,3,19246
8779,VALENT,I26,Inverno 2026,4,601436
8779,VALENT,V26,Verão 2026,3,838
8780,KIKI,I25,Inverno 2025,1,9590
8780,KIKI,I26,Inverno 2026,4,8198
8780,KIKI,V26,Verão 2026,3,6004
8780,MENINA ANJO,I26,Inverno 2026,4,18419
8780,MENINA ANJO,T25,Tropical 2025,2,3206
8780,MENINA ANJO,V26,Verão 2026,3,18969
8780,VALENT,V26,Verão 2026,3,6052
8781,KIKI,I25,Inverno 2025,1,8737
8781,KIKI,V26,Verão 2026,3,4203
8781,KIKI,V27,Verão 2027,6,6356
8781,MENINA ANJO,I25,Inverno 2025,1,2783
8796,KIKI,I25,Inverno 2025,1,70969
8796,KIKI,I26,Inverno 2026,4,4050
8796,KIKI,T25,Tropical 2025,2,24780
8796,KIKI,V26,Verão 2026,3,7974
8796,KIKI,V27,Verão 2027,6,2135
8796,MENINA ANJO,I25,Inverno 2025,1,34283
8796,MENINA ANJO,T25,Tropical 2025,2,10099
8796,MENINA ANJO,V27,Verão 2027,6,3224
8802,KIKI,V26,Verão 2026,3,16351
8802,VALENT,V26,Verão 2026,3,9734
8817,KIKI,V26,Verão 2026,3,5
8822,KIKI,I25,Inverno 2025,1,13
8822,KIKI,I26,Inverno 2026,4,12
8822,KIKI,V26,Verão 2026,3,2
8822,KIKI,V27,Verão 2027,6,1226252
8822,MENINA ANJO,I25,Inverno 2025,1,6
8822,VALENT,V26,Verão 2026,3,3
8829,KIKI,V26,Verão 2026,3,24980
8829,MENINA ANJO,V26,Verão 2026,3,6968
8829,VALENT,V26,Verão 2026,3,11756
8836,KIKI,I25,Inverno 2025,1,12691
8836,KIKI,I26,Inverno 2026,4,23153
8836,KIKI,V26,Verão 2026,3,7166
8836,MENINA ANJO,I25,Inverno 2025,1,14
8836,MENINA ANJO,V26,Verão 2026,3,23090
8849,KIKI,V26,Verão 2026,3,3942
8849,MENINA ANJO,I25,Inverno 2025,1,2644
8878,KIKI,I25,Inverno 2025,1,8504
8878,MENINA ANJO,I25,Inverno 2025,1,16405
8926,KIKI,I26,Inverno 2026,4,5603
8926,KIKI,V26,Verão 2026,3,6970
8935,KIKI,V26,Verão 2026,3,8
8936,KIKI,I25,Inverno 2025,1,15836
8936,KIKI,I26,Inverno 2026,4,149809
8936,KIKI,T25,Tropical 2025,2,1566
8936,KIKI,V26,Verão 2026,3,33633
8936,KIKI,V27,Verão 2027,6,288598
8936,MENINA ANJO,I25,Inverno 2025,1,4590
8936,MENINA ANJO,I26,Inverno 2026,4,3495
8936,MENINA ANJO,V26,Verão 2026,3,4427
8936,MENINA ANJO,V27,Verão 2027,6,8889
8936,VALENT,I26,Inverno 2026,4,284284
8936,VALENT,V26,Verão 2026,3,4072
8936,VALENT,V27,Verão 2027,6,5814
8968,KIKI,I25,Inverno 2025,1,5517
8968,KIKI,V26,Verão 2026,3,23654
8968,VALENT,V26,Verão 2026,3,14092
8969,KIKI,V26,Verão 2026,3,13952
8970,KIKI,I25,Inverno 2025,1,6
8988,KIKI,I25,Inverno 2025,1,6122
8988,KIKI,V26,Verão 2026,3,5726
8988,MENINA ANJO,I25,Inverno 2025,1,6866
8988,VALENT,V26,Verão 2026,3,2450
8989,KIKI,V26,Verão 2026,3,4
8997,KIKI,I25,Inverno 2025,1,11613
8997,KIKI,V26,Verão 2026,3,5
8997,KIKI,V27,Verão 2027,6,5
8997,MENINA ANJO,I25,Inverno 2025,1,8673
8999,KIKI,I26,Inverno 2026,4,2588
8999,KIKI,V26,Verão 2026,3,4419
8999,MENINA ANJO,V26,Verão 2026,3,1955
9011,KIKI,I25,Inverno 2025,1,22183
9011,KIKI,I26,Inverno 2026,4,9171
9011,KIKI,T25,Tropical 2025,2,14157
9011,KIKI,V26,Verão 2026,3,64823
9011,MENINA ANJO,I25,Inverno 2025,1,1973
9011,MENINA ANJO,I26,Inverno 2026,4,2846
9011,MENINA ANJO,T25,Tropical 2025,2,5859
9011,MENINA ANJO,V26,Verão 2026,3,15714
9017,MENINA ANJO,I26,Inverno 2026,4,6
9027,KIKI,I25,Inverno 2025,1,4321
9027,KIKI,I26,Inverno 2026,4,1
9027,KIKI,V26,Verão 2026,3,5
9027,KIKI,V27,Verão 2027,6,4
9027,MENINA ANJO,I25,Inverno 2025,1,4537
9028,KIKI,I25,Inverno 2025,1,69298
9028,KIKI,I26,Inverno 2026,4,64380
9028,KIKI,T25,Tropical 2025,2,26587
9028,KIKI,V26,Verão 2026,3,197780
9028,MENINA ANJO,I25,Inverno 2025,1,16528
9028,MENINA ANJO,I26,Inverno 2026,4,3364
9028,MENINA ANJO,T25,Tropical 2025,2,2199
9028,MENINA ANJO,V26,Verão 2026,3,18976
9028,VALENT,V26,Verão 2026,3,26335
9032,KIKI,I25,Inverno 2025,1,47254
9032,KIKI,V26,Verão 2026,3,7760
9032,MENINA ANJO,V26,Verão 2026,3,1920
9034,KIKI,I25,Inverno 2025,1,8148
9034,KIKI,V26,Verão 2026,3,266086
9034,MENINA ANJO,I25,Inverno 2025,1,3541
9035,KIKI,V26,Verão 2026,3,2
9035,VALENT,V26,Verão 2026,3,3
9121,KIKI,I26,Inverno 2026,4,631559
9121,KIKI,T26,Tropical 2026,5,20058
9121,KIKI,V26,Verão 2026,3,128851
9121,MENINA ANJO,I26,Inverno 2026,4,26840
9121,MENINA ANJO,T26,Tropical 2026,5,3831
9121,MENINA ANJO,V26,Verão 2026,3,39874
9121,VALENT,V26,Verão 2026,3,43478
9137,KIKI,I25,Inverno 2025,1,8825
9137,MENINA ANJO,I25,Inverno 2025,1,2875
9151,KIKI,I25,Inverno 2025,1,41483
9151,KIKI,V26,Verão 2026,3,86120
9151,MENINA ANJO,I25,Inverno 2025,1,11596
9151,MENINA ANJO,V26,Verão 2026,3,26293
9154,KIKI,I26,Inverno 2026,4,1501
9154,KIKI,V26,Verão 2026,3,6838
9154,KIKI,V27,Verão 2027,6,5852
9154,MENINA ANJO,I26,Inverno 2026,4,8147
9154,MENINA ANJO,V26,Verão 2026,3,2270
9154,MENINA ANJO,V27,Verão 2027,6,15016
9154,VALENT,V27,Verão 2027,6,11034
9155,KIKI,V26,Verão 2026,3,3129
9155,MENINA ANJO,V26,Verão 2026,3,1810
9155,VALENT,V26,Verão 2026,3,5262
9170,KIKI,I25,Inverno 2025,1,2527
9174,KIKI,I26,Inverno 2026,4,56891
9174,KIKI,T26,Tropical 2026,5,2512
9174,KIKI,V26,Verão 2026,3,41414
9174,MENINA ANJO,I26,Inverno 2026,4,819003
9174,MENINA ANJO,V26,Verão 2026,3,11552
9174,VALENT,I26,Inverno 2026,4,10556
9174,VALENT,T26,Tropical 2026,5,2563
9175,KIKI,V26,Verão 2026,3,14
9176,KIKI,I25,Inverno 2025,1,2288
9176,KIKI,I26,Inverno 2026,4,4104
9176,KIKI,V26,Verão 2026,3,10137
9177,KIKI,I25,Inverno 2025,1,12503
9177,KIKI,I26,Inverno 2026,4,411199
9177,KIKI,V26,Verão 2026,3,16701
9177,KIKI,V27,Verão 2027,6,23587
9177,MENINA ANJO,I25,Inverno 2025,1,3974
9177,MENINA ANJO,I26,Inverno 2026,4,7502
9177,MENINA ANJO,V26,Verão 2026,3,16150
9177,MENINA ANJO,V27,Verão 2027,6,11156
9177,VALENT,I26,Inverno 2026,4,1179806
9177,VALENT,V27,Verão 2027,6,5299
9183,KIKI,V26,Verão 2026,3,62300
9183,KIKI,V27,Verão 2027,6,93309
9183,MENINA ANJO,V26,Verão 2026,3,28511
9183,MENINA ANJO,V27,Verão 2027,6,50115
9183,VALENT,V26,Verão 2026,3,62135
9183,VALENT,V27,Verão 2027,6,26917
9204,KIKI,I25,Inverno 2025,1,15467
9204,KIKI,I26,Inverno 2026,4,26592
9204,KIKI,V26,Verão 2026,3,17094
9204,KIKI,V27,Verão 2027,6,1495267
9204,MENINA ANJO,V26,Verão 2026,3,22826
9204,MENINA ANJO,V27,Verão 2027,6,1077011
9204,VALENT,V26,Verão 2026,3,2158
9205,KIKI,I25,Inverno 2025,1,8926
9205,KIKI,I26,Inverno 2026,4,26592
9205,KIKI,V26,Verão 2026,3,26
9205,KIKI,V27,Verão 2027,6,1495267
9205,MENINA ANJO,V27,Verão 2027,6,1077011
9206,KIKI,I25,Inverno 2025,1,12690
9206,KIKI,I26,Inverno 2026,4,26592
9206,KIKI,V26,Verão 2026,3,26
9206,KIKI,V27,Verão 2027,6,1495267
9206,MENINA ANJO,V27,Verão 2027,6,1077011
9210,KIKI,I25,Inverno 2025,1,22858
9210,KIKI,V26,Verão 2026,3,36354
9210,KIKI,V27,Verão 2027,6,19114
9210,MENINA ANJO,I25,Inverno 2025,1,13705
9210,MENINA ANJO,I26,Inverno 2026,4,2383
9210,MENINA ANJO,V26,Verão 2026,3,29457
9210,MENINA ANJO,V27,Verão 2027,6,413163
9210,VALENT,I26,Inverno 2026,4,150779
9210,VALENT,V26,Verão 2026,3,24069
9210,VALENT,V27,Verão 2027,6,14368
9212,KIKI,V26,Verão 2026,3,5
9212,MENINA ANJO,I26,Inverno 2026,4,520960
9215,KIKI,I25,Inverno 2025,1,4136
9215,KIKI,V26,Verão 2026,3,384962
9217,KIKI,I25,Inverno 2025,1,12176
9217,KIKI,I26,Inverno 2026,4,10881
9217,KIKI,T25,Tropical 2025,2,3312
9217,KIKI,V26,Verão 2026,3,3615
9217,KIKI,V27,Verão 2027,6,1248084
9217,MENINA ANJO,V26,Verão 2026,3,8
9222,KIKI,V26,Verão 2026,3,2108
9222,VALENT,V26,Verão 2026,3,2675
9230,KIKI,V26,Verão 2026,3,21494
9230,KIKI,V27,Verão 2027,6,13575
9230,MENINA ANJO,V27,Verão 2027,6,3820
9230,VALENT,V27,Verão 2027,6,1582
9232,KIKI,I25,Inverno 2025,1,45703
9232,KIKI,I26,Inverno 2026,4,29330
9232,KIKI,V26,Verão 2026,3,65662
9232,KIKI,V27,Verão 2027,6,40872
9232,MENINA ANJO,I25,Inverno 2025,1,12415
9232,MENINA ANJO,I26,Inverno 2026,4,9133
9232,MENINA ANJO,V26,Verão 2026,3,6988
9232,MENINA ANJO,V27,Verão 2027,6,16692
9232,VALENT,I26,Inverno 2026,4,3694
9232,VALENT,V26,Verão 2026,3,3636
9232,VALENT,V27,Verão 2027,6,15462
9234,KIKI,I26,Inverno 2026,4,65021
9234,KIKI,V26,Verão 2026,3,4922
9234,MENINA ANJO,V26,Verão 2026,3,8262
9234,VALENT,I26,Inverno 2026,4,2450577
9234,VALENT,V26,Verão 2026,3,34891
9250,KIKI,I26,Inverno 2026,4,7103
9250,KIKI,V26,Verão 2026,3,4176
9262,KIKI,I26,Inverno 2026,4,2630
9262,KIKI,V26,Verão 2026,3,15730
9295,KIKI,I25,Inverno 2025,1,14
9295,KIKI,V26,Verão 2026,3,12
9295,KIKI,V27,Verão 2027,6,12412
9295,MENINA ANJO,I25,Inverno 2025,1,32
9295,VALENT,V26,Verão 2026,3,13
9295,VALENT,V27,Verão 2027,6,12
9300,KIKI,V26,Verão 2026,3,5016
9301,KIKI,V26,Verão 2026,3,3960
9306,KIKI,I25,Inverno 2025,1,17317
9306,KIKI,I26,Inverno 2026,4,4
9306,KIKI,V27,Verão 2027,6,259360
9320,KIKI,I26,Inverno 2026,4,14163
9320,KIKI,V26,Verão 2026,3,2239
9320,KIKI,V27,Verão 2027,6,713741
9320,MENINA ANJO,I26,Inverno 2026,4,2946
9320,MENINA ANJO,V26,Verão 2026,3,2675
9320,MENINA ANJO,V27,Verão 2027,6,5388
9320,VALENT,V26,Verão 2026,3,2158
9320,VALENT,V27,Verão 2027,6,6311
9323,KIKI,V26,Verão 2026,3,9
9324,KIKI,I25,Inverno 2025,1,2138
9324,KIKI,I26,Inverno 2026,4,8888
9324,KIKI,V26,Verão 2026,3,102036
9324,MENINA ANJO,V26,Verão 2026,3,55962
9324,VALENT,V26,Verão 2026,3,66820
9325,KIKI,V26,Verão 2026,3,6078
9325,MENINA ANJO,V26,Verão 2026,3,6982
9335,KIKI,V26,Verão 2026,3,15103
9341,KIKI,V26,Verão 2026,3,21514
9341,MENINA ANJO,V26,Verão 2026,3,5978
9356,KIKI,I26,Inverno 2026,4,1
9356,KIKI,V26,Verão 2026,3,1
9356,VALENT,I26,Inverno 2026,4,2
9366,KIKI,I25,Inverno 2025,1,10834
9366,KIKI,I26,Inverno 2026,4,1501
9366,KIKI,V26,Verão 2026,3,17183
9366,MENINA ANJO,I25,Inverno 2025,1,11340
9366,VALENT,I26,Inverno 2026,4,1078500
9366,VALENT,V27,Verão 2027,6,4491
9379,KIKI,I25,Inverno 2025,1,7259
9379,KIKI,I26,Inverno 2026,4,5
9379,MENINA ANJO,I25,Inverno 2025,1,9806
9379,MENINA ANJO,I26,Inverno 2026,4,520960
9379,VALENT,V26,Verão 2026,3,3
9390,KIKI,I25,Inverno 2025,1,16
9390,KIKI,I26,Inverno 2026,4,3
9390,KIKI,V26,Verão 2026,3,2
9390,MENINA ANJO,I25,Inverno 2025,1,3
9390,MENINA ANJO,I26,Inverno 2026,4,781440
9390,MENINA ANJO,V26,Verão 2026,3,3
9396,KIKI,I25,Inverno 2025,1,4734
9405,KIKI,I26,Inverno 2026,4,2
9405,KIKI,V26,Verão 2026,3,1
9414,KIKI,I25,Inverno 2025,1,15374
9414,KIKI,T25,Tropical 2025,2,505
9414,MENINA ANJO,I25,Inverno 2025,1,9340
9414,MENINA ANJO,T25,Tropical 2025,2,543
9415,VALENT,I26,Inverno 2026,4,537
9416,KIKI,I25,Inverno 2025,1,1776
9416,MENINA ANJO,I25,Inverno 2025,1,3300
9419,KIKI,I25,Inverno 2025,1,31772
9419,KIKI,V27,Verão 2027,6,1
9429,KIKI,I25,Inverno 2025,1,9
9429,KIKI,V26,Verão 2026,3,513280
9474,KIKI,I25,Inverno 2025,1,9343
9474,KIKI,I26,Inverno 2026,4,4
9474,KIKI,V26,Verão 2026,3,5
9474,KIKI,V27,Verão 2027,6,518725
9474,MENINA ANJO,I26,Inverno 2026,4,520960
9477,KIKI,I25,Inverno 2025,1,8
9477,MENINA ANJO,I25,Inverno 2025,1,23
9478,KIKI,V26,Verão 2026,3,14690
9478,MENINA ANJO,V26,Verão 2026,3,5614
9478,VALENT,V26,Verão 2026,3,5206
9479,KIKI,V26,Verão 2026,3,712
9479,MENINA ANJO,V26,Verão 2026,3,5850
9479,VALENT,V26,Verão 2026,3,2822
9482,KIKI,I25,Inverno 2025,1,9700
9482,KIKI,I26,Inverno 2026,4,3
9482,KIKI,V26,Verão 2026,3,3
9482,MENINA ANJO,I25,Inverno 2025,1,18976
9483,KIKI,I26,Inverno 2026,4,3
9483,KIKI,V26,Verão 2026,3,266080
9483,KIKI,V27,Verão 2027,6,518720
9483,MENINA ANJO,I26,Inverno 2026,4,520960
9502,MENINA ANJO,I26,Inverno 2026,4,4752
9502,MENINA ANJO,V26,Verão 2026,3,2855
9502,MENINA ANJO,V27,Verão 2027,6,2770
9502,VALENT,I26,Inverno 2026,4,1044300
9502,VALENT,V27,Verão 2027,6,7076
9532,KIKI,I25,Inverno 2025,1,4091
9532,KIKI,V26,Verão 2026,3,17593
9535,KIKI,I26,Inverno 2026,4,10967
9535,KIKI,V27,Verão 2027,6,15548
9535,VALENT,I26,Inverno 2026,4,599400
9535,VALENT,V27,Verão 2027,6,1928
9536,KIKI,V26,Verão 2026,3,7289
9536,MENINA ANJO,V26,Verão 2026,3,10750
9540,KIKI,I25,Inverno 2025,1,4468
9540,KIKI,V26,Verão 2026,3,143820
9540,MENINA ANJO,I25,Inverno 2025,1,5960
9540,VALENT,V26,Verão 2026,3,145350
9552,KIKI,I25,Inverno 2025,1,2618
9552,KIKI,I26,Inverno 2026,4,11
9558,KIKI,I25,Inverno 2025,1,15044
9558,KIKI,I26,Inverno 2026,4,2816
9558,KIKI,V26,Verão 2026,3,4198
9558,VALENT,I26,Inverno 2026,4,516900
9587,KIKI,I25,Inverno 2025,1,2
9587,KIKI,I26,Inverno 2026,4,6770
9587,KIKI,V26,Verão 2026,3,10532
9587,MENINA ANJO,I25,Inverno 2025,1,4
9592,KIKI,I25,Inverno 2025,1,11088
9592,KIKI,I26,Inverno 2026,4,9010
9592,KIKI,V26,Verão 2026,3,1357
9592,MENINA ANJO,I25,Inverno 2025,1,11524
9592,MENINA ANJO,V26,Verão 2026,3,2603
9597,KIKI,I25,Inverno 2025,1,3794
9597,KIKI,V26,Verão 2026,3,7
9607,KIKI,I25,Inverno 2025,1,19060
9607,KIKI,I26,Inverno 2026,4,2549
9607,KIKI,V26,Verão 2026,3,28264
9607,MENINA ANJO,I25,Inverno 2025,1,2675
9607,MENINA ANJO,I26,Inverno 2026,4,6332
9607,MENINA ANJO,V26,Verão 2026,3,2675
9607,VALENT,V26,Verão 2026,3,2158
9624,KIKI,I25,Inverno 2025,1,4010
9624,KIKI,V26,Verão 2026,3,5681
9624,KIKI,V27,Verão 2027,6,525900
9624,MENINA ANJO,V26,Verão 2026,3,39870
9624,MENINA ANJO,V27,Verão 2027,6,797558
9624,VALENT,V26,Verão 2026,3,2158
9632,KIKI,I25,Inverno 2025,1,29037
9632,MENINA ANJO,I25,Inverno 2025,1,8238
9655,KIKI,V26,Verão 2026,3,384962
9656,KIKI,I25,Inverno 2025,1,4518
9656,KIKI,V26,Verão 2026,3,89666
9656,MENINA ANJO,I25,Inverno 2025,1,2968
9656,MENINA ANJO,V26,Verão 2026,3,21931
9656,VALENT,V26,Verão 2026,3,15160
9667,KIKI,V26,Verão 2026,3,10436
9680,KIKI,I25,Inverno 2025,1,4136
9680,KIKI,V26,Verão 2026,3,513282
9685,KIKI,I25,Inverno 2025,1,8804
9713,KIKI,I25,Inverno 2025,1,17202
9713,KIKI,I26,Inverno 2026,4,3
9713,KIKI,V27,Verão 2027,6,3317
9713,MENINA ANJO,I25,Inverno 2025,1,15040
9713,MENINA ANJO,I26,Inverno 2026,4,130240
9713,VALENT,V26,Verão 2026,3,4
9724,KIKI,I25,Inverno 2025,1,6704
9724,KIKI,I26,Inverno 2026,4,4
9724,KIKI,V26,Verão 2026,3,5
9724,KIKI,V27,Verão 2027,6,842080
9724,VALENT,V26,Verão 2026,3,3
9748,KIKI,I25,Inverno 2025,1,1540803
9768,KIKI,V26,Verão 2026,3,2621
9768,MENINA ANJO,V26,Verão 2026,3,5607
9780,KIKI,I25,Inverno 2025,1,7012
9780,KIKI,I26,Inverno 2026,4,3
9780,KIKI,V26,Verão 2026,3,2
9780,KIKI,V27,Verão 2027,6,518731
9780,MENINA ANJO,I25,Inverno 2025,1,9851
9780,MENINA ANJO,I26,Inverno 2026,4,260480
9808,KIKI,I26,Inverno 2026,4,9
9808,KIKI,V26,Verão 2026,3,1045441
9808,MENINA ANJO,I25,Inverno 2025,1,5911
9815,KIKI,V26,Verão 2026,3,4365
9815,KIKI,V27,Verão 2027,6,534426
9815,MENINA ANJO,V27,Verão 2027,6,515400
9815,VALENT,V27,Verão 2027,6,1654
9820,KIKI,I25,Inverno 2025,1,6704
9820,KIKI,V27,Verão 2027,6,2
9820,VALENT,V26,Verão 2026,3,3
9822,KIKI,I25,Inverno 2025,1,8
9822,KIKI,I26,Inverno 2026,4,1
9822,KIKI,V26,Verão 2026,3,1
9844,KIKI,I25,Inverno 2025,1,4029
9852,KIKI,I25,Inverno 2025,1,42908
9852,KIKI,I26,Inverno 2026,4,397791
9852,KIKI,V26,Verão 2026,3,15147
9852,KIKI,V27,Verão 2027,6,8694
9852,MENINA ANJO,I25,Inverno 2025,1,10188
9852,MENINA ANJO,V26,Verão 2026,3,4946
9852,MENINA ANJO,V27,Verão 2027,6,3402
9852,VALENT,I26,Inverno 2026,4,285610
9852,VALENT,V26,Verão 2026,3,817
9855,KIKI,I25,Inverno 2025,1,1726
9855,KIKI,I26,Inverno 2026,4,1501
9855,KIKI,V26,Verão 2026,3,10354
9855,KIKI,V27,Verão 2027,6,8884
9855,MENINA ANJO,V26,Verão 2026,3,2531
9855,VALENT,V26,Verão 2026,3,2165
9855,VALENT,V27,Verão 2027,6,5753
9857,KIKI,V26,Verão 2026,3,2275
9864,KIKI,I25,Inverno 2025,1,9665
9864,KIKI,I26,Inverno 2026,4,9
9864,KIKI,V26,Verão 2026,3,7
9864,MENINA ANJO,I25,Inverno 2025,1,9
9864,MENINA ANJO,I26,Inverno 2026,4,8
9880,MENINA ANJO,V26,Verão 2026,3,2936
9895,KIKI,I26,Inverno 2026,4,41764
9895,KIKI,V26,Verão 2026,3,59387
9895,MENINA ANJO,I26,Inverno 2026,4,10949
9895,MENINA ANJO,V26,Verão 2026,3,6949
9895,VALENT,V26,Verão 2026,3,34658
9896,KIKI,I26,Inverno 2026,4,41764
9896,KIKI,V26,Verão 2026,3,59387
9896,MENINA ANJO,I26,Inverno 2026,4,10949
9896,MENINA ANJO,V26,Verão 2026,3,6949
9896,VALENT,V26,Verão 2026,3,34658
9897,KIKI,I26,Inverno 2026,4,41764
9897,KIKI,V26,Verão 2026,3,59387
9897,MENINA ANJO,I26,Inverno 2026,4,10949
9897,MENINA ANJO,V26,Verão 2026,3,6949
9897,VALENT,V26,Verão 2026,3,34658
9906,KIKI,I25,Inverno 2025,1,10394
9906,KIKI,I26,Inverno 2026,4,3
9906,MENINA ANJO,I25,Inverno 2025,1,5528
9909,KIKI,I25,Inverno 2025,1,12798
9909,KIKI,V27,Verão 2027,6,402480
9909,MENINA ANJO,I25,Inverno 2025,1,6129
9912,KIKI,I25,Inverno 2025,1,18091
9912,KIKI,I26,Inverno 2026,4,15932
9912,KIKI,V26,Verão 2026,3,20683
9912,MENINA ANJO,I25,Inverno 2025,1,4502
9912,MENINA ANJO,I26,Inverno 2026,4,5004
9912,MENINA ANJO,V26,Verão 2026,3,2567
9912,VALENT,I26,Inverno 2026,4,5650
9912,VALENT,V26,Verão 2026,3,2158
9923,KIKI,I25,Inverno 2025,1,3330
9923,KIKI,I26,Inverno 2026,4,4
9923,KIKI,V26,Verão 2026,3,784082
9930,KIKI,I26,Inverno 2026,4,20470
9930,KIKI,V26,Verão 2026,3,9727
9933,KIKI,I25,Inverno 2025,1,14
9933,KIKI,V26,Verão 2026,3,25
9933,KIKI,V27,Verão 2027,6,12412
9933,MENINA ANJO,I25,Inverno 2025,1,32
9933,VALENT,V27,Verão 2027,6,12
9934,KIKI,V27,Verão 2027,6,5
9937,KIKI,I25,Inverno 2025,1,6329
9937,KIKI,V26,Verão 2026,3,92776
9937,MENINA ANJO,I25,Inverno 2025,1,2203
9937,MENINA ANJO,V26,Verão 2026,3,21081
9937,VALENT,V26,Verão 2026,3,26673
9942,KIKI,I25,Inverno 2025,1,1402
9942,KIKI,I26,Inverno 2026,4,2
9942,MENINA ANJO,V27,Verão 2027,6,457020
9944,KIKI,I25,Inverno 2025,1,14246
9944,KIKI,I26,Inverno 2026,4,2
9944,MENINA ANJO,I25,Inverno 2025,1,11884
9944,VALENT,I26,Inverno 2026,4,284480
9949,KIKI,I25,Inverno 2025,1,7596
9949,KIKI,I26,Inverno 2026,4,2334
9949,KIKI,T25,Tropical 2025,2,3722
9949,KIKI,V26,Verão 2026,3,13334
9956,KIKI,I25,Inverno 2025,1,30294
9956,KIKI,V26,Verão 2026,3,59124
9956,MENINA ANJO,I25,Inverno 2025,1,7742
9956,MENINA ANJO,V26,Verão 2026,3,18671
9962,KIKI,I25,Inverno 2025,1,10394
9962,MENINA ANJO,I25,Inverno 2025,1,5528
9963,KIKI,I25,Inverno 2025,1,10394
9963,KIKI,I26,Inverno 2026,4,3
9963,MENINA ANJO,I25,Inverno 2025,1,5528
9966,KIKI,V26,Verão 2026,3,40905
9966,VALENT,V26,Verão 2026,3,37690
9977,KIKI,I25,Inverno 2025,1,6158
9977,KIKI,I26,Inverno 2026,4,2495
9977,KIKI,V26,Verão 2026,3,6757
9977,KIKI,V27,Verão 2027,6,8246
9977,MENINA ANJO,I25,Inverno 2025,1,2801
9977,VALENT,V27,Verão 2027,6,2248
9978,KIKI,I25,Inverno 2025,1,6158
9978,KIKI,I26,Inverno 2026,4,2495
9978,KIKI,V26,Verão 2026,3,6757
9978,KIKI,V27,Verão 2027,6,8246
9978,MENINA ANJO,I25,Inverno 2025,1,2801
9978,VALENT,V27,Verão 2027,6,2248
9979,KIKI,I25,Inverno 2025,1,7049
9979,KIKI,I26,Inverno 2026,4,16232
9979,KIKI,V26,Verão 2026,3,14310
9979,KIKI,V27,Verão 2027,6,446797
9979,MENINA ANJO,I25,Inverno 2025,1,12985
9979,MENINA ANJO,I26,Inverno 2026,4,4684
9979,MENINA ANJO,V26,Verão 2026,3,16492
9979,MENINA ANJO,V27,Verão 2027,6,403013
9979,VALENT,I26,Inverno 2026,4,1213500
9979,VALENT,V26,Verão 2026,3,2330
9982,KIKI,I25,Inverno 2025,1,6158
9982,KIKI,I26,Inverno 2026,4,2495
9982,KIKI,V26,Verão 2026,3,6757
9982,KIKI,V27,Verão 2027,6,8246
9982,MENINA ANJO,I25,Inverno 2025,1,2801
9982,VALENT,V27,Verão 2027,6,2248
9987,KIKI,I25,Inverno 2025,1,11004
9987,KIKI,I26,Inverno 2026,4,5
9987,MENINA ANJO,I25,Inverno 2025,1,5469
9988,KIKI,I25,Inverno 2025,1,94435
9988,KIKI,I26,Inverno 2026,4,2461
9988,KIKI,V26,Verão 2026,3,179290
9988,MENINA ANJO,I25,Inverno 2025,1,29942
9988,MENINA ANJO,V26,Verão 2026,3,70763
9988,VALENT,V26,Verão 2026,3,611625
9989,KIKI,I25,Inverno 2025,1,6120
9989,KIKI,I26,Inverno 2026,4,8723
9989,KIKI,V26,Verão 2026,3,4590
9989,MENINA ANJO,V26,Verão 2026,3,12747
9992,KIKI,I25,Inverno 2025,1,5728
9992,KIKI,I26,Inverno 2026,4,2386
9992,KIKI,V26,Verão 2026,3,10732
9992,KIKI,V27,Verão 2027,6,529958
9992,MENINA ANJO,I25,Inverno 2025,1,16461
9992,MENINA ANJO,I26,Inverno 2026,4,2891
9992,MENINA ANJO,V26,Verão 2026,3,16191
9992,MENINA ANJO,V27,Verão 2027,6,6784
9995,KIKI,I26,Inverno 2026,4,14348
9995,KIKI,T26,Tropical 2026,5,17138
9995,KIKI,V26,Verão 2026,3,154436
9995,KIKI,V27,Verão 2027,6,388673
9995,MENINA ANJO,T26,Tropical 2026,5,3779
9995,MENINA ANJO,V26,Verão 2026,3,53859
9995,MENINA ANJO,V27,Verão 2027,6,35798
9995,VALENT,V26,Verão 2026,3,72826
10002,KIKI,I26,Inverno 2026,4,4512
10002,KIKI,V26,Verão 2026,3,15
10011,KIKI,V26,Verão 2026,3,67459
10011,MENINA ANJO,V26,Verão 2026,3,27267
10011,VALENT,V26,Verão 2026,3,438153
10023,KIKI,I25,Inverno 2025,1,9694
10023,KIKI,I26,Inverno 2026,4,1
10023,KIKI,V26,Verão 2026,3,2
10023,MENINA ANJO,I25,Inverno 2025,1,5349
10031,KIKI,V26,Verão 2026,3,2554
10033,KIKI,I25,Inverno 2025,1,9
10035,KIKI,I25,Inverno 2025,1,1920
10035,KIKI,I26,Inverno 2026,4,4
10035,KIKI,V26,Verão 2026,3,5
10086,KIKI,I26,Inverno 2026,4,7
10086,MENINA ANJO,I26,Inverno 2026,4,7313
10105,KIKI,I25,Inverno 2025,1,4993
10105,KIKI,I26,Inverno 2026,4,1
10105,MENINA ANJO,I25,Inverno 2025,1,548
10126,KIKI,I25,Inverno 2025,1,27171
10126,KIKI,I26,Inverno 2026,4,12455
10126,KIKI,V26,Verão 2026,3,11068
10126,KIKI,V27,Verão 2027,6,2036
10126,MENINA ANJO,I26,Inverno 2026,4,4856
10126,MENINA ANJO,V26,Verão 2026,3,7814
10131,KIKI,I26,Inverno 2026,4,7769
10131,KIKI,T26,Tropical 2026,5,3974
10131,KIKI,V26,Verão 2026,3,12635
10131,MENINA ANJO,I26,Inverno 2026,4,5481
10131,MENINA ANJO,T26,Tropical 2026,5,3461
10131,MENINA ANJO,V26,Verão 2026,3,7448
10134,KIKI,I25,Inverno 2025,1,9838
10134,KIKI,I26,Inverno 2026,4,3
10134,KIKI,V27,Verão 2027,6,259021
10134,MENINA ANJO,I25,Inverno 2025,1,6948
10134,MENINA ANJO,I26,Inverno 2026,4,145350
10143,KIKI,V26,Verão 2026,3,29198
10143,MENINA ANJO,V26,Verão 2026,3,13763
10143,VALENT,V26,Verão 2026,3,5366
10172,KIKI,I25,Inverno 2025,1,10799
10172,KIKI,I26,Inverno 2026,4,7
10172,KIKI,V26,Verão 2026,3,532169
10172,KIKI,V27,Verão 2027,6,1207680
10172,VALENT,V27,Verão 2027,6,4
10175,KIKI,V26,Verão 2026,3,2554
10179,KIKI,I25,Inverno 2025,1,5521
10179,KIKI,I26,Inverno 2026,4,30881
10179,KIKI,V26,Verão 2026,3,4802
10179,MENINA ANJO,I26,Inverno 2026,4,8289
10179,VALENT,I26,Inverno 2026,4,12540
10186,KIKI,T25,Tropical 2025,2,3
10188,KIKI,I26,Inverno 2026,4,2374
10188,VALENT,I26,Inverno 2026,4,2216
10197,KIKI,I25,Inverno 2025,1,4658
10197,KIKI,I26,Inverno 2026,4,5
10197,MENINA ANJO,I25,Inverno 2025,1,2471
10220,KIKI,I25,Inverno 2025,1,44390
10220,KIKI,V26,Verão 2026,3,384960
10220,KIKI,V27,Verão 2027,6,1806710
10220,MENINA ANJO,I25,Inverno 2025,1,18164
10225,KIKI,I25,Inverno 2025,1,9846
10225,KIKI,I26,Inverno 2026,4,4131
10225,KIKI,V26,Verão 2026,3,44432
10225,MENINA ANJO,V26,Verão 2026,3,16128
10251,KIKI,I25,Inverno 2025,1,9333
10251,KIKI,I26,Inverno 2026,4,8
10251,KIKI,V26,Verão 2026,3,6
10251,MENINA ANJO,I25,Inverno 2025,1,15334
10254,KIKI,I26,Inverno 2026,4,7
10255,KIKI,V26,Verão 2026,3,4203
10261,KIKI,I25,Inverno 2025,1,11810
10261,KIKI,V27,Verão 2027,6,518720
10261,MENINA ANJO,I25,Inverno 2025,1,3417
10277,KIKI,I25,Inverno 2025,1,4279
10277,KIKI,I26,Inverno 2026,4,2549
10277,KIKI,T25,Tropical 2025,2,2614
10277,KIKI,V26,Verão 2026,3,13
10280,KIKI,I25,Inverno 2025,1,16099
10280,KIKI,I26,Inverno 2026,4,534872
10280,KIKI,V26,Verão 2026,3,3501
10280,KIKI,V27,Verão 2027,6,7875
10280,MENINA ANJO,I25,Inverno 2025,1,3874
10280,MENINA ANJO,V27,Verão 2027,6,27950
10280,VALENT,V27,Verão 2027,6,5420
10283,KIKI,I25,Inverno 2025,1,100393
10283,KIKI,I26,Inverno 2026,4,6605
10283,KIKI,V26,Verão 2026,3,1513
10283,MENINA ANJO,V26,Verão 2026,3,7
10283,VALENT,V27,Verão 2027,6,2
10293,KIKI,V26,Verão 2026,3,2110
10293,KIKI,V27,Verão 2027,6,16413
10293,MENINA ANJO,V26,Verão 2026,3,23272
10293,VALENT,V26,Verão 2026,3,23819
10304,KIKI,V26,Verão 2026,3,134634
10304,KIKI,V27,Verão 2027,6,80068
10304,MENINA ANJO,V26,Verão 2026,3,29230
10304,MENINA ANJO,V27,Verão 2027,6,24821
10304,VALENT,V26,Verão 2026,3,58679
10304,VALENT,V27,Verão 2027,6,79674
10314,KIKI,I25,Inverno 2025,1,75595
10314,KIKI,V26,Verão 2026,3,7034
10314,KIKI,V27,Verão 2027,6,708730
10314,MENINA ANJO,I25,Inverno 2025,1,12543
10315,KIKI,I25,Inverno 2025,1,75595
10315,KIKI,V26,Verão 2026,3,7034
10315,MENINA ANJO,I25,Inverno 2025,1,12543
10317,KIKI,I25,Inverno 2025,1,2918
10317,KIKI,V26,Verão 2026,3,5647
10317,MENINA ANJO,V26,Verão 2026,3,7310
10317,VALENT,V26,Verão 2026,3,2131
10323,KIKI,I25,Inverno 2025,1,13522
10323,MENINA ANJO,I25,Inverno 2025,1,1471
10324,KIKI,V26,Verão 2026,3,40701
10324,MENINA ANJO,V26,Verão 2026,3,15769
10324,VALENT,V26,Verão 2026,3,13334
10326,KIKI,I25,Inverno 2025,1,11534
10326,KIKI,V27,Verão 2027,6,4
10329,KIKI,I25,Inverno 2025,1,68613
10329,KIKI,T25,Tropical 2025,2,26587
10329,KIKI,V26,Verão 2026,3,197780
10329,MENINA ANJO,I25,Inverno 2025,1,13801
10329,MENINA ANJO,T25,Tropical 2025,2,2199
10329,MENINA ANJO,V26,Verão 2026,3,18976
10329,VALENT,V26,Verão 2026,3,26335
10336,KIKI,I25,Inverno 2025,1,8273
10336,KIKI,T25,Tropical 2025,2,3312
10336,KIKI,V26,Verão 2026,3,5951
10336,MENINA ANJO,V26,Verão 2026,3,5400
10341,KIKI,I25,Inverno 2025,1,4460
10341,KIKI,I26,Inverno 2026,4,529033
10341,KIKI,V26,Verão 2026,3,14036
10341,MENINA ANJO,V26,Verão 2026,3,11367
10341,VALENT,I26,Inverno 2026,4,7832
10344,KIKI,I25,Inverno 2025,1,73862
10344,KIKI,T25,Tropical 2025,2,15260
10344,KIKI,V26,Verão 2026,3,4482
10344,KIKI,V27,Verão 2027,6,2
10344,MENINA ANJO,I25,Inverno 2025,1,19261
10344,MENINA ANJO,V26,Verão 2026,3,2531
10344,MENINA ANJO,V27,Verão 2027,6,2
10344,VALENT,V26,Verão 2026,3,7178
10344,VALENT,V27,Verão 2027,6,2
10347,KIKI,I25,Inverno 2025,1,7518
10347,KIKI,I26,Inverno 2026,4,11709
10347,KIKI,V26,Verão 2026,3,10708
10347,VALENT,I26,Inverno 2026,4,1698396
10347,VALENT,V26,Verão 2026,3,17750
10382,KIKI,I25,Inverno 2025,1,24973
10382,MENINA ANJO,I25,Inverno 2025,1,25431
10397,KIKI,I25,Inverno 2025,1,13797
10397,KIKI,I26,Inverno 2026,4,4050
10397,KIKI,T26,Tropical 2026,5,2068
10397,KIKI,V26,Verão 2026,3,6104
10397,MENINA ANJO,I25,Inverno 2025,1,2707
10399,KIKI,I25,Inverno 2025,1,10422
10403,KIKI,I25,Inverno 2025,1,27508
10403,KIKI,I26,Inverno 2026,4,431487
10403,KIKI,V26,Verão 2026,3,27736
10403,MENINA ANJO,I25,Inverno 2025,1,11405
10403,MENINA ANJO,V26,Verão 2026,3,5139
10404,KIKI,V26,Verão 2026,3,25963
10404,MENINA ANJO,V26,Verão 2026,3,19566
10404,VALENT,V26,Verão 2026,3,2149
10406,KIKI,I25,Inverno 2025,1,10397
10406,KIKI,T25,Tropical 2025,2,1537
10406,KIKI,V26,Verão 2026,3,14776
10406,MENINA ANJO,T25,Tropical 2025,2,4761
10406,MENINA ANJO,V26,Verão 2026,3,2675
10419,KIKI,V27,Verão 2027,6,259365
10422,KIKI,V26,Verão 2026,3,45507
10432,KIKI,I25,Inverno 2025,1,7443
10432,KIKI,I26,Inverno 2026,4,2558
10432,KIKI,T25,Tropical 2025,2,7565
10432,KIKI,V26,Verão 2026,3,14498
10432,KIKI,V27,Verão 2027,6,17165
10432,MENINA ANJO,I25,Inverno 2025,1,15
10432,VALENT,I26,Inverno 2026,4,561600
10432,VALENT,V27,Verão 2027,6,3423
10459,KIKI,I25,Inverno 2025,1,8344
10459,KIKI,I26,Inverno 2026,4,4050
10459,KIKI,T25,Tropical 2025,2,718
10459,KIKI,V26,Verão 2026,3,11685
10459,KIKI,V27,Verão 2027,6,5104
10459,MENINA ANJO,V26,Verão 2026,3,2464
10459,MENINA ANJO,V27,Verão 2027,6,135309
10460,KIKI,I25,Inverno 2025,1,4460
10460,KIKI,V26,Verão 2026,3,5996
10460,MENINA ANJO,I25,Inverno 2025,1,5081
10485,VALENT,V26,Verão 2026,3,2
10494,KIKI,I25,Inverno 2025,1,5
10494,KIKI,I26,Inverno 2026,4,7
10494,MENINA ANJO,I25,Inverno 2025,1,23455
10512,KIKI,I25,Inverno 2025,1,92483
10512,KIKI,T25,Tropical 2025,2,29500
10512,KIKI,V26,Verão 2026,3,1280408
10512,KIKI,V27,Verão 2027,6,3828318
10512,MENINA ANJO,T25,Tropical 2025,2,6785
10512,MENINA ANJO,V26,Verão 2026,3,157193
10512,MENINA ANJO,V27,Verão 2027,6,652776
10512,VALENT,V26,Verão 2026,3,432905
10512,VALENT,V27,Verão 2027,6,189119
10529,KIKI,I26,Inverno 2026,4,6044
10529,VALENT,V26,Verão 2026,3,2158
10536,KIKI,I25,Inverno 2025,1,12720
10536,KIKI,V26,Verão 2026,3,128320
10536,MENINA ANJO,I25,Inverno 2025,1,9090
10561,KIKI,I25,Inverno 2025,1,75595
10561,KIKI,V26,Verão 2026,3,4388
10561,KIKI,V27,Verão 2027,6,708730
10561,MENINA ANJO,I25,Inverno 2025,1,12543
10564,KIKI,I25,Inverno 2025,1,44744
10564,KIKI,I26,Inverno 2026,4,593093
10564,KIKI,V26,Verão 2026,3,8726
10564,MENINA ANJO,I25,Inverno 2025,1,19526
10564,MENINA ANJO,I26,Inverno 2026,4,12002
10564,MENINA ANJO,V26,Verão 2026,3,3302
10564,VALENT,I26,Inverno 2026,4,31982
10564,VALENT,V26,Verão 2026,3,3
10576,KIKI,V26,Verão 2026,3,8312
10601,KIKI,I25,Inverno 2025,1,14888
10601,MENINA ANJO,I25,Inverno 2025,1,7724
10603,KIKI,I25,Inverno 2025,1,9667
10603,KIKI,I26,Inverno 2026,4,5
10603,KIKI,V27,Verão 2027,6,2
10603,MENINA ANJO,I25,Inverno 2025,1,1139
10603,MENINA ANJO,V26,Verão 2026,3,4
10603,MENINA ANJO,V27,Verão 2027,6,2
10603,VALENT,I26,Inverno 2026,4,4
10603,VALENT,V26,Verão 2026,3,581400
10605,KIKI,V26,Verão 2026,3,5540
10605,MENINA ANJO,V26,Verão 2026,3,821
10609,KIKI,I25,Inverno 2025,1,6
10609,KIKI,I26,Inverno 2026,4,3231
10609,KIKI,V26,Verão 2026,3,6419
10609,MENINA ANJO,V26,Verão 2026,3,22894
10611,KIKI,I25,Inverno 2025,1,6325
10611,KIKI,V26,Verão 2026,3,2063
10628,VALENT,V26,Verão 2026,3,7156
10637,KIKI,I25,Inverno 2025,1,10425
10637,KIKI,I26,Inverno 2026,4,5
10637,KIKI,V27,Verão 2027,6,518732
10637,MENINA ANJO,I25,Inverno 2025,1,9934
10637,MENINA ANJO,V27,Verão 2027,6,2
10672,KIKI,V26,Verão 2026,3,6
10676,KIKI,V26,Verão 2026,3,15206
10683,KIKI,V26,Verão 2026,3,14264
10687,KIKI,I26,Inverno 2026,4,2
10687,KIKI,V26,Verão 2026,3,41856
10687,MENINA ANJO,V26,Verão 2026,3,10829
10691,KIKI,I25,Inverno 2025,1,3439
10691,MENINA ANJO,I25,Inverno 2025,1,5550
10702,KIKI,V26,Verão 2026,3,14558
10706,KIKI,I25,Inverno 2025,1,17178
10706,KIKI,I26,Inverno 2026,4,6505
10706,KIKI,V26,Verão 2026,3,12098
10706,MENINA ANJO,I25,Inverno 2025,1,3982
10706,MENINA ANJO,V26,Verão 2026,3,13390
10709,KIKI,I25,Inverno 2025,1,25716
10709,KIKI,I26,Inverno 2026,4,2
10709,MENINA ANJO,I25,Inverno 2025,1,8214
10710,KIKI,I25,Inverno 2025,1,24264
10710,KIKI,V26,Verão 2026,3,26
10710,VALENT,V26,Verão 2026,3,5
10711,VALENT,V26,Verão 2026,3,2
10717,KIKI,I25,Inverno 2025,1,4091
10717,KIKI,I26,Inverno 2026,4,4459
10717,KIKI,V26,Verão 2026,3,24280
10730,KIKI,I25,Inverno 2025,1,7974
10730,KIKI,I26,Inverno 2026,4,5
10730,KIKI,V26,Verão 2026,3,2
10730,MENINA ANJO,I25,Inverno 2025,1,3057
10730,MENINA ANJO,I26,Inverno 2026,4,260480
10730,VALENT,V26,Verão 2026,3,3
10736,KIKI,I25,Inverno 2025,1,3694
10736,KIKI,V26,Verão 2026,3,4
10743,KIKI,I26,Inverno 2026,4,24525
10743,MENINA ANJO,I26,Inverno 2026,4,10174
10749,KIKI,I25,Inverno 2025,1,7521
10749,KIKI,I26,Inverno 2026,4,476370
10749,KIKI,T25,Tropical 2025,2,781
10749,KIKI,V26,Verão 2026,3,8795
10749,MENINA ANJO,I25,Inverno 2025,1,5350
10749,MENINA ANJO,I26,Inverno 2026,4,688415
10749,MENINA ANJO,T25,Tropical 2025,2,1717
10749,VALENT,V26,Verão 2026,3,2324
10763,KIKI,I25,Inverno 2025,1,8348
10763,KIKI,I26,Inverno 2026,4,7
10763,MENINA ANJO,I26,Inverno 2026,4,7313
10767,KIKI,V26,Verão 2026,3,44139
10767,MENINA ANJO,V26,Verão 2026,3,979
10775,KIKI,V26,Verão 2026,3,54194
10775,MENINA ANJO,V26,Verão 2026,3,9811
10775,VALENT,V26,Verão 2026,3,12558
10782,KIKI,I25,Inverno 2025,1,16470
10782,MENINA ANJO,I25,Inverno 2025,1,2088
10784,KIKI,I25,Inverno 2025,1,5539
10785,KIKI,I26,Inverno 2026,4,630687
10785,KIKI,T26,Tropical 2026,5,2778
10785,KIKI,V26,Verão 2026,3,25044
10785,MENINA ANJO,I25,Inverno 2025,1,2801
10785,MENINA ANJO,I26,Inverno 2026,4,20302
10785,MENINA ANJO,V26,Verão 2026,3,16662
10785,VALENT,I26,Inverno 2026,4,769440
10785,VALENT,V26,Verão 2026,3,18931
10789,KIKI,I25,Inverno 2025,1,22007
10789,MENINA ANJO,I25,Inverno 2025,1,8659
10795,KIKI,I26,Inverno 2026,4,1501
10795,KIKI,V26,Verão 2026,3,4848
10795,KIKI,V27,Verão 2027,6,2180
10795,MENINA ANJO,V27,Verão 2027,6,2660
10795,VALENT,I26,Inverno 2026,4,709575
10795,VALENT,V26,Verão 2026,3,8996
10795,VALENT,V27,Verão 2027,6,7297
10798,KIKI,I25,Inverno 2025,1,6847
10798,KIKI,V27,Verão 2027,6,1061445
10811,KIKI,I25,Inverno 2025,1,10187
10811,KIKI,I26,Inverno 2026,4,5078
10811,KIKI,V26,Verão 2026,3,35643
10811,KIKI,V27,Verão 2027,6,25718
10811,MENINA ANJO,I26,Inverno 2026,4,7
10811,MENINA ANJO,V26,Verão 2026,3,18662
10811,MENINA ANJO,V27,Verão 2027,6,515400
10811,VALENT,I26,Inverno 2026,4,536134
10811,VALENT,V26,Verão 2026,3,8818
10811,VALENT,V27,Verão 2027,6,8356
10825,KIKI,I25,Inverno 2025,1,10421
10825,KIKI,I26,Inverno 2026,4,4
10826,KIKI,V26,Verão 2026,3,1069
10826,MENINA ANJO,V26,Verão 2026,3,2782
10827,KIKI,I25,Inverno 2025,1,9194
10827,KIKI,V26,Verão 2026,3,51357
10827,MENINA ANJO,V26,Verão 2026,3,18345
10827,VALENT,V26,Verão 2026,3,24905
10832,KIKI,I25,Inverno 2025,1,7362
10832,KIKI,I26,Inverno 2026,4,22461
10832,KIKI,T25,Tropical 2025,2,682
10832,MENINA ANJO,I26,Inverno 2026,4,4702
10833,KIKI,V26,Verão 2026,3,30383
10833,MENINA ANJO,V26,Verão 2026,3,10821
10848,KIKI,I25,Inverno 2025,1,10772
10848,KIKI,V26,Verão 2026,3,8320
10848,MENINA ANJO,I25,Inverno 2025,1,6373
10850,KIKI,I25,Inverno 2025,1,29189
10850,KIKI,I26,Inverno 2026,4,17885
10850,KIKI,V26,Verão 2026,3,37206
10850,VALENT,V26,Verão 2026,3,716
10934,KIKI,I26,Inverno 2026,4,5112
10934,KIKI,V26,Verão 2026,3,2329
10940,MENINA ANJO,V27,Verão 2027,6,11178
10952,KIKI,V26,Verão 2026,3,1
10964,KIKI,T25,Tropical 2025,2,1537
10964,KIKI,V26,Verão 2026,3,9826
10964,KIKI,V27,Verão 2027,6,7992
10964,MENINA ANJO,V26,Verão 2026,3,1955
10972,KIKI,I26,Inverno 2026,4,21758
10972,KIKI,T26,Tropical 2026,5,691
10972,KIKI,V27,Verão 2027,6,43705
10972,MENINA ANJO,I25,Inverno 2025,1,2932
10972,MENINA ANJO,I26,Inverno 2026,4,275427
10972,MENINA ANJO,V27,Verão 2027,6,400723
10972,VALENT,V27,Verão 2027,6,821
10977,KIKI,V26,Verão 2026,3,81117
10977,MENINA ANJO,V26,Verão 2026,3,37685
10988,KIKI,I26,Inverno 2026,4,3
10988,KIKI,V26,Verão 2026,3,513280
10988,KIKI,V27,Verão 2027,6,680400
11000,KIKI,V26,Verão 2026,3,77630
11000,MENINA ANJO,V26,Verão 2026,3,13778
11000,VALENT,V26,Verão 2026,3,15759
11008,KIKI,I25,Inverno 2025,1,8170
11008,KIKI,I26,Inverno 2026,4,4
11008,KIKI,V27,Verão 2027,6,390813
11008,MENINA ANJO,I26,Inverno 2026,4,260480
11023,KIKI,I25,Inverno 2025,1,4
11023,KIKI,V26,Verão 2026,3,6843
11023,KIKI,V27,Verão 2027,6,66782
11023,MENINA ANJO,V26,Verão 2026,3,4219
11023,MENINA ANJO,V27,Verão 2027,6,4364
11023,VALENT,V26,Verão 2026,3,2131
11031,KIKI,I26,Inverno 2026,4,3
11031,KIKI,V26,Verão 2026,3,4
11031,KIKI,V27,Verão 2027,6,648400
11034,KIKI,I25,Inverno 2025,1,460
11034,KIKI,V27,Verão 2027,6,11
11034,MENINA ANJO,I25,Inverno 2025,1,8
11040,KIKI,V26,Verão 2026,3,5528
11040,MENINA ANJO,V27,Verão 2027,6,1951
11042,KIKI,I25,Inverno 2025,1,15728
11042,MENINA ANJO,I25,Inverno 2025,1,42
11048,KIKI,V26,Verão 2026,3,3087
11048,MENINA ANJO,V26,Verão 2026,3,652
11056,KIKI,I25,Inverno 2025,1,55947
11056,KIKI,T25,Tropical 2025,2,24277
11056,MENINA ANJO,I25,Inverno 2025,1,4054
11057,KIKI,I25,Inverno 2025,1,16076
11073,KIKI,V26,Verão 2026,3,8865
11079,KIKI,I25,Inverno 2025,1,16113
11079,KIKI,I26,Inverno 2026,4,5666
11079,KIKI,V26,Verão 2026,3,14624
11079,KIKI,V27,Verão 2027,6,3974
11079,MENINA ANJO,I25,Inverno 2025,1,5814
11079,MENINA ANJO,I26,Inverno 2026,4,3078
11079,MENINA ANJO,V26,Verão 2026,3,10161
11079,VALENT,I26,Inverno 2026,4,523569
11079,VALENT,V26,Verão 2026,3,12028
11079,VALENT,V27,Verão 2027,6,2248
11080,KIKI,I25,Inverno 2025,1,1912
11080,MENINA ANJO,I25,Inverno 2025,1,8657
11080,MENINA ANJO,I26,Inverno 2026,4,260480
11086,KIKI,I25,Inverno 2025,1,4858
11086,KIKI,I26,Inverno 2026,4,2549
11086,KIKI,V26,Verão 2026,3,6203
11086,KIKI,V27,Verão 2027,6,3042
11086,MENINA ANJO,I25,Inverno 2025,1,7819
11088,KIKI,V26,Verão 2026,3,3808
11104,KIKI,I25,Inverno 2025,1,16081
11104,KIKI,I26,Inverno 2026,4,23823
11104,KIKI,V26,Verão 2026,3,26696
11104,MENINA ANJO,I25,Inverno 2025,1,9220
11104,MENINA ANJO,I26,Inverno 2026,4,8219
11110,KIKI,I25,Inverno 2025,1,2081
11110,KIKI,V26,Verão 2026,3,4234
11110,KIKI,V27,Verão 2027,6,11054
11110,MENINA ANJO,I26,Inverno 2026,4,5904
11112,KIKI,V26,Verão 2026,3,116538
11112,KIKI,V27,Verão 2027,6,75413
11112,MENINA ANJO,V26,Verão 2026,3,31919
11112,MENINA ANJO,V27,Verão 2027,6,16338
11112,VALENT,V27,Verão 2027,6,43247
11117,KIKI,I25,Inverno 2025,1,6368
11117,KIKI,V26,Verão 2026,3,18457
11117,MENINA ANJO,I25,Inverno 2025,1,1573
11117,MENINA ANJO,V26,Verão 2026,3,3798
11117,VALENT,V26,Verão 2026,3,4536
11124,KIKI,I25,Inverno 2025,1,123362
11124,KIKI,I26,Inverno 2026,4,534336
11124,KIKI,V26,Verão 2026,3,51370
11124,KIKI,V27,Verão 2027,6,30460
11124,MENINA ANJO,I25,Inverno 2025,1,34896
11124,MENINA ANJO,I26,Inverno 2026,4,7711
11124,MENINA ANJO,V26,Verão 2026,3,25341
11124,VALENT,I26,Inverno 2026,4,516900
11124,VALENT,V26,Verão 2026,3,2158
11124,VALENT,V27,Verão 2027,6,3303
11140,KIKI,V26,Verão 2026,3,3244
11140,KIKI,V27,Verão 2027,6,13988
11140,MENINA ANJO,V26,Verão 2026,3,2969
11140,MENINA ANJO,V27,Verão 2027,6,268165
11140,VALENT,V26,Verão 2026,3,2630
11140,VALENT,V27,Verão 2027,6,43247
11143,KIKI,V26,Verão 2026,3,2284
11146,KIKI,I26,Inverno 2026,4,23905
11146,KIKI,T25,Tropical 2025,2,3
11146,KIKI,T26,Tropical 2026,5,50690
11146,KIKI,V26,Verão 2026,3,131344
11146,KIKI,V27,Verão 2027,6,1199721
11146,MENINA ANJO,I25,Inverno 2025,1,8
11146,MENINA ANJO,T26,Tropical 2026,5,10634
11146,MENINA ANJO,V27,Verão 2027,6,582977
11146,VALENT,V26,Verão 2026,3,70123
11146,VALENT,V27,Verão 2027,6,27680
11149,KIKI,I25,Inverno 2025,1,12557
11149,KIKI,I26,Inverno 2026,4,3
11149,MENINA ANJO,I25,Inverno 2025,1,10380
11150,KIKI,I25,Inverno 2025,1,14
11150,KIKI,V26,Verão 2026,3,13045
11150,KIKI,V27,Verão 2027,6,12412
11150,MENINA ANJO,I25,Inverno 2025,1,32
11150,VALENT,V26,Verão 2026,3,13
11150,VALENT,V27,Verão 2027,6,12
11153,KIKI,I25,Inverno 2025,1,15162
11153,KIKI,I26,Inverno 2026,4,3207
11153,KIKI,V26,Verão 2026,3,5119
11153,MENINA ANJO,I26,Inverno 2026,4,3564
11153,MENINA ANJO,V26,Verão 2026,3,10188
11153,VALENT,V26,Verão 2026,3,3864
11154,KIKI,I25,Inverno 2025,1,758
11154,KIKI,V26,Verão 2026,3,74823
11154,MENINA ANJO,I26,Inverno 2026,4,3634
11154,MENINA ANJO,V26,Verão 2026,3,20766
11154,VALENT,V26,Verão 2026,3,18896
11155,KIKI,I25,Inverno 2025,1,3
11155,KIKI,I26,Inverno 2026,4,63235
11155,KIKI,V26,Verão 2026,3,267719
11155,KIKI,V27,Verão 2027,6,96326
11155,MENINA ANJO,I25,Inverno 2025,1,16
11155,MENINA ANJO,I26,Inverno 2026,4,8371
11155,MENINA ANJO,V26,Verão 2026,3,68126
11155,MENINA ANJO,V27,Verão 2027,6,11923
11155,VALENT,I26,Inverno 2026,4,38268
11155,VALENT,V26,Verão 2026,3,123330
11155,VALENT,V27,Verão 2027,6,44608
11157,KIKI,I25,Inverno 2025,1,20556
11157,KIKI,I26,Inverno 2026,4,50351
11157,KIKI,V26,Verão 2026,3,62821
11157,MENINA ANJO,I26,Inverno 2026,4,5485
11157,MENINA ANJO,V26,Verão 2026,3,6555
11157,VALENT,I26,Inverno 2026,4,13789
11157,VALENT,V26,Verão 2026,3,21236
11164,KIKI,V26,Verão 2026,3,36541
11166,KIKI,I25,Inverno 2025,1,15458
11166,KIKI,V26,Verão 2026,3,7
11170,KIKI,I25,Inverno 2025,1,9236
11170,KIKI,T25,Tropical 2025,2,1537
11176,KIKI,I26,Inverno 2026,4,9070
11176,KIKI,V26,Verão 2026,3,4
11176,VALENT,I26,Inverno 2026,4,402562
11189,KIKI,V26,Verão 2026,3,76458
11189,MENINA ANJO,V26,Verão 2026,3,21588
11191,KIKI,I25,Inverno 2025,1,6
11194,KIKI,I25,Inverno 2025,1,11796
11194,MENINA ANJO,I25,Inverno 2025,1,5347
11194,MENINA ANJO,V26,Verão 2026,3,7765
11200,KIKI,V26,Verão 2026,3,2135
11201,KIKI,V26,Verão 2026,3,3135810
11201,MENINA ANJO,V26,Verão 2026,3,656082
11201,VALENT,V26,Verão 2026,3,285909
11205,KIKI,V26,Verão 2026,3,16382
11205,MENINA ANJO,V26,Verão 2026,3,1955
11215,KIKI,I25,Inverno 2025,1,6730
11215,KIKI,V26,Verão 2026,3,2090
11218,KIKI,I25,Inverno 2025,1,24840
11218,KIKI,I26,Inverno 2026,4,14704
11218,KIKI,V26,Verão 2026,3,23394
11218,MENINA ANJO,V26,Verão 2026,3,2855
11224,KIKI,V26,Verão 2026,3,17768
11224,MENINA ANJO,V26,Verão 2026,3,10888
11229,KIKI,I25,Inverno 2025,1,7226
11229,KIKI,I26,Inverno 2026,4,6307
11229,KIKI,V26,Verão 2026,3,10150
11229,KIKI,V27,Verão 2027,6,5054
11229,VALENT,I26,Inverno 2026,4,516900
11229,VALENT,V27,Verão 2027,6,3370
11233,KIKI,I25,Inverno 2025,1,2527
11233,KIKI,I26,Inverno 2026,4,5064
11233,KIKI,T26,Tropical 2026,5,4000
11233,KIKI,V26,Verão 2026,3,21244
11233,KIKI,V27,Verão 2027,6,416915
11233,MENINA ANJO,I25,Inverno 2025,1,4905
11233,MENINA ANJO,V26,Verão 2026,3,6031
11233,VALENT,T26,Tropical 2026,5,2828
11233,VALENT,V26,Verão 2026,3,4779
11237,KIKI,V26,Verão 2026,3,4012
11237,MENINA ANJO,V26,Verão 2026,3,4226
11237,VALENT,V26,Verão 2026,3,1439
11238,KIKI,I25,Inverno 2025,1,7297
11238,KIKI,I26,Inverno 2026,4,7553
11238,KIKI,V26,Verão 2026,3,3578
11238,KIKI,V27,Verão 2027,6,7759
11238,VALENT,V27,Verão 2027,6,3514
11239,KIKI,I25,Inverno 2025,1,45936
11239,KIKI,I26,Inverno 2026,4,3
11239,KIKI,V26,Verão 2026,3,2
11239,MENINA ANJO,I25,Inverno 2025,1,8718
11239,MENINA ANJO,I26,Inverno 2026,4,385290
11240,KIKI,V26,Verão 2026,3,22594
11240,MENINA ANJO,V26,Verão 2026,3,2855
11253,KIKI,I25,Inverno 2025,1,11043
11253,KIKI,I26,Inverno 2026,4,4018
11253,KIKI,T25,Tropical 2025,2,5605
11253,KIKI,V26,Verão 2026,3,15833
11253,KIKI,V27,Verão 2027,6,13759
11253,MENINA ANJO,V27,Verão 2027,6,1411
11253,VALENT,I26,Inverno 2026,4,2216
11253,VALENT,V26,Verão 2026,3,2434
11253,VALENT,V27,Verão 2027,6,2653
11255,KIKI,I25,Inverno 2025,1,27508
11255,KIKI,I26,Inverno 2026,4,7772
11255,KIKI,T25,Tropical 2025,2,5605
11255,KIKI,V26,Verão 2026,3,18684
11255,KIKI,V27,Verão 2027,6,14814
11255,MENINA ANJO,V27,Verão 2027,6,1411
11255,VALENT,I26,Inverno 2026,4,5454
11255,VALENT,V26,Verão 2026,3,1357
11255,VALENT,V27,Verão 2027,6,2428
11259,KIKI,I26,Inverno 2026,4,527104
11259,KIKI,V26,Verão 2026,3,1415
11262,KIKI,I25,Inverno 2025,1,10163
11262,KIKI,V26,Verão 2026,3,8334
11271,KIKI,I25,Inverno 2025,1,20810
11271,KIKI,I26,Inverno 2026,4,13961
11271,KIKI,V26,Verão 2026,3,15574
11271,KIKI,V27,Verão 2027,6,14911
11271,MENINA ANJO,I25,Inverno 2025,1,8305
11271,MENINA ANJO,V26,Verão 2026,3,2464
11271,MENINA ANJO,V27,Verão 2027,6,6887
11271,VALENT,V27,Verão 2027,6,683
11274,KIKI,I26,Inverno 2026,4,527104
11279,KIKI,V26,Verão 2026,3,10634
11279,MENINA ANJO,V26,Verão 2026,3,4334
11286,KIKI,I25,Inverno 2025,1,15471
11286,KIKI,I26,Inverno 2026,4,5083
11286,KIKI,V26,Verão 2026,3,13753
11286,KIKI,V27,Verão 2027,6,58526
11286,MENINA ANJO,I25,Inverno 2025,1,2216
11286,MENINA ANJO,I26,Inverno 2026,4,6217
11286,MENINA ANJO,V26,Verão 2026,3,18880
11286,MENINA ANJO,V27,Verão 2027,6,9119
11286,VALENT,I26,Inverno 2026,4,1085977
11286,VALENT,V27,Verão 2027,6,13536
11295,KIKI,V26,Verão 2026,3,179008
11295,MENINA ANJO,V26,Verão 2026,3,50304
11296,KIKI,V26,Verão 2026,3,63976
11296,MENINA ANJO,V26,Verão 2026,3,21468
11296,VALENT,V26,Verão 2026,3,36126
11298,KIKI,V26,Verão 2026,3,68241
11313,KIKI,V27,Verão 2027,6,10366
11313,MENINA ANJO,V26,Verão 2026,3,2445
11313,MENINA ANJO,V27,Verão 2027,6,9101
11318,KIKI,I26,Inverno 2026,4,5
11343,KIKI,V26,Verão 2026,3,33758
11346,KIKI,V26,Verão 2026,3,33758
11348,KIKI,V26,Verão 2026,3,33758
11352,KIKI,T25,Tropical 2025,2,4768
11352,KIKI,V26,Verão 2026,3,9262
11352,MENINA ANJO,I25,Inverno 2025,1,928
11352,MENINA ANJO,T25,Tropical 2025,2,680
11352,VALENT,V26,Verão 2026,3,817
11353,KIKI,I25,Inverno 2025,1,7985
11353,KIKI,I26,Inverno 2026,4,432085
11353,KIKI,T25,Tropical 2025,2,8950
11353,KIKI,V26,Verão 2026,3,41260
11369,KIKI,V26,Verão 2026,3,142
11374,KIKI,V26,Verão 2026,3,7423
11375,KIKI,V27,Verão 2027,6,44856
11375,MENINA ANJO,V27,Verão 2027,6,31939
11375,VALENT,V27,Verão 2027,6,41483
11389,KIKI,I25,Inverno 2025,1,8942
11389,KIKI,I26,Inverno 2026,4,5161
11389,KIKI,T25,Tropical 2025,2,4122
11389,KIKI,T26,Tropical 2026,5,12470
11389,KIKI,V26,Verão 2026,3,105234
11389,MENINA ANJO,T25,Tropical 2025,2,4712
11389,MENINA ANJO,V26,Verão 2026,3,14723
11396,KIKI,I25,Inverno 2025,1,17278
11396,KIKI,I26,Inverno 2026,4,25946
11396,KIKI,V26,Verão 2026,3,14117
11396,KIKI,V27,Verão 2027,6,435839
11396,MENINA ANJO,I25,Inverno 2025,1,14396
11396,MENINA ANJO,I26,Inverno 2026,4,2851
11396,MENINA ANJO,V26,Verão 2026,3,5126
11396,VALENT,I26,Inverno 2026,4,4646
11396,VALENT,V26,Verão 2026,3,4880
11396,VALENT,V27,Verão 2027,6,7751
11398,KIKI,I25,Inverno 2025,1,4498
11398,KIKI,I26,Inverno 2026,4,9
11398,KIKI,V26,Verão 2026,3,2
11399,KIKI,V27,Verão 2027,6,46428
11399,MENINA ANJO,V27,Verão 2027,6,477426
11399,VALENT,V27,Verão 2027,6,66938
11400,KIKI,I25,Inverno 2025,1,9405
11400,KIKI,I26,Inverno 2026,4,531519
11400,KIKI,V26,Verão 2026,3,2113
11400,KIKI,V27,Verão 2027,6,529946
11400,VALENT,I26,Inverno 2026,4,2292000
11400,VALENT,V26,Verão 2026,3,2338
11400,VALENT,V27,Verão 2027,6,5533
11416,KIKI,V26,Verão 2026,3,12718
11416,MENINA ANJO,V26,Verão 2026,3,2675
11428,KIKI,I25,Inverno 2025,1,5636
11428,KIKI,V26,Verão 2026,3,15595
11428,MENINA ANJO,V26,Verão 2026,3,7625
11437,KIKI,I26,Inverno 2026,4,14576
11437,KIKI,V26,Verão 2026,3,15830
11437,MENINA ANJO,V26,Verão 2026,3,8558
11437,VALENT,I26,Inverno 2026,4,6273
11437,VALENT,V26,Verão 2026,3,12898
11439,KIKI,I25,Inverno 2025,1,9261
11439,KIKI,V26,Verão 2026,3,8235
11439,KIKI,V27,Verão 2027,6,7728
11439,MENINA ANJO,I25,Inverno 2025,1,2216
11439,MENINA ANJO,V26,Verão 2026,3,18866
11442,KIKI,V26,Verão 2026,3,39
11449,KIKI,I25,Inverno 2025,1,8721
11449,KIKI,V26,Verão 2026,3,2
11449,MENINA ANJO,I25,Inverno 2025,1,7806
11449,MENINA ANJO,I26,Inverno 2026,4,260480
11485,KIKI,I26,Inverno 2026,4,10946
11485,KIKI,V26,Verão 2026,3,33476
11488,KIKI,I26,Inverno 2026,4,6237
11488,KIKI,V27,Verão 2027,6,6068
11488,MENINA ANJO,I26,Inverno 2026,4,12800
11488,MENINA ANJO,V27,Verão 2027,6,7263
11488,VALENT,V27,Verão 2027,6,1717
11492,KIKI,I26,Inverno 2026,4,5
11492,KIKI,V26,Verão 2026,3,11617
11492,MENINA ANJO,I26,Inverno 2026,4,1357
11492,VALENT,V26,Verão 2026,3,1388
11496,KIKI,I26,Inverno 2026,4,885469
11496,KIKI,T25,Tropical 2025,2,49
11496,KIKI,V26,Verão 2026,3,38945
11496,KIKI,V27,Verão 2027,6,470
11496,MENINA ANJO,I26,Inverno 2026,4,8
11496,MENINA ANJO,V26,Verão 2026,3,7553
11496,VALENT,I26,Inverno 2026,4,433366
11512,KIKI,I25,Inverno 2025,1,4478
11512,KIKI,I26,Inverno 2026,4,13942
11512,KIKI,V26,Verão 2026,3,2987
11512,MENINA ANJO,I25,Inverno 2025,1,3071
11512,VALENT,I26,Inverno 2026,4,2788
11512,VALENT,V26,Verão 2026,3,2324
11524,KIKI,I25,Inverno 2025,1,9511
11524,MENINA ANJO,I25,Inverno 2025,1,2914
11530,KIKI,I25,Inverno 2025,1,62819
11530,KIKI,I26,Inverno 2026,4,616299
11530,KIKI,T25,Tropical 2025,2,5198
11530,KIKI,V26,Verão 2026,3,9135
11530,MENINA ANJO,I25,Inverno 2025,1,39763
11530,MENINA ANJO,I26,Inverno 2026,4,560854
11530,MENINA ANJO,T25,Tropical 2025,2,5438
11530,VALENT,I26,Inverno 2026,4,600912
11530,VALENT,V26,Verão 2026,3,2158
11541,KIKI,V26,Verão 2026,3,73246
11541,MENINA ANJO,V26,Verão 2026,3,7229
11542,KIKI,I25,Inverno 2025,1,7494
11542,KIKI,V26,Verão 2026,3,532160
11542,KIKI,V27,Verão 2027,6,259365
11542,MENINA ANJO,I25,Inverno 2025,1,8788
11542,MENINA ANJO,I26,Inverno 2026,4,390720
11549,KIKI,I25,Inverno 2025,1,4554
11549,KIKI,I26,Inverno 2026,4,5351
11549,KIKI,V26,Verão 2026,3,15760
11549,MENINA ANJO,I26,Inverno 2026,4,2846
11549,MENINA ANJO,V26,Verão 2026,3,10364
11550,KIKI,V26,Verão 2026,3,2518
11550,MENINA ANJO,V26,Verão 2026,3,2936
11564,KIKI,I25,Inverno 2025,1,40568
11564,KIKI,I26,Inverno 2026,4,13412
11564,KIKI,V26,Verão 2026,3,12832
11564,MENINA ANJO,I25,Inverno 2025,1,4514
11564,MENINA ANJO,I26,Inverno 2026,4,5391
11564,MENINA ANJO,V26,Verão 2026,3,1955
11565,KIKI,I26,Inverno 2026,4,4878
11565,KIKI,V27,Verão 2027,6,5920
11565,MENINA ANJO,I26,Inverno 2026,4,6224
11565,MENINA ANJO,V26,Verão 2026,3,5738
11565,MENINA ANJO,V27,Verão 2027,6,18990
11565,VALENT,V27,Verão 2027,6,6617
11588,KIKI,I25,Inverno 2025,1,4087
11588,KIKI,V26,Verão 2026,3,24280
11593,KIKI,V26,Verão 2026,3,14458
11599,KIKI,I25,Inverno 2025,1,26382
11599,KIKI,I26,Inverno 2026,4,20618
11599,KIKI,T25,Tropical 2025,2,12562
11599,KIKI,T26,Tropical 2026,5,4113
11599,KIKI,V26,Verão 2026,3,23006
11599,MENINA ANJO,I25,Inverno 2025,1,11268
11599,MENINA ANJO,I26,Inverno 2026,4,11486
11599,MENINA ANJO,T25,Tropical 2025,2,6006
11599,MENINA ANJO,V26,Verão 2026,3,14643
11599,VALENT,I26,Inverno 2026,4,2914
11599,VALENT,V26,Verão 2026,3,7256
11602,KIKI,I25,Inverno 2025,1,2262
11602,KIKI,I26,Inverno 2026,4,5
11602,KIKI,V26,Verão 2026,3,513282
11602,KIKI,V27,Verão 2027,6,1061450
11602,MENINA ANJO,I25,Inverno 2025,1,1451
11644,KIKI,I25,Inverno 2025,1,10973
11644,KIKI,T25,Tropical 2025,2,3312
11644,KIKI,V26,Verão 2026,3,7094
11644,MENINA ANJO,V26,Verão 2026,3,5659
11646,KIKI,I25,Inverno 2025,1,17039
11646,KIKI,I26,Inverno 2026,4,12226
11646,KIKI,V26,Verão 2026,3,10739
11646,MENINA ANJO,I25,Inverno 2025,1,896
11673,KIKI,V26,Verão 2026,3,3
11674,KIKI,I25,Inverno 2025,1,34802
11674,KIKI,V26,Verão 2026,3,256640
11675,KIKI,I25,Inverno 2025,1,6400
11675,MENINA ANJO,I25,Inverno 2025,1,5222
11680,KIKI,I25,Inverno 2025,1,9418
11680,KIKI,T25,Tropical 2025,2,11358
11680,MENINA ANJO,T25,Tropical 2025,2,5104
11696,KIKI,I25,Inverno 2025,1,31313
11696,KIKI,I26,Inverno 2026,4,25668
11696,KIKI,T25,Tropical 2025,2,10499
11696,KIKI,T26,Tropical 2026,5,23209
11696,KIKI,V26,Verão 2026,3,64805
11696,KIKI,V27,Verão 2027,6,35473
11696,MENINA ANJO,I25,Inverno 2025,1,8823
11696,MENINA ANJO,I26,Inverno 2026,4,12770
11696,MENINA ANJO,T25,Tropical 2025,2,3382
11696,MENINA ANJO,V26,Verão 2026,3,8649
11696,MENINA ANJO,V27,Verão 2027,6,7891
11702,KIKI,I25,Inverno 2025,1,123198
11702,KIKI,I26,Inverno 2026,4,81364
11702,KIKI,T25,Tropical 2025,2,15008
11702,KIKI,T26,Tropical 2026,5,14594
11702,KIKI,V26,Verão 2026,3,108447
11702,KIKI,V27,Verão 2027,6,2515231
11702,MENINA ANJO,I25,Inverno 2025,1,50066
11702,MENINA ANJO,I26,Inverno 2026,4,1387230
11702,MENINA ANJO,T25,Tropical 2025,2,11195
11702,MENINA ANJO,V26,Verão 2026,3,57050
11702,MENINA ANJO,V27,Verão 2027,6,1167019
11702,VALENT,V26,Verão 2026,3,29224
11710,MENINA ANJO,V26,Verão 2026,3,4756
11719,KIKI,I26,Inverno 2026,4,10180
11722,KIKI,I25,Inverno 2025,1,32292
11722,KIKI,V26,Verão 2026,3,13842
11724,VALENT,V26,Verão 2026,3,3
11737,KIKI,I25,Inverno 2025,1,32518
11737,MENINA ANJO,I25,Inverno 2025,1,4124
11754,KIKI,I25,Inverno 2025,1,61154
11754,KIKI,I26,Inverno 2026,4,2630
11754,KIKI,T25,Tropical 2025,2,11697
11754,KIKI,V26,Verão 2026,3,8
11754,MENINA ANJO,I25,Inverno 2025,1,19936
11754,MENINA ANJO,T25,Tropical 2025,2,2239
11774,KIKI,V27,Verão 2027,6,518720
11778,KIKI,I25,Inverno 2025,1,11992
11778,KIKI,I26,Inverno 2026,4,2329
11778,KIKI,T25,Tropical 2025,2,1595
11778,KIKI,V26,Verão 2026,3,15158
11778,KIKI,V27,Verão 2027,6,19383
11778,MENINA ANJO,I25,Inverno 2025,1,3391
11778,MENINA ANJO,V27,Verão 2027,6,13473
11778,VALENT,V26,Verão 2026,3,1280
11778,VALENT,V27,Verão 2027,6,3200
11788,KIKI,T25,Tropical 2025,2,2
11791,KIKI,V26,Verão 2026,3,3573
11791,VALENT,V26,Verão 2026,3,2158
11807,KIKI,I25,Inverno 2025,1,4136
11807,KIKI,V26,Verão 2026,3,384962
11808,KIKI,I25,Inverno 2025,1,4136
11808,KIKI,V26,Verão 2026,3,384962
11809,KIKI,I26,Inverno 2026,4,10488
11809,KIKI,V26,Verão 2026,3,20488
11809,MENINA ANJO,I26,Inverno 2026,4,899
11809,MENINA ANJO,V26,Verão 2026,3,692
11809,VALENT,V26,Verão 2026,3,6930
11830,KIKI,I25,Inverno 2025,1,13653
11830,KIKI,T25,Tropical 2025,2,1775
11830,KIKI,V26,Verão 2026,3,4421
11830,MENINA ANJO,I25,Inverno 2025,1,6610
11830,VALENT,V26,Verão 2026,3,2158
11836,KIKI,I25,Inverno 2025,1,11
11836,KIKI,V26,Verão 2026,3,522722
11836,MENINA ANJO,I25,Inverno 2025,1,4
11836,MENINA ANJO,I26,Inverno 2026,4,520960
11836,VALENT,I26,Inverno 2026,4,299520
11843,KIKI,I25,Inverno 2025,1,41841
11843,MENINA ANJO,I25,Inverno 2025,1,667
11934,KIKI,I26,Inverno 2026,4,12969
11934,KIKI,T26,Tropical 2026,5,6131
11934,KIKI,V26,Verão 2026,3,29550
11934,MENINA ANJO,V26,Verão 2026,3,7234
11934,VALENT,I26,Inverno 2026,4,3485
11941,KIKI,I25,Inverno 2025,1,19028
11941,MENINA ANJO,I25,Inverno 2025,1,7676
11941,MENINA ANJO,V26,Verão 2026,3,9315
11941,VALENT,V26,Verão 2026,3,8122
11946,KIKI,V26,Verão 2026,3,7893
11946,MENINA ANJO,V26,Verão 2026,3,3416
11946,VALENT,V26,Verão 2026,3,7719
11949,KIKI,V26,Verão 2026,3,3531640
11949,KIKI,V27,Verão 2027,6,743642
11949,MENINA ANJO,V26,Verão 2026,3,989058
11949,MENINA ANJO,V27,Verão 2027,6,15532
11949,VALENT,V26,Verão 2026,3,58254
11950,KIKI,I25,Inverno 2025,1,10514
11950,MENINA ANJO,I25,Inverno 2025,1,2932
11965,KIKI,T25,Tropical 2025,2,3
11966,KIKI,I25,Inverno 2025,1,5231
11966,KIKI,I26,Inverno 2026,4,527604
11966,KIKI,V26,Verão 2026,3,5717
11966,KIKI,V27,Verão 2027,6,15208
11966,MENINA ANJO,I25,Inverno 2025,1,4068
11966,MENINA ANJO,I26,Inverno 2026,4,3244
11966,MENINA ANJO,V27,Verão 2027,6,419200
11966,VALENT,V27,Verão 2027,6,1654
11970,KIKI,V26,Verão 2026,3,12501
11970,MENINA ANJO,V26,Verão 2026,3,7693
11992,KIKI,I25,Inverno 2025,1,18
11992,KIKI,I26,Inverno 2026,4,28366
11992,KIKI,V26,Verão 2026,3,6374
11992,MENINA ANJO,I25,Inverno 2025,1,13190
11992,MENINA ANJO,I26,Inverno 2026,4,19513
11992,MENINA ANJO,V26,Verão 2026,3,8
11992,VALENT,V26,Verão 2026,3,5
12019,KIKI,I25,Inverno 2025,1,5712
12019,KIKI,I26,Inverno 2026,4,278969
12019,KIKI,V26,Verão 2026,3,11401
12019,KIKI,V27,Verão 2027,6,11295
12019,VALENT,I26,Inverno 2026,4,7828
12019,VALENT,V27,Verão 2027,6,4306
12029,KIKI,I25,Inverno 2025,1,71164
12029,KIKI,I26,Inverno 2026,4,1140789
12029,KIKI,V26,Verão 2026,3,61293
12029,MENINA ANJO,I25,Inverno 2025,1,4705
12029,MENINA ANJO,I26,Inverno 2026,4,6644
12029,MENINA ANJO,V26,Verão 2026,3,20514
12036,KIKI,I25,Inverno 2025,1,13582
12036,KIKI,T25,Tropical 2025,2,3026
12036,MENINA ANJO,T25,Tropical 2025,2,2473
12037,KIKI,V26,Verão 2026,3,24803
12080,KIKI,V26,Verão 2026,3,10019
12082,KIKI,I25,Inverno 2025,1,37862
12082,KIKI,T25,Tropical 2025,2,13386
12084,KIKI,I25,Inverno 2025,1,4522
12084,KIKI,I26,Inverno 2026,4,7315
12144,KIKI,I25,Inverno 2025,1,6815
12144,KIKI,V26,Verão 2026,3,41350
12144,VALENT,I26,Inverno 2026,4,6669
12144,VALENT,V26,Verão 2026,3,23762
12159,MENINA ANJO,V26,Verão 2026,3,5162
12163,KIKI,I25,Inverno 2025,1,3814
12163,KIKI,I26,Inverno 2026,4,80444
12163,KIKI,V26,Verão 2026,3,15873
12163,KIKI,V27,Verão 2027,6,567983
12163,MENINA ANJO,I25,Inverno 2025,1,24
12163,MENINA ANJO,V26,Verão 2026,3,6428
12163,MENINA ANJO,V27,Verão 2027,6,7
12163,VALENT,I26,Inverno 2026,4,6
12163,VALENT,V26,Verão 2026,3,19973
12163,VALENT,V27,Verão 2027,6,10436
12178,KIKI,I25,Inverno 2025,1,9477
12178,KIKI,I26,Inverno 2026,4,14839
12178,KIKI,T25,Tropical 2025,2,1775
12178,KIKI,V26,Verão 2026,3,20983
12178,KIKI,V27,Verão 2027,6,52208
12178,MENINA ANJO,I25,Inverno 2025,1,1663
12178,MENINA ANJO,V26,Verão 2026,3,7850
12178,VALENT,V26,Verão 2026,3,4288
12178,VALENT,V27,Verão 2027,6,4576
12241,KIKI,V26,Verão 2026,3,7109
12241,MENINA ANJO,V26,Verão 2026,3,6609
12241,VALENT,V26,Verão 2026,3,374890
12294,KIKI,I25,Inverno 2025,1,5968
12294,KIKI,I26,Inverno 2026,4,2
12294,KIKI,V27,Verão 2027,6,589950
12294,MENINA ANJO,I25,Inverno 2025,1,883
12294,MENINA ANJO,V27,Verão 2027,6,420570
12295,KIKI,I25,Inverno 2025,1,59530
12295,KIKI,I26,Inverno 2026,4,25862
12295,KIKI,T25,Tropical 2025,2,14289
12295,KIKI,T26,Tropical 2026,5,1897
12295,KIKI,V26,Verão 2026,3,49172
12295,KIKI,V27,Verão 2027,6,36173
12295,MENINA ANJO,I25,Inverno 2025,1,20694
12295,MENINA ANJO,I26,Inverno 2026,4,23677
12295,MENINA ANJO,T25,Tropical 2025,2,2603
12295,MENINA ANJO,T26,Tropical 2026,5,2527
12295,MENINA ANJO,V26,Verão 2026,3,27207
12295,MENINA ANJO,V27,Verão 2027,6,6304
12295,VALENT,V26,Verão 2026,3,11734
12295,VALENT,V27,Verão 2027,6,28818
12296,KIKI,I25,Inverno 2025,1,399934
12296,KIKI,I26,Inverno 2026,4,535994
12296,KIKI,V26,Verão 2026,3,4334
12296,KIKI,V27,Verão 2027,6,7762
12296,MENINA ANJO,I25,Inverno 2025,1,403200
12296,VALENT,I26,Inverno 2026,4,519214
12296,VALENT,V26,Verão 2026,3,17653
12296,VALENT,V27,Verão 2027,6,14097
12298,KIKI,I25,Inverno 2025,1,8224
12298,KIKI,T25,Tropical 2025,2,1537
12298,KIKI,V26,Verão 2026,3,8420
12342,KIKI,V26,Verão 2026,3,7
12342,KIKI,V27,Verão 2027,6,5
12342,MENINA ANJO,I25,Inverno 2025,1,12345
12342,MENINA ANJO,I26,Inverno 2026,4,390720
12342,MENINA ANJO,V27,Verão 2027,6,2
12347,KIKI,I25,Inverno 2025,1,14842
12347,KIKI,I26,Inverno 2026,4,7351
12347,KIKI,V26,Verão 2026,3,68683
12347,MENINA ANJO,V26,Verão 2026,3,3569
12353,KIKI,I25,Inverno 2025,1,7270
12353,KIKI,T25,Tropical 2025,2,1775
12353,KIKI,V26,Verão 2026,3,6581
12353,MENINA ANJO,I25,Inverno 2025,1,778
12365,KIKI,I25,Inverno 2025,1,8038
12365,MENINA ANJO,I25,Inverno 2025,1,5704
12368,KIKI,I25,Inverno 2025,1,9072
12368,KIKI,V26,Verão 2026,3,7942
12368,MENINA ANJO,I25,Inverno 2025,1,8100
12378,KIKI,I26,Inverno 2026,4,526114
12378,KIKI,V26,Verão 2026,3,3049
12378,MENINA ANJO,I26,Inverno 2026,4,7
12402,KIKI,I25,Inverno 2025,1,61113
12402,KIKI,I26,Inverno 2026,4,60070
12402,KIKI,T25,Tropical 2025,2,9099
12402,KIKI,T26,Tropical 2026,5,12956
12402,KIKI,V26,Verão 2026,3,66294
12402,KIKI,V27,Verão 2027,6,655561
12402,MENINA ANJO,I25,Inverno 2025,1,17960
12402,MENINA ANJO,I26,Inverno 2026,4,425723
12402,MENINA ANJO,T25,Tropical 2025,2,5073
12402,MENINA ANJO,V26,Verão 2026,3,11862
12402,MENINA ANJO,V27,Verão 2027,6,30541
12403,KIKI,I26,Inverno 2026,4,205294
12403,KIKI,V26,Verão 2026,3,79074
12403,KIKI,V27,Verão 2027,6,106459
12403,MENINA ANJO,I26,Inverno 2026,4,39924
12403,MENINA ANJO,V26,Verão 2026,3,21823
12403,MENINA ANJO,V27,Verão 2027,6,18320
12403,VALENT,V26,Verão 2026,3,27647
12403,VALENT,V27,Verão 2027,6,25817
12407,KIKI,V26,Verão 2026,3,1444565
12407,KIKI,V27,Verão 2027,6,1921859
12407,MENINA ANJO,I25,Inverno 2025,1,15494
12407,MENINA ANJO,I26,Inverno 2026,4,390720
12408,KIKI,I25,Inverno 2025,1,4187
12408,KIKI,I26,Inverno 2026,4,8
12408,KIKI,V26,Verão 2026,3,30
12408,MENINA ANJO,I25,Inverno 2025,1,7134
12408,MENINA ANJO,I26,Inverno 2026,4,1562890
12408,MENINA ANJO,V26,Verão 2026,3,17
12417,KIKI,I26,Inverno 2026,4,11764
12417,KIKI,T25,Tropical 2025,2,1820
12417,KIKI,T26,Tropical 2026,5,5272
12417,KIKI,V26,Verão 2026,3,11189
12417,KIKI,V27,Verão 2027,6,19394
12417,MENINA ANJO,I25,Inverno 2025,1,5640
12417,VALENT,V27,Verão 2027,6,1717
12418,KIKI,T25,Tropical 2025,2,3873
12418,KIKI,V26,Verão 2026,3,7585
12418,MENINA ANJO,I25,Inverno 2025,1,5190
12418,MENINA ANJO,T25,Tropical 2025,2,4162
12418,MENINA ANJO,V26,Verão 2026,3,4756
12426,KIKI,V26,Verão 2026,3,5875
12426,MENINA ANJO,V26,Verão 2026,3,1888
12427,KIKI,V26,Verão 2026,3,1112
12427,MENINA ANJO,V26,Verão 2026,3,2603
12432,KIKI,V26,Verão 2026,3,114513
12432,MENINA ANJO,V26,Verão 2026,3,24629
12433,KIKI,I25,Inverno 2025,1,93309
12433,KIKI,I26,Inverno 2026,4,4162
12433,KIKI,T25,Tropical 2025,2,8137
12433,KIKI,V26,Verão 2026,3,15910
12433,MENINA ANJO,I25,Inverno 2025,1,36383
12433,MENINA ANJO,I26,Inverno 2026,4,5998
12433,MENINA ANJO,V26,Verão 2026,3,14044
12448,KIKI,V26,Verão 2026,3,12
12448,KIKI,V27,Verão 2027,6,12400
12448,VALENT,V27,Verão 2027,6,12
12463,KIKI,I25,Inverno 2025,1,11380
12463,KIKI,I26,Inverno 2026,4,17386
12463,KIKI,V26,Verão 2026,3,21598
12463,MENINA ANJO,I25,Inverno 2025,1,11422
12463,MENINA ANJO,V26,Verão 2026,3,9837
12463,VALENT,V26,Verão 2026,3,4460
12475,KIKI,I25,Inverno 2025,1,10772
12475,KIKI,V26,Verão 2026,3,5488
12475,MENINA ANJO,I25,Inverno 2025,1,6341
12477,KIKI,I25,Inverno 2025,1,9718
12477,KIKI,I26,Inverno 2026,4,532215
12477,KIKI,V26,Verão 2026,3,11698
12477,KIKI,V27,Verão 2027,6,30942
12477,MENINA ANJO,I25,Inverno 2025,1,21854
12477,MENINA ANJO,V27,Verão 2027,6,10744
12477,VALENT,V26,Verão 2026,3,6
12477,VALENT,V27,Verão 2027,6,1654
12480,KIKI,V26,Verão 2026,3,15224
12486,KIKI,V26,Verão 2026,3,1357
12486,KIKI,V27,Verão 2027,6,16229
12486,MENINA ANJO,V26,Verão 2026,3,2
12486,VALENT,V27,Verão 2027,6,1717
12490,VALENT,V27,Verão 2027,6,2357
12492,KIKI,I25,Inverno 2025,1,36925
12492,KIKI,I26,Inverno 2026,4,9
12492,KIKI,V26,Verão 2026,3,665205
12492,KIKI,V27,Verão 2027,6,1325125
12492,MENINA ANJO,I25,Inverno 2025,1,28583
12492,MENINA ANJO,I26,Inverno 2026,4,390720
12494,KIKI,I26,Inverno 2026,4,15135
12494,KIKI,V26,Verão 2026,3,26499
12494,KIKI,V27,Verão 2027,6,544933
12494,MENINA ANJO,V26,Verão 2026,3,2270
12494,MENINA ANJO,V27,Verão 2027,6,2905
12494,VALENT,I26,Inverno 2026,4,150524
12494,VALENT,V26,Verão 2026,3,1278
12494,VALENT,V27,Verão 2027,6,4869
12497,KIKI,V26,Verão 2026,3,29789
12497,MENINA ANJO,V26,Verão 2026,3,13888
12502,KIKI,I26,Inverno 2026,4,37781
12502,KIKI,T26,Tropical 2026,5,14406
12502,MENINA ANJO,I26,Inverno 2026,4,7508
12502,MENINA ANJO,T26,Tropical 2026,5,5727
12502,VALENT,T26,Tropical 2026,5,11065
12505,KIKI,I26,Inverno 2026,4,8410
12505,KIKI,T26,Tropical 2026,5,2520
12505,KIKI,V26,Verão 2026,3,2108
12505,KIKI,V27,Verão 2027,6,3618
12505,MENINA ANJO,I26,Inverno 2026,4,3873
12505,MENINA ANJO,V27,Verão 2027,6,470
12505,VALENT,I26,Inverno 2026,4,9461
12505,VALENT,V27,Verão 2027,6,28021
12516,KIKI,I25,Inverno 2025,1,9247
12516,KIKI,V26,Verão 2026,3,5
12516,MENINA ANJO,I25,Inverno 2025,1,11093
12516,MENINA ANJO,I26,Inverno 2026,4,520960
12519,KIKI,V26,Verão 2026,3,5501
12535,KIKI,V26,Verão 2026,3,6640
12535,VALENT,V26,Verão 2026,3,4486
12536,KIKI,V26,Verão 2026,3,28253
12536,VALENT,V26,Verão 2026,3,1522
12543,KIKI,I25,Inverno 2025,1,7103
12543,KIKI,V26,Verão 2026,3,5528
12543,MENINA ANJO,I25,Inverno 2025,1,3350
12543,MENINA ANJO,V27,Verão 2027,6,1951
12568,KIKI,I25,Inverno 2025,1,56336
12568,KIKI,I26,Inverno 2026,4,4050
12568,KIKI,V26,Verão 2026,3,30538
12568,KIKI,V27,Verão 2027,6,39334
12568,MENINA ANJO,I25,Inverno 2025,1,15649
12568,MENINA ANJO,I26,Inverno 2026,4,2990
12568,MENINA ANJO,V26,Verão 2026,3,3798
12568,MENINA ANJO,V27,Verão 2027,6,267050
12568,VALENT,I26,Inverno 2026,4,785441
12568,VALENT,V26,Verão 2026,3,15390
12568,VALENT,V27,Verão 2027,6,10420
12570,KIKI,I25,Inverno 2025,1,7709
12570,KIKI,V26,Verão 2026,3,5888
12570,MENINA ANJO,I25,Inverno 2025,1,2783
12570,MENINA ANJO,V26,Verão 2026,3,8698
12576,KIKI,I25,Inverno 2025,1,7766
12576,KIKI,V26,Verão 2026,3,5
12581,KIKI,T25,Tropical 2025,2,3
12591,KIKI,V26,Verão 2026,3,7271
12600,KIKI,I25,Inverno 2025,1,26367
12600,MENINA ANJO,I25,Inverno 2025,1,4847
12602,KIKI,I25,Inverno 2025,1,5701
12602,KIKI,I26,Inverno 2026,4,3
12602,KIKI,V27,Verão 2027,6,161680
12656,KIKI,V26,Verão 2026,3,2275
12656,VALENT,I26,Inverno 2026,4,9
12667,KIKI,V26,Verão 2026,3,35483
12667,KIKI,V27,Verão 2027,6,10356
12669,KIKI,I25,Inverno 2025,1,2284
12669,KIKI,T25,Tropical 2025,2,3879
12677,KIKI,I25,Inverno 2025,1,2261
12677,KIKI,I26,Inverno 2026,4,3426
12677,KIKI,V26,Verão 2026,3,6550
12677,KIKI,V27,Verão 2027,6,542933
12677,MENINA ANJO,I25,Inverno 2025,1,2333
12677,MENINA ANJO,I26,Inverno 2026,4,10
12677,MENINA ANJO,V27,Verão 2027,6,8692
12677,VALENT,I26,Inverno 2026,4,2045
12677,VALENT,V27,Verão 2027,6,7646
12680,KIKI,I25,Inverno 2025,1,55412
12680,KIKI,I26,Inverno 2026,4,39249
12680,KIKI,T25,Tropical 2025,2,29682
12680,KIKI,T26,Tropical 2026,5,27916
12680,KIKI,V26,Verão 2026,3,177641
12680,MENINA ANJO,I25,Inverno 2025,1,10870
12680,MENINA ANJO,I26,Inverno 2026,4,973706
12680,MENINA ANJO,T25,Tropical 2025,2,10977
12680,MENINA ANJO,V26,Verão 2026,3,25594
12680,VALENT,V26,Verão 2026,3,62248
12717,KIKI,V26,Verão 2026,3,26384
12717,MENINA ANJO,V26,Verão 2026,3,15255
12724,KIKI,I25,Inverno 2025,1,8228
12724,KIKI,V26,Verão 2026,3,11914
12724,MENINA ANJO,I25,Inverno 2025,1,5178
12724,MENINA ANJO,V26,Verão 2026,3,8151
12727,KIKI,I26,Inverno 2026,4,35038
12727,KIKI,T26,Tropical 2026,5,18860
12727,KIKI,V26,Verão 2026,3,55505
12727,VALENT,V26,Verão 2026,3,25013
12742,MENINA ANJO,V26,Verão 2026,3,4
12748,KIKI,I25,Inverno 2025,1,5207
12748,KIKI,I26,Inverno 2026,4,17
12748,KIKI,V26,Verão 2026,3,6155
12748,MENINA ANJO,I25,Inverno 2025,1,15
12748,MENINA ANJO,I26,Inverno 2026,4,7388
12748,MENINA ANJO,V26,Verão 2026,3,11655
12748,VALENT,I26,Inverno 2026,4,6
12748,VALENT,V26,Verão 2026,3,2678
12754,KIKI,V26,Verão 2026,3,109691
12754,MENINA ANJO,V26,Verão 2026,3,32641
12778,KIKI,I25,Inverno 2025,1,9983
12778,KIKI,I26,Inverno 2026,4,10330
12778,KIKI,V26,Verão 2026,3,13471
12783,KIKI,I25,Inverno 2025,1,14762
12783,KIKI,I26,Inverno 2026,4,9528
12783,KIKI,T25,Tropical 2025,2,2234
12783,KIKI,V26,Verão 2026,3,15593
12783,KIKI,V27,Verão 2027,6,36854
12783,MENINA ANJO,I25,Inverno 2025,1,11861
12783,MENINA ANJO,T25,Tropical 2025,2,2288
12783,MENINA ANJO,V26,Verão 2026,3,1736
12783,MENINA ANJO,V27,Verão 2027,6,937555
12783,VALENT,V26,Verão 2026,3,3878
12791,KIKI,I25,Inverno 2025,1,11
12791,KIKI,V27,Verão 2027,6,1755720
12791,MENINA ANJO,I25,Inverno 2025,1,2
12791,VALENT,I26,Inverno 2026,4,4
12793,KIKI,I25,Inverno 2025,1,11560
12793,KIKI,I26,Inverno 2026,4,3265
12793,KIKI,T25,Tropical 2025,2,1775
12793,KIKI,V26,Verão 2026,3,10037
12793,KIKI,V27,Verão 2027,6,23910
12793,MENINA ANJO,I25,Inverno 2025,1,8858
12793,MENINA ANJO,I26,Inverno 2026,4,7947
12793,MENINA ANJO,V26,Verão 2026,3,2567
12793,MENINA ANJO,V27,Verão 2027,6,548611
12798,KIKI,V26,Verão 2026,3,26423
12798,MENINA ANJO,V26,Verão 2026,3,13439
12810,KIKI,V26,Verão 2026,3,57607
12810,VALENT,V26,Verão 2026,3,33982
12811,KIKI,V26,Verão 2026,3,43268
12811,MENINA ANJO,V26,Verão 2026,3,18357
12811,VALENT,V26,Verão 2026,3,22861
12823,KIKI,V26,Verão 2026,3,98092
12823,MENINA ANJO,V26,Verão 2026,3,22721
12823,VALENT,V26,Verão 2026,3,66472
12839,MENINA ANJO,V26,Verão 2026,3,1955
12842,KIKI,I25,Inverno 2025,1,2979
12844,KIKI,I25,Inverno 2025,1,36019
12844,KIKI,I26,Inverno 2026,4,3
12844,KIKI,V26,Verão 2026,3,2
12844,MENINA ANJO,I25,Inverno 2025,1,17095
12853,KIKI,I25,Inverno 2025,1,4959
12853,KIKI,V26,Verão 2026,3,29781
12853,KIKI,V27,Verão 2027,6,45920
12853,MENINA ANJO,I25,Inverno 2025,1,2419
12853,MENINA ANJO,V26,Verão 2026,3,4118
12853,MENINA ANJO,V27,Verão 2027,6,10449
12857,KIKI,I26,Inverno 2026,4,36011
12857,KIKI,T26,Tropical 2026,5,18860
12857,KIKI,V26,Verão 2026,3,55505
12857,VALENT,V26,Verão 2026,3,24709
12858,KIKI,V26,Verão 2026,3,16778
12863,KIKI,V26,Verão 2026,3,10112
12864,KIKI,V26,Verão 2026,3,172551
12864,MENINA ANJO,V26,Verão 2026,3,57971
12864,VALENT,V26,Verão 2026,3,27073
12867,KIKI,I25,Inverno 2025,1,24002
12867,KIKI,V26,Verão 2026,3,66642
12867,MENINA ANJO,I25,Inverno 2025,1,2688
12867,MENINA ANJO,V26,Verão 2026,3,7
12867,VALENT,V26,Verão 2026,3,13
12878,KIKI,I25,Inverno 2025,1,19770
12878,KIKI,V26,Verão 2026,3,47149
12878,MENINA ANJO,I25,Inverno 2025,1,29
12878,MENINA ANJO,V26,Verão 2026,3,7
12890,KIKI,I25,Inverno 2025,1,21002
12890,KIKI,V26,Verão 2026,3,784081
12896,KIKI,I26,Inverno 2026,4,2549
12896,KIKI,V26,Verão 2026,3,8482
12896,MENINA ANJO,I25,Inverno 2025,1,12128
12896,MENINA ANJO,V26,Verão 2026,3,7234
12899,KIKI,I25,Inverno 2025,1,1627
12899,KIKI,I26,Inverno 2026,4,527779
12899,KIKI,V26,Verão 2026,3,12056
12899,MENINA ANJO,I25,Inverno 2025,1,9422
12900,KIKI,I25,Inverno 2025,1,1726
12900,KIKI,I26,Inverno 2026,4,36011
12900,KIKI,T26,Tropical 2026,5,18860
12900,KIKI,V26,Verão 2026,3,37621
12900,MENINA ANJO,I25,Inverno 2025,1,2644
12900,VALENT,V26,Verão 2026,3,23301
12901,KIKI,I26,Inverno 2026,4,532680
12901,MENINA ANJO,I25,Inverno 2025,1,8278
12901,MENINA ANJO,V26,Verão 2026,3,9770
12902,KIKI,I26,Inverno 2026,4,22916
12902,KIKI,V26,Verão 2026,3,35576
12905,KIKI,I25,Inverno 2025,1,7700
12919,KIKI,V26,Verão 2026,3,11941
12919,KIKI,V27,Verão 2027,6,405218
12919,MENINA ANJO,V26,Verão 2026,3,5297
12919,MENINA ANJO,V27,Verão 2027,6,13748
12924,KIKI,I26,Inverno 2026,4,48104
12924,KIKI,T26,Tropical 2026,5,28290
12924,KIKI,V26,Verão 2026,3,55495
12924,VALENT,T26,Tropical 2026,5,7314
12924,VALENT,V26,Verão 2026,3,25815
12925,KIKI,I26,Inverno 2026,4,36011
12925,KIKI,T26,Tropical 2026,5,18860
12925,KIKI,V26,Verão 2026,3,54687
12925,VALENT,V26,Verão 2026,3,25815
12926,KIKI,I26,Inverno 2026,4,28841
12926,KIKI,T26,Tropical 2026,5,7232
12926,KIKI,V26,Verão 2026,3,46282
12926,MENINA ANJO,I26,Inverno 2026,4,5333
12926,MENINA ANJO,T26,Tropical 2026,5,2307
12926,MENINA ANJO,V26,Verão 2026,3,14157
12926,VALENT,I26,Inverno 2026,4,308830
12926,VALENT,T26,Tropical 2026,5,8187
12926,VALENT,V26,Verão 2026,3,33217
12940,KIKI,I25,Inverno 2025,1,5780
12940,KIKI,I26,Inverno 2026,4,5
12940,MENINA ANJO,I25,Inverno 2025,1,2297
12947,KIKI,V27,Verão 2027,6,12400
12947,VALENT,V27,Verão 2027,6,12
12949,KIKI,I25,Inverno 2025,1,16342
12949,KIKI,V26,Verão 2026,3,88099
12949,KIKI,V27,Verão 2027,6,6937
12949,MENINA ANJO,V26,Verão 2026,3,6826
12964,KIKI,I26,Inverno 2026,4,67568
12964,KIKI,T26,Tropical 2026,5,19339
12964,KIKI,V26,Verão 2026,3,80722
12964,MENINA ANJO,I26,Inverno 2026,4,16941
12964,MENINA ANJO,V26,Verão 2026,3,16895
12966,KIKI,I25,Inverno 2025,1,5719
12966,KIKI,I26,Inverno 2026,4,532720
12966,KIKI,V26,Verão 2026,3,21103
12966,MENINA ANJO,I25,Inverno 2025,1,6073
12966,MENINA ANJO,I26,Inverno 2026,4,2891
12966,MENINA ANJO,V26,Verão 2026,3,1132
12970,KIKI,I25,Inverno 2025,1,6400
12970,MENINA ANJO,I25,Inverno 2025,1,5222
13008,KIKI,I25,Inverno 2025,1,10032
13008,KIKI,I26,Inverno 2026,4,3
13008,MENINA ANJO,I25,Inverno 2025,1,930
13016,KIKI,V26,Verão 2026,3,13532
13016,KIKI,V27,Verão 2027,6,20977
13016,MENINA ANJO,V26,Verão 2026,3,7324
13016,VALENT,V27,Verão 2027,6,3022
13033,KIKI,I25,Inverno 2025,1,8905
13033,KIKI,I26,Inverno 2026,4,20522
13033,KIKI,T25,Tropical 2025,2,745
13033,KIKI,V26,Verão 2026,3,29976
13033,KIKI,V27,Verão 2027,6,35875
13033,VALENT,V26,Verão 2026,3,12107
13033,VALENT,V27,Verão 2027,6,908
13039,KIKI,I25,Inverno 2025,1,12069
13039,KIKI,V26,Verão 2026,3,35463
13039,MENINA ANJO,T25,Tropical 2025,2,2288
13039,MENINA ANJO,V26,Verão 2026,3,5504
13039,VALENT,V26,Verão 2026,3,9169
13052,KIKI,I25,Inverno 2025,1,14493
13052,KIKI,V26,Verão 2026,3,287640
13052,MENINA ANJO,I25,Inverno 2025,1,7069
13075,KIKI,I26,Inverno 2026,4,51601
13075,KIKI,V26,Verão 2026,3,37621
13075,MENINA ANJO,I26,Inverno 2026,4,556944
13075,VALENT,I26,Inverno 2026,4,5950
13075,VALENT,V26,Verão 2026,3,23301
13082,KIKI,I26,Inverno 2026,4,399805
13082,KIKI,V26,Verão 2026,3,20084
13082,MENINA ANJO,I25,Inverno 2025,1,12128
13090,KIKI,I25,Inverno 2025,1,6640
13090,KIKI,I26,Inverno 2026,4,5314
13090,KIKI,V26,Verão 2026,3,26008
13090,MENINA ANJO,I26,Inverno 2026,4,7540
13090,MENINA ANJO,V26,Verão 2026,3,2546
13090,VALENT,V26,Verão 2026,3,2131
13096,KIKI,V26,Verão 2026,3,7304
13099,KIKI,I25,Inverno 2025,1,72345
13099,KIKI,T25,Tropical 2025,2,11677
13099,KIKI,V27,Verão 2027,6,17402
13100,KIKI,I25,Inverno 2025,1,34180
13100,KIKI,T25,Tropical 2025,2,1775
13100,KIKI,V26,Verão 2026,3,11698
13123,KIKI,I25,Inverno 2025,1,11290
13123,KIKI,V26,Verão 2026,3,9
13123,MENINA ANJO,V26,Verão 2026,3,21
13123,VALENT,V26,Verão 2026,3,12
13128,KIKI,I25,Inverno 2025,1,12951
13128,KIKI,I26,Inverno 2026,4,12026
13128,KIKI,V26,Verão 2026,3,22621
13128,KIKI,V27,Verão 2027,6,15341
13128,MENINA ANJO,V27,Verão 2027,6,1075
13128,VALENT,I26,Inverno 2026,4,561600
13128,VALENT,V27,Verão 2027,6,1928
13131,KIKI,I26,Inverno 2026,4,8029
13131,KIKI,V26,Verão 2026,3,16903
13131,MENINA ANJO,I26,Inverno 2026,4,5544
13131,MENINA ANJO,V26,Verão 2026,3,5224
13131,VALENT,I26,Inverno 2026,4,2216
13135,KIKI,I26,Inverno 2026,4,274420
13135,KIKI,V26,Verão 2026,3,9232
13135,VALENT,I26,Inverno 2026,4,568830
13137,KIKI,I25,Inverno 2025,1,10447
13137,MENINA ANJO,I25,Inverno 2025,1,2496
13139,KIKI,I25,Inverno 2025,1,14000
13139,MENINA ANJO,I25,Inverno 2025,1,4744
13156,KIKI,I26,Inverno 2026,4,1
13160,KIKI,I25,Inverno 2025,1,17080
13160,KIKI,I26,Inverno 2026,4,6242
13160,KIKI,V26,Verão 2026,3,32964
13161,KIKI,I25,Inverno 2025,1,4087
13161,KIKI,I26,Inverno 2026,4,4421
13161,KIKI,V26,Verão 2026,3,28153
13161,VALENT,I26,Inverno 2026,4,2216
13162,KIKI,V27,Verão 2027,6,372485
13166,KIKI,I26,Inverno 2026,4,2549
13166,MENINA ANJO,V26,Verão 2026,3,1955
13166,VALENT,I26,Inverno 2026,4,516900
13171,KIKI,I25,Inverno 2025,1,9014
13171,KIKI,T25,Tropical 2025,2,592
13171,KIKI,V26,Verão 2026,3,103409
13179,KIKI,I25,Inverno 2025,1,11722
13190,KIKI,I25,Inverno 2025,1,56089
13190,KIKI,I26,Inverno 2026,4,1429
13190,KIKI,V26,Verão 2026,3,4252
13190,MENINA ANJO,I25,Inverno 2025,1,3937
13192,KIKI,V26,Verão 2026,3,21066
13192,KIKI,V27,Verão 2027,6,16708
13192,MENINA ANJO,V26,Verão 2026,3,5148
13192,MENINA ANJO,V27,Verão 2027,6,147072
13197,KIKI,I25,Inverno 2025,1,888
13197,KIKI,I26,Inverno 2026,4,2
13197,KIKI,V26,Verão 2026,3,3
13197,MENINA ANJO,I25,Inverno 2025,1,1139
13197,VALENT,V26,Verão 2026,3,148320
13204,KIKI,V26,Verão 2026,3,27377
13211,KIKI,I25,Inverno 2025,1,45418
13211,KIKI,I26,Inverno 2026,4,6352
13211,KIKI,V26,Verão 2026,3,95637
13211,KIKI,V27,Verão 2027,6,31752
13211,MENINA ANJO,I25,Inverno 2025,1,8386
13211,MENINA ANJO,V26,Verão 2026,3,25371
13211,MENINA ANJO,V27,Verão 2027,6,515400
13211,VALENT,V27,Verão 2027,6,3879
13249,KIKI,I25,Inverno 2025,1,22298
13249,KIKI,I26,Inverno 2026,4,14570
13249,MENINA ANJO,I25,Inverno 2025,1,13727
13249,MENINA ANJO,I26,Inverno 2026,4,10728
13249,VALENT,I26,Inverno 2026,4,2292000
13288,KIKI,I26,Inverno 2026,4,12778
13288,KIKI,V26,Verão 2026,3,15932
13288,MENINA ANJO,I25,Inverno 2025,1,3
13288,MENINA ANJO,I26,Inverno 2026,4,9612
13304,MENINA ANJO,V26,Verão 2026,3,4756
13318,KIKI,I25,Inverno 2025,1,8361
13318,KIKI,I26,Inverno 2026,4,6806
13318,KIKI,V26,Verão 2026,3,8618
13318,KIKI,V27,Verão 2027,6,15471
13318,VALENT,I26,Inverno 2026,4,1141500
13332,KIKI,I25,Inverno 2025,1,2563
13332,KIKI,I26,Inverno 2026,4,17917
13332,KIKI,T25,Tropical 2025,2,6465
13332,KIKI,V26,Verão 2026,3,24266
13332,MENINA ANJO,I26,Inverno 2026,4,1681
13332,MENINA ANJO,V26,Verão 2026,3,9059
13332,VALENT,V26,Verão 2026,3,2338
13345,KIKI,I26,Inverno 2026,4,266515
13345,KIKI,V26,Verão 2026,3,11826
13345,MENINA ANJO,I26,Inverno 2026,4,2918
13345,VALENT,V26,Verão 2026,3,1078
13347,KIKI,I25,Inverno 2025,1,22539
13347,KIKI,I26,Inverno 2026,4,7130
13347,KIKI,V26,Verão 2026,3,5188
13347,MENINA ANJO,I25,Inverno 2025,1,12797
13347,MENINA ANJO,I26,Inverno 2026,4,3134
13347,MENINA ANJO,V26,Verão 2026,3,3693
13347,VALENT,I26,Inverno 2026,4,3950
13360,KIKI,I25,Inverno 2025,1,59459
13360,KIKI,T25,Tropical 2025,2,19926
13360,KIKI,V26,Verão 2026,3,55336
13360,KIKI,V27,Verão 2027,6,694687
13360,MENINA ANJO,I25,Inverno 2025,1,26648
13360,MENINA ANJO,T25,Tropical 2025,2,2463
13360,MENINA ANJO,V26,Verão 2026,3,34813
13360,MENINA ANJO,V27,Verão 2027,6,574510
13360,VALENT,V26,Verão 2026,3,1912
13361,KIKI,V26,Verão 2026,3,92424
13361,KIKI,V27,Verão 2027,6,1777032
13361,MENINA ANJO,I25,Inverno 2025,1,8
13361,MENINA ANJO,V26,Verão 2026,3,30682
13361,MENINA ANJO,V27,Verão 2027,6,30010
13361,VALENT,V26,Verão 2026,3,604442
13361,VALENT,V27,Verão 2027,6,79639
13366,KIKI,V27,Verão 2027,6,811207
13366,MENINA ANJO,I25,Inverno 2025,1,2328
13366,VALENT,I26,Inverno 2026,4,263360
13367,KIKI,V26,Verão 2026,3,20138
13367,MENINA ANJO,V26,Verão 2026,3,5139
13371,KIKI,I25,Inverno 2025,1,22939
13371,KIKI,I26,Inverno 2026,4,54115
13371,KIKI,V26,Verão 2026,3,39478
13371,MENINA ANJO,I25,Inverno 2025,1,12305
13371,MENINA ANJO,I26,Inverno 2026,4,20588
13371,MENINA ANJO,V26,Verão 2026,3,28924
13371,VALENT,I26,Inverno 2026,4,888127
13371,VALENT,V26,Verão 2026,3,10544
13372,KIKI,I25,Inverno 2025,1,12404
13372,MENINA ANJO,I25,Inverno 2025,1,7362
13391,KIKI,V26,Verão 2026,3,5098
13391,MENINA ANJO,V26,Verão 2026,3,2531
13391,VALENT,V26,Verão 2026,3,7486
13392,KIKI,V26,Verão 2026,3,5098
13392,MENINA ANJO,V26,Verão 2026,3,2531
13392,VALENT,V26,Verão 2026,3,7486
13393,KIKI,V26,Verão 2026,3,5098
13393,MENINA ANJO,V26,Verão 2026,3,2531
13393,VALENT,V26,Verão 2026,3,7486
13395,KIKI,V26,Verão 2026,3,5098
13395,MENINA ANJO,V26,Verão 2026,3,2531
13395,VALENT,V26,Verão 2026,3,7486
13397,KIKI,V26,Verão 2026,3,5098
13397,MENINA ANJO,V26,Verão 2026,3,2531
13397,VALENT,V26,Verão 2026,3,7486
13400,KIKI,I25,Inverno 2025,1,3
13400,KIKI,T25,Tropical 2025,2,3
13400,KIKI,V26,Verão 2026,3,53837
13400,MENINA ANJO,V26,Verão 2026,3,15455
13400,VALENT,V26,Verão 2026,3,53972
13416,KIKI,V26,Verão 2026,3,140124
13416,KIKI,V27,Verão 2027,6,324034
13416,MENINA ANJO,V26,Verão 2026,3,27687
13416,MENINA ANJO,V27,Verão 2027,6,24128
13416,VALENT,V26,Verão 2026,3,57795
13416,VALENT,V27,Verão 2027,6,55025
13420,KIKI,V26,Verão 2026,3,41608
13420,MENINA ANJO,V26,Verão 2026,3,26416
13420,VALENT,V26,Verão 2026,3,24767
13425,KIKI,I25,Inverno 2025,1,18234
13425,KIKI,I26,Inverno 2026,4,4504
13425,KIKI,V26,Verão 2026,3,18050
13425,KIKI,V27,Verão 2027,6,48636
13425,MENINA ANJO,I25,Inverno 2025,1,8791
13425,VALENT,I26,Inverno 2026,4,1116300
13425,VALENT,V27,Verão 2027,6,22098
13430,KIKI,I25,Inverno 2025,1,4
13430,KIKI,I26,Inverno 2026,4,18240
13430,KIKI,V26,Verão 2026,3,42241
13430,KIKI,V27,Verão 2027,6,536299
13430,MENINA ANJO,I26,Inverno 2026,4,16502
13430,MENINA ANJO,V26,Verão 2026,3,11910
13430,MENINA ANJO,V27,Verão 2027,6,9604
13430,VALENT,I26,Inverno 2026,4,1089000
13430,VALENT,V26,Verão 2026,3,923378
13430,VALENT,V27,Verão 2027,6,3593
13438,KIKI,I25,Inverno 2025,1,10375
13438,KIKI,V26,Verão 2026,3,2144
13438,VALENT,V26,Verão 2026,3,3
13456,KIKI,I25,Inverno 2025,1,16758
13456,KIKI,I26,Inverno 2026,4,4919
13456,KIKI,V26,Verão 2026,3,9922
13456,MENINA ANJO,I25,Inverno 2025,1,6899
13456,MENINA ANJO,I26,Inverno 2026,4,3634
13456,MENINA ANJO,V26,Verão 2026,3,5990
13467,KIKI,I25,Inverno 2025,1,6509
13474,KIKI,I25,Inverno 2025,1,96078
13474,MENINA ANJO,I25,Inverno 2025,1,25518
13478,KIKI,V26,Verão 2026,3,8834
13478,MENINA ANJO,V26,Verão 2026,3,2974
13480,KIKI,V26,Verão 2026,3,19892
13483,KIKI,V26,Verão 2026,3,24033
13483,MENINA ANJO,V26,Verão 2026,3,2347
13483,VALENT,V26,Verão 2026,3,6882
13487,KIKI,V26,Verão 2026,3,15214
13487,MENINA ANJO,V26,Verão 2026,3,2270
13498,KIKI,I25,Inverno 2025,1,9788
13498,KIKI,I26,Inverno 2026,4,22196
13498,KIKI,V26,Verão 2026,3,9049
13498,MENINA ANJO,I25,Inverno 2025,1,7149
13498,VALENT,V26,Verão 2026,3,4576
13510,KIKI,V26,Verão 2026,3,153257
13510,KIKI,V27,Verão 2027,6,7452
13510,MENINA ANJO,V26,Verão 2026,3,35290
13510,VALENT,V27,Verão 2027,6,3704
13520,KIKI,V26,Verão 2026,3,2108
13520,KIKI,V27,Verão 2027,6,30809
13520,VALENT,V26,Verão 2026,3,6
13520,VALENT,V27,Verão 2027,6,14716
13526,KIKI,I25,Inverno 2025,1,1841
13526,KIKI,V26,Verão 2026,3,287640
13526,MENINA ANJO,I25,Inverno 2025,1,3032
13526,MENINA ANJO,V26,Verão 2026,3,4
13532,KIKI,I25,Inverno 2025,1,22758
13532,KIKI,I26,Inverno 2026,4,5224
13532,KIKI,V26,Verão 2026,3,16644
13532,KIKI,V27,Verão 2027,6,52248
13532,MENINA ANJO,I25,Inverno 2025,1,2817
13532,MENINA ANJO,V26,Verão 2026,3,4230
13532,MENINA ANJO,V27,Verão 2027,6,12516
13532,VALENT,V26,Verão 2026,3,32101
13532,VALENT,V27,Verão 2027,6,28846
13533,KIKI,V26,Verão 2026,3,23
13535,KIKI,I25,Inverno 2025,1,33992
13535,KIKI,I26,Inverno 2026,4,9
13535,KIKI,V27,Verão 2027,6,388531
13535,MENINA ANJO,I25,Inverno 2025,1,11714
13537,KIKI,V26,Verão 2026,3,6672
13537,MENINA ANJO,V26,Verão 2026,3,1780
13537,VALENT,V26,Verão 2026,3,1704
13547,KIKI,V26,Verão 2026,3,7958
13548,KIKI,I25,Inverno 2025,1,9004
13548,KIKI,I26,Inverno 2026,4,9284
13548,KIKI,T25,Tropical 2025,2,3312
13548,KIKI,T26,Tropical 2026,5,6666
13548,KIKI,V26,Verão 2026,3,34675
13548,KIKI,V27,Verão 2027,6,10955
13548,MENINA ANJO,V26,Verão 2026,3,3697
13550,KIKI,I25,Inverno 2025,1,6505
13550,KIKI,I26,Inverno 2026,4,4806
13550,KIKI,V26,Verão 2026,3,4914
13550,MENINA ANJO,I25,Inverno 2025,1,2554
13556,KIKI,I25,Inverno 2025,1,2226
13556,KIKI,I26,Inverno 2026,4,6
13556,KIKI,V26,Verão 2026,3,384960
13556,KIKI,V27,Verão 2027,6,372485
13556,MENINA ANJO,I25,Inverno 2025,1,10901
13556,MENINA ANJO,I26,Inverno 2026,4,260480
13557,KIKI,V26,Verão 2026,3,522720
13557,KIKI,V27,Verão 2027,6,4
13558,KIKI,V26,Verão 2026,3,56409
13558,KIKI,V27,Verão 2027,6,1153261
13558,MENINA ANJO,V26,Verão 2026,3,21622
13563,KIKI,I25,Inverno 2025,1,2041
13563,MENINA ANJO,I25,Inverno 2025,1,16610
13579,KIKI,I26,Inverno 2026,4,5886
13579,KIKI,V26,Verão 2026,3,30628
13579,MENINA ANJO,V26,Verão 2026,3,7350
13580,KIKI,V26,Verão 2026,3,27850
13580,MENINA ANJO,V26,Verão 2026,3,3276
13580,VALENT,V26,Verão 2026,3,5
13592,KIKI,I25,Inverno 2025,1,8829
13592,KIKI,I26,Inverno 2026,4,13997
13592,KIKI,T26,Tropical 2026,5,1285
13592,KIKI,V26,Verão 2026,3,5848
13592,VALENT,I26,Inverno 2026,4,602831
13593,KIKI,I25,Inverno 2025,1,82699
13593,KIKI,I26,Inverno 2026,4,6750
13593,KIKI,V26,Verão 2026,3,16309
13593,KIKI,V27,Verão 2027,6,13218
13593,MENINA ANJO,I25,Inverno 2025,1,18232
13593,MENINA ANJO,I26,Inverno 2026,4,7486
13593,MENINA ANJO,V26,Verão 2026,3,892
13593,MENINA ANJO,V27,Verão 2027,6,2122
13594,KIKI,I25,Inverno 2025,1,155909
13594,KIKI,I26,Inverno 2026,4,33431
13594,KIKI,V26,Verão 2026,3,127244
13594,MENINA ANJO,I25,Inverno 2025,1,30761
13594,MENINA ANJO,I26,Inverno 2026,4,23417
13594,MENINA ANJO,V26,Verão 2026,3,45126
13605,KIKI,I25,Inverno 2025,1,17708
13606,KIKI,I25,Inverno 2025,1,9042
13606,KIKI,V27,Verão 2027,6,2
13606,VALENT,V26,Verão 2026,3,3
13608,KIKI,I25,Inverno 2025,1,27209
13613,KIKI,V26,Verão 2026,3,2396
13613,MENINA ANJO,V26,Verão 2026,3,4756
13620,KIKI,I25,Inverno 2025,1,5179
13620,KIKI,V26,Verão 2026,3,4
13621,KIKI,I25,Inverno 2025,1,26035
13629,KIKI,V26,Verão 2026,3,1816
13633,KIKI,I25,Inverno 2025,1,73378
13633,KIKI,V26,Verão 2026,3,6397
13633,MENINA ANJO,I25,Inverno 2025,1,5470
13633,MENINA ANJO,I26,Inverno 2026,4,2698
13633,MENINA ANJO,V26,Verão 2026,3,4226
13638,KIKI,V26,Verão 2026,3,127152
13638,KIKI,V27,Verão 2027,6,87340
13652,KIKI,I25,Inverno 2025,1,56211
13652,KIKI,I26,Inverno 2026,4,534661
13652,KIKI,V26,Verão 2026,3,97367
13652,MENINA ANJO,I25,Inverno 2025,1,42184
13652,MENINA ANJO,I26,Inverno 2026,4,2698
13652,MENINA ANJO,V26,Verão 2026,3,48106
13652,VALENT,V26,Verão 2026,3,64428
13663,KIKI,I25,Inverno 2025,1,15833
13663,KIKI,V26,Verão 2026,3,532162
13663,MENINA ANJO,I25,Inverno 2025,1,3797
13663,MENINA ANJO,V26,Verão 2026,3,3
13663,VALENT,V26,Verão 2026,3,436803
13665,KIKI,I25,Inverno 2025,1,14576
13665,KIKI,I26,Inverno 2026,4,21494
13665,KIKI,T25,Tropical 2025,2,5735
13665,KIKI,T26,Tropical 2026,5,9509
13665,KIKI,V26,Verão 2026,3,14776
13665,KIKI,V27,Verão 2027,6,421168
13665,MENINA ANJO,I25,Inverno 2025,1,3728
13665,MENINA ANJO,I26,Inverno 2026,4,18198
13665,MENINA ANJO,V26,Verão 2026,3,10048
13665,MENINA ANJO,V27,Verão 2027,6,13412
13676,KIKI,I26,Inverno 2026,4,2675
13676,KIKI,V26,Verão 2026,3,9
13682,KIKI,V26,Verão 2026,3,2108
13682,MENINA ANJO,V26,Verão 2026,3,4756
13684,KIKI,V26,Verão 2026,3,11378
13685,KIKI,I25,Inverno 2025,1,14
13685,KIKI,V26,Verão 2026,3,31
13685,KIKI,V27,Verão 2027,6,12412
13685,VALENT,V26,Verão 2026,3,13
13685,VALENT,V27,Verão 2027,6,12
13686,KIKI,V26,Verão 2026,3,12
13686,KIKI,V27,Verão 2027,6,41693
13686,VALENT,V27,Verão 2027,6,29441
13688,KIKI,I25,Inverno 2025,1,8206
13688,KIKI,T25,Tropical 2025,2,12366
13688,KIKI,T26,Tropical 2026,5,4113
13688,KIKI,V26,Verão 2026,3,9558
13688,MENINA ANJO,I25,Inverno 2025,1,5180
13688,MENINA ANJO,I26,Inverno 2026,4,3211
13688,MENINA ANJO,T25,Tropical 2025,2,6802
13688,MENINA ANJO,V26,Verão 2026,3,2675
13688,VALENT,T26,Tropical 2026,5,2338
13688,VALENT,V26,Verão 2026,3,4288
13690,KIKI,T25,Tropical 2025,2,2
13698,KIKI,V26,Verão 2026,3,100969
13698,MENINA ANJO,V26,Verão 2026,3,12689
13702,KIKI,I26,Inverno 2026,4,9129
13702,KIKI,T26,Tropical 2026,5,2141
13702,KIKI,V26,Verão 2026,3,12549
13702,KIKI,V27,Verão 2027,6,714566
13702,MENINA ANJO,I26,Inverno 2026,4,2741
13702,MENINA ANJO,V26,Verão 2026,3,9414
13702,VALENT,V27,Verão 2027,6,2275
13703,KIKI,V26,Verão 2026,3,23362
13703,MENINA ANJO,V26,Verão 2026,3,10098
13703,VALENT,V26,Verão 2026,3,5
13705,KIKI,I25,Inverno 2025,1,4125
13705,KIKI,I26,Inverno 2026,4,4213
13705,KIKI,V26,Verão 2026,3,22100
13705,KIKI,V27,Verão 2027,6,7844
13705,MENINA ANJO,I25,Inverno 2025,1,2216
13705,MENINA ANJO,I26,Inverno 2026,4,2684
13705,MENINA ANJO,V27,Verão 2027,6,4428
13714,KIKI,I25,Inverno 2025,1,10387
13714,KIKI,V26,Verão 2026,3,513285
13714,KIKI,V27,Verão 2027,6,1393365
13714,MENINA ANJO,I25,Inverno 2025,1,3027
13723,KIKI,I25,Inverno 2025,1,7261
13723,KIKI,V26,Verão 2026,3,94830
13723,KIKI,V27,Verão 2027,6,1583703
13723,MENINA ANJO,I25,Inverno 2025,1,2333
13723,MENINA ANJO,V26,Verão 2026,3,29805
13723,MENINA ANJO,V27,Verão 2027,6,1055734
13732,KIKI,I25,Inverno 2025,1,18605
13732,KIKI,I26,Inverno 2026,4,11657
13732,KIKI,T26,Tropical 2026,5,1285
13732,KIKI,V26,Verão 2026,3,8235
13732,KIKI,V27,Verão 2027,6,16033
13732,MENINA ANJO,I26,Inverno 2026,4,8440
13732,MENINA ANJO,T26,Tropical 2026,5,2527
13732,MENINA ANJO,V26,Verão 2026,3,7288
13732,VALENT,I26,Inverno 2026,4,4860
13732,VALENT,V27,Verão 2027,6,1717
13743,KIKI,V26,Verão 2026,3,75123
13743,MENINA ANJO,V26,Verão 2026,3,40898
13753,KIKI,V26,Verão 2026,3,399123
13761,KIKI,I26,Inverno 2026,4,2873
13761,KIKI,V26,Verão 2026,3,4198
13761,KIKI,V27,Verão 2027,6,274463
13761,MENINA ANJO,I26,Inverno 2026,4,4732
13761,MENINA ANJO,V26,Verão 2026,3,1476
13761,MENINA ANJO,V27,Verão 2027,6,2688
13761,VALENT,I26,Inverno 2026,4,929
13761,VALENT,V26,Verão 2026,3,6956
13761,VALENT,V27,Verão 2027,6,3094
13770,KIKI,I26,Inverno 2026,4,9
13770,KIKI,V26,Verão 2026,3,1045445
13770,KIKI,V27,Verão 2027,6,646725
13777,KIKI,I25,Inverno 2025,1,4570
13777,KIKI,V26,Verão 2026,3,384964
13777,VALENT,V26,Verão 2026,3,296640
13778,KIKI,I26,Inverno 2026,4,3
13778,KIKI,V26,Verão 2026,3,2
13778,KIKI,V27,Verão 2027,6,458779
13778,MENINA ANJO,I25,Inverno 2025,1,9576
13789,KIKI,I25,Inverno 2025,1,22276
13789,MENINA ANJO,I25,Inverno 2025,1,3057
13794,KIKI,I25,Inverno 2025,1,11603
13794,KIKI,I26,Inverno 2026,4,4725
13794,KIKI,V26,Verão 2026,3,4317
13794,KIKI,V27,Verão 2027,6,19700
13794,MENINA ANJO,I26,Inverno 2026,4,11448
13794,MENINA ANJO,T25,Tropical 2025,2,2239
13794,MENINA ANJO,V27,Verão 2027,6,12283
13794,VALENT,V26,Verão 2026,3,4
13794,VALENT,V27,Verão 2027,6,4016
13797,KIKI,V26,Verão 2026,3,49071
13797,MENINA ANJO,V26,Verão 2026,3,2002
13800,KIKI,I25,Inverno 2025,1,6923
13802,KIKI,V26,Verão 2026,3,67543
13802,MENINA ANJO,V26,Verão 2026,3,10546
13811,KIKI,I25,Inverno 2025,1,17379
13811,KIKI,I26,Inverno 2026,4,527611
13811,KIKI,V26,Verão 2026,3,15180
13811,KIKI,V27,Verão 2027,6,21938
13811,MENINA ANJO,I25,Inverno 2025,1,11
13811,MENINA ANJO,V27,Verão 2027,6,1069212
13811,VALENT,I26,Inverno 2026,4,599400
13811,VALENT,V27,Verão 2027,6,5380
13812,KIKI,V26,Verão 2026,3,4281
13813,KIKI,I25,Inverno 2025,1,3032
13818,KIKI,I26,Inverno 2026,4,9000
13818,KIKI,V26,Verão 2026,3,6509
13818,KIKI,V27,Verão 2027,6,14456
13818,MENINA ANJO,I26,Inverno 2026,4,2158
13818,MENINA ANJO,V26,Verão 2026,3,4950
13818,MENINA ANJO,V27,Verão 2027,6,920738
13820,KIKI,I25,Inverno 2025,1,2
13820,KIKI,I26,Inverno 2026,4,6770
13820,KIKI,V26,Verão 2026,3,10532
13820,MENINA ANJO,I25,Inverno 2025,1,4
13828,KIKI,I25,Inverno 2025,1,6050
13828,KIKI,V26,Verão 2026,3,2275
13828,MENINA ANJO,I25,Inverno 2025,1,5206
13829,KIKI,I25,Inverno 2025,1,5800
13829,KIKI,I26,Inverno 2026,4,7886
13829,KIKI,T26,Tropical 2026,5,5499
13829,KIKI,V26,Verão 2026,3,6437
13829,MENINA ANJO,V26,Verão 2026,3,2486
13837,KIKI,I25,Inverno 2025,1,10670
13837,KIKI,I26,Inverno 2026,4,3676
13837,KIKI,T25,Tropical 2025,2,10035
13837,KIKI,V26,Verão 2026,3,34968
13837,MENINA ANJO,I25,Inverno 2025,1,3049
13837,MENINA ANJO,V26,Verão 2026,3,2563
13838,KIKI,I26,Inverno 2026,4,8680
13838,KIKI,T26,Tropical 2026,5,5114
13838,KIKI,V26,Verão 2026,3,39092
13838,MENINA ANJO,T26,Tropical 2026,5,2284
13838,MENINA ANJO,V26,Verão 2026,3,15998
13839,KIKI,V26,Verão 2026,3,21160
13839,MENINA ANJO,V26,Verão 2026,3,8988
13839,VALENT,V26,Verão 2026,3,14776
13844,KIKI,I26,Inverno 2026,4,2495
13844,MENINA ANJO,I26,Inverno 2026,4,9088
13845,KIKI,I26,Inverno 2026,4,524843
13845,KIKI,V26,Verão 2026,3,2072
13845,MENINA ANJO,I26,Inverno 2026,4,5544
13845,MENINA ANJO,V26,Verão 2026,3,2945
13845,VALENT,I26,Inverno 2026,4,530831
13859,KIKI,I25,Inverno 2025,1,4907
13859,KIKI,I26,Inverno 2026,4,3758
13859,KIKI,V26,Verão 2026,3,3465
13859,MENINA ANJO,I25,Inverno 2025,1,15473
13865,KIKI,I26,Inverno 2026,4,9982
13865,KIKI,V26,Verão 2026,3,3225
13865,KIKI,V27,Verão 2027,6,6604
13865,VALENT,I26,Inverno 2026,4,14
13865,VALENT,V26,Verão 2026,3,6
13865,VALENT,V27,Verão 2027,6,8350
13867,KIKI,I25,Inverno 2025,1,26861
13867,MENINA ANJO,I25,Inverno 2025,1,7801
13870,KIKI,V26,Verão 2026,3,14876
13870,MENINA ANJO,V26,Verão 2026,3,30454
13883,KIKI,I26,Inverno 2026,4,2675
13883,KIKI,V26,Verão 2026,3,8746
13883,KIKI,V27,Verão 2027,6,275353
13883,MENINA ANJO,V26,Verão 2026,3,2943
13883,MENINA ANJO,V27,Verão 2027,6,9722
13889,KIKI,I25,Inverno 2025,1,2387
13889,KIKI,V26,Verão 2026,3,9090
13889,MENINA ANJO,V26,Verão 2026,3,5990
13891,KIKI,V26,Verão 2026,3,9266
13891,MENINA ANJO,V26,Verão 2026,3,4558
13922,KIKI,V26,Verão 2026,3,4
13938,KIKI,I26,Inverno 2026,4,37062
13938,KIKI,T26,Tropical 2026,5,4704
13938,KIKI,V26,Verão 2026,3,19096
13938,MENINA ANJO,I26,Inverno 2026,4,5071
13938,MENINA ANJO,V26,Verão 2026,3,5134
13938,VALENT,I26,Inverno 2026,4,8776
13938,VALENT,T26,Tropical 2026,5,3688
13938,VALENT,V26,Verão 2026,3,26685
13969,KIKI,I25,Inverno 2025,1,23646
13969,KIKI,I26,Inverno 2026,4,27448
13969,KIKI,V26,Verão 2026,3,26152
13969,MENINA ANJO,I26,Inverno 2026,4,9508
13969,MENINA ANJO,V26,Verão 2026,3,26105
13997,KIKI,I26,Inverno 2026,4,5044
13998,KIKI,I25,Inverno 2025,1,3316
13998,KIKI,I26,Inverno 2026,4,4016
13998,KIKI,V26,Verão 2026,3,6761
13998,MENINA ANJO,I26,Inverno 2026,4,9362
13998,MENINA ANJO,V26,Verão 2026,3,16218
13998,VALENT,V26,Verão 2026,3,2158
13999,KIKI,V26,Verão 2026,3,2716
13999,KIKI,V27,Verão 2027,6,1411857
13999,MENINA ANJO,V27,Verão 2027,6,428321
13999,VALENT,V26,Verão 2026,3,3
13999,VALENT,V27,Verão 2027,6,40248
14018,KIKI,I25,Inverno 2025,1,13
14018,KIKI,I26,Inverno 2026,4,12
14018,KIKI,V26,Verão 2026,3,2
14018,KIKI,V27,Verão 2027,6,1226252
14018,MENINA ANJO,I25,Inverno 2025,1,6
14018,VALENT,V26,Verão 2026,3,3
14074,KIKI,I25,Inverno 2025,1,1234
14079,KIKI,I25,Inverno 2025,1,541607
14079,KIKI,I26,Inverno 2026,4,5
14079,MENINA ANJO,I25,Inverno 2025,1,595606
14080,KIKI,I26,Inverno 2026,4,2
14080,KIKI,V26,Verão 2026,3,1998
14080,MENINA ANJO,V26,Verão 2026,3,4562
14080,VALENT,I26,Inverno 2026,4,563816
14107,KIKI,I25,Inverno 2025,1,3
14107,KIKI,V26,Verão 2026,3,23603
14107,VALENT,V26,Verão 2026,3,9080
14109,KIKI,I25,Inverno 2025,1,6400
14109,KIKI,I26,Inverno 2026,4,1505
14109,KIKI,V26,Verão 2026,3,7900
14109,MENINA ANJO,I25,Inverno 2025,1,5222
14122,KIKI,I25,Inverno 2025,1,14259
14122,MENINA ANJO,I25,Inverno 2025,1,8918
14129,KIKI,I25,Inverno 2025,1,16694
14129,KIKI,I26,Inverno 2026,4,27477
14129,KIKI,V26,Verão 2026,3,25710
14129,KIKI,V27,Verão 2027,6,53183
14129,VALENT,V27,Verão 2027,6,13655
14131,MENINA ANJO,V26,Verão 2026,3,3
14137,KIKI,I25,Inverno 2025,1,8731
14137,KIKI,I26,Inverno 2026,4,6379
14137,KIKI,V26,Verão 2026,3,11128
14137,MENINA ANJO,I25,Inverno 2025,1,8858
14137,MENINA ANJO,I26,Inverno 2026,4,2891
14137,MENINA ANJO,V26,Verão 2026,3,4185
14138,KIKI,T25,Tropical 2025,2,3960
14140,KIKI,I25,Inverno 2025,1,59588
14140,KIKI,T25,Tropical 2025,2,41036
14140,KIKI,V26,Verão 2026,3,203129
14140,MENINA ANJO,I25,Inverno 2025,1,31760
14140,MENINA ANJO,T25,Tropical 2025,2,7053
14140,MENINA ANJO,V26,Verão 2026,3,96113
14141,KIKI,I25,Inverno 2025,1,19
14141,KIKI,I26,Inverno 2026,4,3
14141,KIKI,V26,Verão 2026,3,532162
14141,MENINA ANJO,I25,Inverno 2025,1,3
14141,MENINA ANJO,I26,Inverno 2026,4,520960
14141,MENINA ANJO,V26,Verão 2026,3,4
14141,VALENT,V26,Verão 2026,3,3
14143,KIKI,I25,Inverno 2025,1,6
14143,KIKI,I26,Inverno 2026,4,3
14143,KIKI,V26,Verão 2026,3,2
14143,MENINA ANJO,I25,Inverno 2025,1,3
14143,MENINA ANJO,I26,Inverno 2026,4,520960
14143,MENINA ANJO,V26,Verão 2026,3,4
14146,KIKI,I25,Inverno 2025,1,13643
14158,KIKI,V26,Verão 2026,3,33758
14168,KIKI,I25,Inverno 2025,1,8746
14179,KIKI,I25,Inverno 2025,1,22098
14179,MENINA ANJO,I25,Inverno 2025,1,6011
14181,KIKI,V26,Verão 2026,3,39048
14190,KIKI,I26,Inverno 2026,4,6014
14190,KIKI,V26,Verão 2026,3,2063
14191,KIKI,I25,Inverno 2025,1,37818
14191,KIKI,I26,Inverno 2026,4,20450
14191,KIKI,V26,Verão 2026,3,95804
14191,MENINA ANJO,I25,Inverno 2025,1,5970
14192,KIKI,I26,Inverno 2026,4,6014
14192,KIKI,V26,Verão 2026,3,4
14194,KIKI,I25,Inverno 2025,1,9765
14194,KIKI,I26,Inverno 2026,4,36581
14194,KIKI,V26,Verão 2026,3,29887
14194,MENINA ANJO,I25,Inverno 2025,1,21265
14194,MENINA ANJO,I26,Inverno 2026,4,2918
14194,MENINA ANJO,V26,Verão 2026,3,15138
14194,VALENT,I26,Inverno 2026,4,620952
14203,KIKI,I25,Inverno 2025,1,6400
14203,KIKI,I26,Inverno 2026,4,1505
14203,KIKI,V26,Verão 2026,3,7900
14203,MENINA ANJO,I25,Inverno 2025,1,5222
14237,KIKI,I26,Inverno 2026,4,5
14237,KIKI,V26,Verão 2026,3,532165
14237,KIKI,V27,Verão 2027,6,925765
14237,MENINA ANJO,I25,Inverno 2025,1,28978
14237,MENINA ANJO,V26,Verão 2026,3,3
14256,KIKI,I25,Inverno 2025,1,6815
14256,KIKI,I26,Inverno 2026,4,5004
14256,KIKI,V26,Verão 2026,3,4221
14257,KIKI,I25,Inverno 2025,1,6815
14257,KIKI,I26,Inverno 2026,4,5004
14257,KIKI,V26,Verão 2026,3,4221
14258,KIKI,I25,Inverno 2025,1,6815
14260,KIKI,I25,Inverno 2025,1,4388
14260,KIKI,I26,Inverno 2026,4,5542
14260,KIKI,V26,Verão 2026,3,43140
14260,MENINA ANJO,I25,Inverno 2025,1,902
14260,MENINA ANJO,I26,Inverno 2026,4,899
14260,MENINA ANJO,V26,Verão 2026,3,8101
14260,VALENT,V26,Verão 2026,3,35920
14280,KIKI,V26,Verão 2026,3,9014
14294,KIKI,V26,Verão 2026,3,24026
14294,MENINA ANJO,V26,Verão 2026,3,16182
14294,VALENT,V26,Verão 2026,3,4831
14302,KIKI,I25,Inverno 2025,1,13882
14302,KIKI,T25,Tropical 2025,2,3838
14302,MENINA ANJO,I25,Inverno 2025,1,13706
14313,KIKI,I25,Inverno 2025,1,2068
14313,KIKI,I26,Inverno 2026,4,531058
14313,MENINA ANJO,I26,Inverno 2026,4,2891
14313,VALENT,I26,Inverno 2026,4,1175700
14318,KIKI,V26,Verão 2026,3,5166
14318,MENINA ANJO,V26,Verão 2026,3,2752
14318,VALENT,V26,Verão 2026,3,2788
14320,KIKI,I25,Inverno 2025,1,8926
14320,KIKI,I26,Inverno 2026,4,5306
14320,KIKI,T25,Tropical 2025,2,3312
14320,KIKI,T26,Tropical 2026,5,5285
14320,KIKI,V26,Verão 2026,3,18236
14320,KIKI,V27,Verão 2027,6,910650
14320,MENINA ANJO,I25,Inverno 2025,1,5660
14320,MENINA ANJO,V27,Verão 2027,6,416178
14320,VALENT,I26,Inverno 2026,4,19143
14320,VALENT,T26,Tropical 2026,5,4
14320,VALENT,V26,Verão 2026,3,13499
14320,VALENT,V27,Verão 2027,6,15183
14321,KIKI,I25,Inverno 2025,1,10834
14321,KIKI,I26,Inverno 2026,4,1501
14321,KIKI,V26,Verão 2026,3,9670
14321,MENINA ANJO,I25,Inverno 2025,1,11340
14321,VALENT,I26,Inverno 2026,4,1078500
14321,VALENT,V27,Verão 2027,6,4491
14328,KIKI,V26,Verão 2026,3,96581
14328,MENINA ANJO,V26,Verão 2026,3,5820
14347,KIKI,I25,Inverno 2025,1,16099
14347,KIKI,V26,Verão 2026,3,4288
14347,MENINA ANJO,I25,Inverno 2025,1,3874
14359,KIKI,I25,Inverno 2025,1,6400
14359,KIKI,I26,Inverno 2026,4,1505
14359,KIKI,V26,Verão 2026,3,7900
14359,MENINA ANJO,I25,Inverno 2025,1,5222
14372,KIKI,I25,Inverno 2025,1,9170
14372,KIKI,I26,Inverno 2026,4,8980
14372,KIKI,T25,Tropical 2025,2,3312
14372,KIKI,V26,Verão 2026,3,18572
14372,MENINA ANJO,I25,Inverno 2025,1,8161
14372,MENINA ANJO,I26,Inverno 2026,4,2608
14372,VALENT,V26,Verão 2026,3,5906
14385,KIKI,V26,Verão 2026,3,4329
14386,KIKI,V26,Verão 2026,3,102077
14386,MENINA ANJO,V26,Verão 2026,3,21186
14386,VALENT,V26,Verão 2026,3,10516
14406,KIKI,I25,Inverno 2025,1,7351
14406,KIKI,I26,Inverno 2026,4,2662
14406,KIKI,T25,Tropical 2025,2,7441
14406,KIKI,V26,Verão 2026,3,13670
14406,MENINA ANJO,I25,Inverno 2025,1,2801
14406,MENINA ANJO,I26,Inverno 2026,4,9691
14406,MENINA ANJO,T25,Tropical 2025,2,2288
14406,MENINA ANJO,V26,Verão 2026,3,4756
14406,VALENT,V26,Verão 2026,3,3035
14441,KIKI,I25,Inverno 2025,1,8867
14441,KIKI,I26,Inverno 2026,4,527300
14441,KIKI,T25,Tropical 2025,2,3357
14441,KIKI,T26,Tropical 2026,5,4496
14441,KIKI,V26,Verão 2026,3,4298
14441,KIKI,V27,Verão 2027,6,11356
14441,MENINA ANJO,V27,Verão 2027,6,413322
14441,VALENT,I26,Inverno 2026,4,1078500
14441,VALENT,V27,Verão 2027,6,1330
14452,KIKI,I25,Inverno 2025,1,106377
14452,KIKI,I26,Inverno 2026,4,2972
14452,KIKI,V26,Verão 2026,3,41567
14452,KIKI,V27,Verão 2027,6,5274
14452,MENINA ANJO,I25,Inverno 2025,1,41872
14452,MENINA ANJO,V26,Verão 2026,3,18575
14452,MENINA ANJO,V27,Verão 2027,6,6919
14452,VALENT,V27,Verão 2027,6,2627
14463,KIKI,I25,Inverno 2025,1,4586
14463,KIKI,I26,Inverno 2026,4,9222
14463,KIKI,T25,Tropical 2025,2,1820
14463,KIKI,T26,Tropical 2026,5,4039
14463,KIKI,V26,Verão 2026,3,9904
14463,KIKI,V27,Verão 2027,6,5496
14463,MENINA ANJO,V26,Verão 2026,3,5216
14463,MENINA ANJO,V27,Verão 2027,6,415571
14463,VALENT,T26,Tropical 2026,5,2338
14463,VALENT,V26,Verão 2026,3,2405
14463,VALENT,V27,Verão 2027,6,11783
14465,KIKI,I26,Inverno 2026,4,13630
14465,KIKI,V26,Verão 2026,3,6422
14465,KIKI,V27,Verão 2027,6,10872
14465,VALENT,I26,Inverno 2026,4,3485
14465,VALENT,T26,Tropical 2026,5,4563
14465,VALENT,V27,Verão 2027,6,1586
14466,KIKI,I25,Inverno 2025,1,2261
14466,KIKI,I26,Inverno 2026,4,2529
14466,KIKI,T25,Tropical 2025,2,1820
14466,KIKI,V26,Verão 2026,3,3924
14476,KIKI,I25,Inverno 2025,1,8
14476,VALENT,I26,Inverno 2026,4,7
14476,VALENT,V26,Verão 2026,3,3
14480,KIKI,V26,Verão 2026,3,14459
14483,MENINA ANJO,V26,Verão 2026,3,2752
14492,KIKI,I25,Inverno 2025,1,8812
14492,KIKI,I26,Inverno 2026,4,1
14492,KIKI,V26,Verão 2026,3,256642
14492,KIKI,V27,Verão 2027,6,1081123
14492,MENINA ANJO,I25,Inverno 2025,1,9924
14492,VALENT,I26,Inverno 2026,4,3
14492,VALENT,V26,Verão 2026,3,296642
14492,VALENT,V27,Verão 2027,6,2
14496,KIKI,I25,Inverno 2025,1,6995
14496,KIKI,I26,Inverno 2026,4,8842
14496,KIKI,V26,Verão 2026,3,2072
14509,KIKI,I25,Inverno 2025,1,118164
14509,KIKI,T25,Tropical 2025,2,8847
14509,MENINA ANJO,I25,Inverno 2025,1,20985
14515,KIKI,I25,Inverno 2025,1,18016
14515,KIKI,I26,Inverno 2026,4,3
14515,KIKI,V26,Verão 2026,3,2
14515,KIKI,V27,Verão 2027,6,560960
14515,MENINA ANJO,I26,Inverno 2026,4,520960
14530,KIKI,I25,Inverno 2025,1,1694
14530,KIKI,V26,Verão 2026,3,3892
14530,KIKI,V27,Verão 2027,6,7067
14530,MENINA ANJO,I25,Inverno 2025,1,5733
14530,MENINA ANJO,I26,Inverno 2026,4,8
14530,MENINA ANJO,V26,Verão 2026,3,7
14530,VALENT,V27,Verão 2027,6,1928
14547,KIKI,I25,Inverno 2025,1,20814
14550,KIKI,I26,Inverno 2026,4,5234
14550,KIKI,V26,Verão 2026,3,48083
14550,MENINA ANJO,I26,Inverno 2026,4,3526
14550,MENINA ANJO,V26,Verão 2026,3,15855
14552,KIKI,I25,Inverno 2025,1,6314
14561,KIKI,V26,Verão 2026,3,63021
14561,MENINA ANJO,V26,Verão 2026,3,10542
14565,KIKI,I25,Inverno 2025,1,11842
14565,KIKI,I26,Inverno 2026,4,2675
14565,KIKI,V26,Verão 2026,3,4180
14565,KIKI,V27,Verão 2027,6,266381
14565,MENINA ANJO,V26,Verão 2026,3,2567
14565,VALENT,V27,Verão 2027,6,7646
14574,KIKI,V26,Verão 2026,3,8
14592,KIKI,I25,Inverno 2025,1,53700
14592,KIKI,I26,Inverno 2026,4,9572
14592,KIKI,T25,Tropical 2025,2,1770
14592,KIKI,V26,Verão 2026,3,4952
14592,VALENT,I26,Inverno 2026,4,1388
14594,KIKI,V26,Verão 2026,3,18582
14594,VALENT,V26,Verão 2026,3,12049
14625,KIKI,V26,Verão 2026,3,6416
14630,KIKI,I25,Inverno 2025,1,5461
14630,KIKI,V26,Verão 2026,3,33642
14639,KIKI,V26,Verão 2026,3,14526
14639,MENINA ANJO,V26,Verão 2026,3,3593
14641,KIKI,I26,Inverno 2026,4,2176
14643,KIKI,V27,Verão 2027,6,1037440
14644,KIKI,I25,Inverno 2025,1,8469
14644,KIKI,I26,Inverno 2026,4,13788
14644,KIKI,T25,Tropical 2025,2,7726
14644,KIKI,T26,Tropical 2026,5,3830
14644,KIKI,V26,Verão 2026,3,24617
14644,KIKI,V27,Verão 2027,6,39376
14644,MENINA ANJO,I26,Inverno 2026,4,3211
14644,MENINA ANJO,T25,Tropical 2025,2,2473
14644,MENINA ANJO,V26,Verão 2026,3,10476
14644,VALENT,I26,Inverno 2026,4,1078500
14644,VALENT,V26,Verão 2026,3,4288
14644,VALENT,V27,Verão 2027,6,37400
14649,KIKI,V26,Verão 2026,3,3561
14649,MENINA ANJO,V26,Verão 2026,3,5917
14649,VALENT,V26,Verão 2026,3,6480
14680,KIKI,V26,Verão 2026,3,16890
14680,KIKI,V27,Verão 2027,6,28864
14692,KIKI,I25,Inverno 2025,1,40403
14692,KIKI,I26,Inverno 2026,4,1820
14692,KIKI,V26,Verão 2026,3,6278
14692,KIKI,V27,Verão 2027,6,2333
14692,MENINA ANJO,I25,Inverno 2025,1,17636
14692,MENINA ANJO,V27,Verão 2027,6,269696
14704,KIKI,V26,Verão 2026,3,3542
14706,KIKI,I26,Inverno 2026,4,9723
14706,KIKI,T26,Tropical 2026,5,7164
14706,VALENT,T26,Tropical 2026,5,7346
14707,KIKI,V26,Verão 2026,3,14632
14707,MENINA ANJO,V26,Verão 2026,3,7486
14714,KIKI,I25,Inverno 2025,1,20014
14714,KIKI,V26,Verão 2026,3,17126
14714,MENINA ANJO,V26,Verão 2026,3,4111
14719,KIKI,I25,Inverno 2025,1,7910
14719,KIKI,V26,Verão 2026,3,513285
14719,MENINA ANJO,I25,Inverno 2025,1,2996
14730,KIKI,I26,Inverno 2026,4,5
14730,KIKI,V26,Verão 2026,3,5
14732,KIKI,V26,Verão 2026,3,32448
14732,MENINA ANJO,V26,Verão 2026,3,41772
14732,VALENT,V26,Verão 2026,3,13718
14737,KIKI,I25,Inverno 2025,1,33885
14737,KIKI,I26,Inverno 2026,4,9
14737,KIKI,V26,Verão 2026,3,532160
14737,KIKI,V27,Verão 2027,6,518720
14737,MENINA ANJO,I25,Inverno 2025,1,15422
14737,MENINA ANJO,V26,Verão 2026,3,3
14737,VALENT,I26,Inverno 2026,4,4
14757,KIKI,I25,Inverno 2025,1,18
14757,KIKI,I26,Inverno 2026,4,3359
14757,KIKI,V26,Verão 2026,3,7463
14757,KIKI,V27,Verão 2027,6,10638
14757,MENINA ANJO,I26,Inverno 2026,4,4568
14757,MENINA ANJO,V27,Verão 2027,6,5638
14775,KIKI,V26,Verão 2026,3,6275
14775,VALENT,V26,Verão 2026,3,2788
14794,KIKI,I25,Inverno 2025,1,5171
14794,KIKI,T25,Tropical 2025,2,8841
14794,KIKI,T26,Tropical 2026,5,6190
14794,KIKI,V26,Verão 2026,3,24179
14794,KIKI,V27,Verão 2027,6,8
14794,VALENT,I26,Inverno 2026,4,779044
14794,VALENT,V26,Verão 2026,3,3965
14796,KIKI,I25,Inverno 2025,1,12365
14796,KIKI,I26,Inverno 2026,4,1053933
14796,MENINA ANJO,I26,Inverno 2026,4,18081
14808,KIKI,I25,Inverno 2025,1,12476
14808,KIKI,I26,Inverno 2026,4,530455
14808,KIKI,V26,Verão 2026,3,4198
14809,KIKI,I25,Inverno 2025,1,10395
14809,KIKI,I26,Inverno 2026,4,532860
14809,KIKI,V26,Verão 2026,3,6311
14810,KIKI,I25,Inverno 2025,1,10818
14810,KIKI,I26,Inverno 2026,4,529555
14810,KIKI,V26,Verão 2026,3,3614
14810,MENINA ANJO,V26,Verão 2026,3,10228
14816,KIKI,V26,Verão 2026,3,29110
14822,KIKI,I25,Inverno 2025,1,7423
14822,KIKI,I26,Inverno 2026,4,525149
14822,KIKI,V26,Verão 2026,3,2113
14837,KIKI,I25,Inverno 2025,1,90137
14837,KIKI,V26,Verão 2026,3,61609
14837,MENINA ANJO,I25,Inverno 2025,1,29135
14837,MENINA ANJO,V26,Verão 2026,3,6822
14837,VALENT,V26,Verão 2026,3,3956
14838,KIKI,V26,Verão 2026,3,42880
14838,KIKI,V27,Verão 2027,6,68717
14838,MENINA ANJO,V27,Verão 2027,6,10112
14838,VALENT,V27,Verão 2027,6,7135
14856,KIKI,I26,Inverno 2026,4,690666
14856,KIKI,T26,Tropical 2026,5,27568
14856,KIKI,V26,Verão 2026,3,127923
14856,MENINA ANJO,I26,Inverno 2026,4,586444
14861,KIKI,I25,Inverno 2025,1,25088
14861,KIKI,I26,Inverno 2026,4,407493
14861,KIKI,V26,Verão 2026,3,11817
14861,MENINA ANJO,I25,Inverno 2025,1,13547
14861,MENINA ANJO,I26,Inverno 2026,4,10844
14861,VALENT,I26,Inverno 2026,4,936251
14861,VALENT,V26,Verão 2026,3,1496
14865,KIKI,I25,Inverno 2025,1,22822
14865,KIKI,V26,Verão 2026,3,7
14865,MENINA ANJO,I25,Inverno 2025,1,12730
14865,MENINA ANJO,I26,Inverno 2026,4,260480
14867,KIKI,I25,Inverno 2025,1,46941
14867,KIKI,I26,Inverno 2026,4,3578
14867,KIKI,T25,Tropical 2025,2,7626
14867,KIKI,V26,Verão 2026,3,6221
14867,KIKI,V27,Verão 2027,6,9887
14867,MENINA ANJO,I25,Inverno 2025,1,22635
14867,MENINA ANJO,V26,Verão 2026,3,8
14867,MENINA ANJO,V27,Verão 2027,6,2684
14873,KIKI,I26,Inverno 2026,4,8341
14873,KIKI,T25,Tropical 2025,2,2
14873,KIKI,T26,Tropical 2026,5,10840
14873,KIKI,V26,Verão 2026,3,35039
14873,MENINA ANJO,V26,Verão 2026,3,10215
14880,KIKI,I25,Inverno 2025,1,3
14880,KIKI,I26,Inverno 2026,4,81754
14880,KIKI,T25,Tropical 2025,2,3
14880,KIKI,T26,Tropical 2026,5,29087
14880,KIKI,V26,Verão 2026,3,169094
14880,MENINA ANJO,I25,Inverno 2025,1,8
14880,MENINA ANJO,I26,Inverno 2026,4,18824
14880,MENINA ANJO,T26,Tropical 2026,5,10398
14880,MENINA ANJO,V26,Verão 2026,3,26617
14883,KIKI,I25,Inverno 2025,1,4
14883,KIKI,I26,Inverno 2026,4,5400
14883,MENINA ANJO,I26,Inverno 2026,4,10917
14883,VALENT,I26,Inverno 2026,4,1078500
14885,KIKI,V26,Verão 2026,3,80255
14886,KIKI,I25,Inverno 2025,1,8722
14886,KIKI,I26,Inverno 2026,4,6379
14886,KIKI,T25,Tropical 2025,2,7700
14886,KIKI,V26,Verão 2026,3,13774
14886,MENINA ANJO,I25,Inverno 2025,1,5112
14886,MENINA ANJO,V26,Verão 2026,3,12634
14886,VALENT,I26,Inverno 2026,4,2045
14888,KIKI,I26,Inverno 2026,4,5004
14888,KIKI,V26,Verão 2026,3,4365
14888,MENINA ANJO,I26,Inverno 2026,4,18045
14888,MENINA ANJO,T26,Tropical 2026,5,2527
14888,VALENT,I26,Inverno 2026,4,568323
14889,KIKI,I26,Inverno 2026,4,3
14896,KIKI,I25,Inverno 2025,1,18550
14896,KIKI,V26,Verão 2026,3,399120
14896,MENINA ANJO,I25,Inverno 2025,1,6021
14898,KIKI,I25,Inverno 2025,1,18942
14898,MENINA ANJO,I25,Inverno 2025,1,19126
14898,MENINA ANJO,T25,Tropical 2025,2,2691
14900,KIKI,V26,Verão 2026,3,1130
14902,KIKI,I25,Inverno 2025,1,10858
14902,MENINA ANJO,I25,Inverno 2025,1,1139
14906,KIKI,I25,Inverno 2025,1,4965
14906,MENINA ANJO,I25,Inverno 2025,1,12226
14908,KIKI,V26,Verão 2026,3,8974
14913,KIKI,V26,Verão 2026,3,6
14913,MENINA ANJO,V26,Verão 2026,3,3402
14918,KIKI,I25,Inverno 2025,1,13179
14918,KIKI,T25,Tropical 2025,2,35786
14918,KIKI,V26,Verão 2026,3,27877
14918,MENINA ANJO,I25,Inverno 2025,1,7536
14918,MENINA ANJO,T25,Tropical 2025,2,4933
14918,MENINA ANJO,V26,Verão 2026,3,11214
14919,KIKI,V26,Verão 2026,3,7294
14919,MENINA ANJO,V26,Verão 2026,3,1960
14919,VALENT,V26,Verão 2026,3,4604
14929,KIKI,I25,Inverno 2025,1,5297
14929,KIKI,V26,Verão 2026,3,143820
14929,KIKI,V27,Verão 2027,6,161680
14929,MENINA ANJO,I25,Inverno 2025,1,1128
14941,KIKI,V26,Verão 2026,3,161509
14941,KIKI,V27,Verão 2027,6,166099
14941,MENINA ANJO,V26,Verão 2026,3,28959
14941,MENINA ANJO,V27,Verão 2027,6,70582
14941,VALENT,V27,Verão 2027,6,9735
14942,KIKI,V26,Verão 2026,3,80967
14942,MENINA ANJO,V26,Verão 2026,3,21707
14942,VALENT,V26,Verão 2026,3,58623
14942,VALENT,V27,Verão 2027,6,75004
14946,KIKI,T26,Tropical 2026,5,6424
14946,KIKI,V26,Verão 2026,3,103178
14946,MENINA ANJO,V26,Verão 2026,3,31007
14946,VALENT,T26,Tropical 2026,5,5121
14946,VALENT,V26,Verão 2026,3,18241
14948,KIKI,I26,Inverno 2026,4,522600
14948,KIKI,V26,Verão 2026,3,11963
14948,MENINA ANJO,I25,Inverno 2025,1,1196
14948,MENINA ANJO,V26,Verão 2026,3,6767
14948,VALENT,V26,Verão 2026,3,4599
14958,KIKI,I25,Inverno 2025,1,24347
14958,KIKI,T25,Tropical 2025,2,1537
14958,KIKI,V26,Verão 2026,3,29512
14958,MENINA ANJO,V26,Verão 2026,3,4806
14964,KIKI,V26,Verão 2026,3,39745
14969,KIKI,I25,Inverno 2025,1,2855
14976,KIKI,I25,Inverno 2025,1,10037
14976,MENINA ANJO,V26,Verão 2026,3,4
14977,KIKI,I25,Inverno 2025,1,6172
14977,KIKI,V26,Verão 2026,3,2090
14977,KIKI,V27,Verão 2027,6,11900
14977,MENINA ANJO,I25,Inverno 2025,1,2801
14977,MENINA ANJO,V26,Verão 2026,3,7724
14977,MENINA ANJO,V27,Verão 2027,6,1438
14978,KIKI,V26,Verão 2026,3,107655
14978,MENINA ANJO,V26,Verão 2026,3,54467
14982,KIKI,V26,Verão 2026,3,41360
14982,MENINA ANJO,V26,Verão 2026,3,13
14982,VALENT,V26,Verão 2026,3,1033
14983,KIKI,I25,Inverno 2025,1,41638
14983,KIKI,I26,Inverno 2026,4,8496
14983,KIKI,T25,Tropical 2025,2,2256
14983,KIKI,V26,Verão 2026,3,12863
14983,KIKI,V27,Verão 2027,6,20810
14983,MENINA ANJO,I25,Inverno 2025,1,10969
14983,MENINA ANJO,I26,Inverno 2026,4,2846
14983,MENINA ANJO,V26,Verão 2026,3,13129
14983,MENINA ANJO,V27,Verão 2027,6,13687
14983,VALENT,I26,Inverno 2026,4,387675
14983,VALENT,V27,Verão 2027,6,7418
14987,KIKI,I26,Inverno 2026,4,611483
14987,KIKI,V26,Verão 2026,3,50003
14987,MENINA ANJO,V26,Verão 2026,3,6435
14989,KIKI,V26,Verão 2026,3,31627
14989,VALENT,V26,Verão 2026,3,1309612
14997,KIKI,I25,Inverno 2025,1,2875
14997,KIKI,V26,Verão 2026,3,748
14997,KIKI,V27,Verão 2027,6,338585
14997,MENINA ANJO,I25,Inverno 2025,1,1774
14997,MENINA ANJO,V26,Verão 2026,3,5754
14997,VALENT,V27,Verão 2027,6,35632
15007,KIKI,I25,Inverno 2025,1,4087
15007,KIKI,I26,Inverno 2026,4,8468
15007,KIKI,V26,Verão 2026,3,24280
15009,KIKI,V26,Verão 2026,3,14924
15009,KIKI,V27,Verão 2027,6,466943
15009,VALENT,V26,Verão 2026,3,12647
15009,VALENT,V27,Verão 2027,6,32114
15012,KIKI,I25,Inverno 2025,1,18811
15012,KIKI,I26,Inverno 2026,4,19801
15012,KIKI,T25,Tropical 2025,2,1775
15012,KIKI,T26,Tropical 2026,5,2929
15012,KIKI,V26,Verão 2026,3,5852
15012,MENINA ANJO,I25,Inverno 2025,1,3049
15012,MENINA ANJO,I26,Inverno 2026,4,9993
15012,MENINA ANJO,T26,Tropical 2026,5,3027
15012,MENINA ANJO,V26,Verão 2026,3,6424
15018,KIKI,V26,Verão 2026,3,6739
15018,MENINA ANJO,V26,Verão 2026,3,2335
15018,VALENT,V26,Verão 2026,3,806
15019,KIKI,I25,Inverno 2025,1,6941
15019,KIKI,I26,Inverno 2026,4,7868
15019,KIKI,T25,Tropical 2025,2,3574
15019,KIKI,T26,Tropical 2026,5,1924
15019,KIKI,V26,Verão 2026,3,76712
15019,KIKI,V27,Verão 2027,6,305282
15019,VALENT,T26,Tropical 2026,5,2338
15019,VALENT,V26,Verão 2026,3,39913
15019,VALENT,V27,Verão 2027,6,7978
15030,KIKI,I25,Inverno 2025,1,1297
15030,MENINA ANJO,V26,Verão 2026,3,2900
15040,MENINA ANJO,V26,Verão 2026,3,5139
15042,KIKI,I25,Inverno 2025,1,7135
15042,KIKI,I26,Inverno 2026,4,7342
15042,KIKI,V26,Verão 2026,3,8127
15042,MENINA ANJO,I25,Inverno 2025,1,11079
15042,MENINA ANJO,T25,Tropical 2025,2,6217
15042,VALENT,V26,Verão 2026,3,2405
15044,KIKI,I25,Inverno 2025,1,2068
15049,KIKI,V26,Verão 2026,3,2580
15049,KIKI,V27,Verão 2027,6,179316
15053,KIKI,I26,Inverno 2026,4,8567
15053,KIKI,V26,Verão 2026,3,112695
15053,MENINA ANJO,V26,Verão 2026,3,51162
15053,VALENT,V26,Verão 2026,3,60719
15063,KIKI,V26,Verão 2026,3,6030
15063,MENINA ANJO,I26,Inverno 2026,4,5560
15066,KIKI,I26,Inverno 2026,4,802
15066,KIKI,T26,Tropical 2026,5,4000
15066,KIKI,V26,Verão 2026,3,28732
15066,KIKI,V27,Verão 2027,6,33320
15066,MENINA ANJO,V26,Verão 2026,3,2945
15066,MENINA ANJO,V27,Verão 2027,6,536856
15076,KIKI,I25,Inverno 2025,1,12753
15076,KIKI,T25,Tropical 2025,2,1775
15079,KIKI,I26,Inverno 2026,4,8397
15079,KIKI,V26,Verão 2026,3,95227
15079,KIKI,V27,Verão 2027,6,19346
15079,MENINA ANJO,I26,Inverno 2026,4,14816
15079,MENINA ANJO,V26,Verão 2026,3,23113
15079,MENINA ANJO,V27,Verão 2027,6,10402
15079,VALENT,I26,Inverno 2026,4,1431525
15079,VALENT,V26,Verão 2026,3,608532
15079,VALENT,V27,Verão 2027,6,8008
15081,KIKI,I25,Inverno 2025,1,14
15081,KIKI,V26,Verão 2026,3,25
15081,KIKI,V27,Verão 2027,6,12412
15081,VALENT,V26,Verão 2026,3,13
15081,VALENT,V27,Verão 2027,6,12
15087,KIKI,I25,Inverno 2025,1,43918
15087,KIKI,T25,Tropical 2025,2,9099
15087,KIKI,V26,Verão 2026,3,58691
15087,MENINA ANJO,V26,Verão 2026,3,29609
15091,KIKI,I25,Inverno 2025,1,25590
15091,MENINA ANJO,I25,Inverno 2025,1,9813
15109,MENINA ANJO,V26,Verão 2026,3,4874
15115,KIKI,V26,Verão 2026,3,54750
15115,KIKI,V27,Verão 2027,6,10243
15115,MENINA ANJO,V26,Verão 2026,3,12526
15115,VALENT,V26,Verão 2026,3,25410
15123,KIKI,V26,Verão 2026,3,60748
15123,MENINA ANJO,V26,Verão 2026,3,20421
15123,VALENT,V26,Verão 2026,3,6932
15155,KIKI,V26,Verão 2026,3,100539
15155,KIKI,V27,Verão 2027,6,1115925
15155,MENINA ANJO,V26,Verão 2026,3,40374
15155,MENINA ANJO,V27,Verão 2027,6,45818
15198,KIKI,V26,Verão 2026,3,19330
15198,MENINA ANJO,V26,Verão 2026,3,4807
15198,VALENT,V26,Verão 2026,3,1521
15200,KIKI,T25,Tropical 2025,2,2
15207,KIKI,V26,Verão 2026,3,27356
15207,VALENT,T26,Tropical 2026,5,3087
15213,KIKI,I25,Inverno 2025,1,15687
15213,KIKI,I26,Inverno 2026,4,11657
15213,KIKI,T26,Tropical 2026,5,1285
15213,KIKI,V26,Verão 2026,3,8235
15213,KIKI,V27,Verão 2027,6,16033
15213,MENINA ANJO,I26,Inverno 2026,4,8440
15213,MENINA ANJO,T26,Tropical 2026,5,2527
15213,MENINA ANJO,V26,Verão 2026,3,17953
15213,VALENT,I26,Inverno 2026,4,4860
15213,VALENT,V27,Verão 2027,6,1717
15232,KIKI,V26,Verão 2026,3,1900
15232,MENINA ANJO,V26,Verão 2026,3,5458
15232,VALENT,V26,Verão 2026,3,4568
15234,KIKI,I25,Inverno 2025,1,2063
15234,KIKI,I26,Inverno 2026,4,1501
15234,KIKI,V26,Verão 2026,3,6002
15234,MENINA ANJO,V26,Verão 2026,3,8332
15234,VALENT,V26,Verão 2026,3,7962
15244,KIKI,I25,Inverno 2025,1,7918
15244,KIKI,I26,Inverno 2026,4,12554
15244,KIKI,V26,Verão 2026,3,8340
15244,KIKI,V27,Verão 2027,6,74911
15244,MENINA ANJO,I25,Inverno 2025,1,6670
15244,MENINA ANJO,V26,Verão 2026,3,17790
15244,MENINA ANJO,V27,Verão 2027,6,12594
15244,VALENT,I26,Inverno 2026,4,1605900
15244,VALENT,V26,Verão 2026,3,24695
15244,VALENT,V27,Verão 2027,6,22528
15246,KIKI,T25,Tropical 2025,2,8744
15246,KIKI,T26,Tropical 2026,5,4934
15246,KIKI,V26,Verão 2026,3,11794
15246,MENINA ANJO,V26,Verão 2026,3,2536
15249,KIKI,I25,Inverno 2025,1,8599
15249,KIKI,I26,Inverno 2026,4,3
15249,KIKI,V26,Verão 2026,3,513280
15249,KIKI,V27,Verão 2027,6,744967
15255,KIKI,V26,Verão 2026,3,96582
15255,MENINA ANJO,V26,Verão 2026,3,11414
15257,KIKI,V26,Verão 2026,3,6900
15259,KIKI,I25,Inverno 2025,1,91368
15259,KIKI,V27,Verão 2027,6,11275
15259,MENINA ANJO,I25,Inverno 2025,1,30888
15259,MENINA ANJO,I26,Inverno 2026,4,6532
15259,MENINA ANJO,V26,Verão 2026,3,8637
15259,MENINA ANJO,V27,Verão 2027,6,27522
15259,VALENT,V27,Verão 2027,6,7011
15260,KIKI,V26,Verão 2026,3,11841
15260,KIKI,V27,Verão 2027,6,37768
15260,MENINA ANJO,V26,Verão 2026,3,4250
15260,MENINA ANJO,V27,Verão 2027,6,2610
15260,VALENT,V26,Verão 2026,3,2654
15260,VALENT,V27,Verão 2027,6,13220
15263,KIKI,I25,Inverno 2025,1,5697
15263,KIKI,V26,Verão 2026,3,10179
15263,MENINA ANJO,I25,Inverno 2025,1,3589
15263,MENINA ANJO,V26,Verão 2026,3,1955
15264,KIKI,I25,Inverno 2025,1,32003
15264,KIKI,I26,Inverno 2026,4,2653
15264,KIKI,V26,Verão 2026,3,25639
15264,MENINA ANJO,I25,Inverno 2025,1,9846
15264,MENINA ANJO,I26,Inverno 2026,4,2684
15264,MENINA ANJO,V26,Verão 2026,3,5198
15264,VALENT,I26,Inverno 2026,4,561600
15265,KIKI,I25,Inverno 2025,1,7828
15265,KIKI,I26,Inverno 2026,4,522600
15265,KIKI,V26,Verão 2026,3,10179
15265,MENINA ANJO,I25,Inverno 2025,1,3589
15265,MENINA ANJO,V26,Verão 2026,3,1955
15266,KIKI,I25,Inverno 2025,1,5697
15266,KIKI,I26,Inverno 2026,4,31552
15266,KIKI,V26,Verão 2026,3,24273
15266,MENINA ANJO,I25,Inverno 2025,1,3589
15266,MENINA ANJO,V26,Verão 2026,3,7378
15266,VALENT,I26,Inverno 2026,4,4914
15270,KIKI,I26,Inverno 2026,4,1034
15270,MENINA ANJO,I26,Inverno 2026,4,8674
15271,KIKI,I26,Inverno 2026,4,12552
15274,KIKI,I25,Inverno 2025,1,1754
15274,KIKI,V26,Verão 2026,3,384960
15284,KIKI,I26,Inverno 2026,4,33735
15284,MENINA ANJO,I26,Inverno 2026,4,4969
15285,KIKI,I25,Inverno 2025,1,14296
15285,KIKI,V26,Verão 2026,3,3776
15287,KIKI,I25,Inverno 2025,1,4276
15288,KIKI,V26,Verão 2026,3,9056
15288,MENINA ANJO,V26,Verão 2026,3,8066
15290,KIKI,I25,Inverno 2025,1,6572
15290,KIKI,V26,Verão 2026,3,42442
15302,KIKI,V26,Verão 2026,3,8604
15315,KIKI,I25,Inverno 2025,1,2131
15315,KIKI,I26,Inverno 2026,4,2653
15315,KIKI,V26,Verão 2026,3,25377
15315,KIKI,V27,Verão 2027,6,3621
15315,MENINA ANJO,V26,Verão 2026,3,9976
15315,MENINA ANJO,V27,Verão 2027,6,531900
15315,VALENT,I26,Inverno 2026,4,1556
15316,KIKI,I26,Inverno 2026,4,341
15316,MENINA ANJO,I25,Inverno 2025,1,7643
15319,KIKI,I25,Inverno 2025,1,11264
15319,KIKI,I26,Inverno 2026,4,14938
15319,KIKI,V26,Verão 2026,3,7441
15319,KIKI,V27,Verão 2027,6,16182
15319,MENINA ANJO,I25,Inverno 2025,1,3207
15319,MENINA ANJO,I26,Inverno 2026,4,11912
15319,MENINA ANJO,V27,Verão 2027,6,682470
15319,VALENT,V27,Verão 2027,6,1717
15324,KIKI,I25,Inverno 2025,1,43051
15324,KIKI,I26,Inverno 2026,4,8838
15324,KIKI,V26,Verão 2026,3,7240
15324,MENINA ANJO,I26,Inverno 2026,4,5738
15332,KIKI,I26,Inverno 2026,4,1501
15332,KIKI,V26,Verão 2026,3,6104
15332,KIKI,V27,Verão 2027,6,2036
15332,MENINA ANJO,I26,Inverno 2026,4,11529
15332,MENINA ANJO,V26,Verão 2026,3,16906
15332,MENINA ANJO,V27,Verão 2027,6,11704
15332,VALENT,I26,Inverno 2026,4,614100
15332,VALENT,V27,Verão 2027,6,2050
15333,MENINA ANJO,I25,Inverno 2025,1,8810
15335,KIKI,I26,Inverno 2026,4,537747
15335,KIKI,V26,Verão 2026,3,5270
15335,KIKI,V27,Verão 2027,6,542467
15335,MENINA ANJO,V26,Verão 2026,3,2486
15341,KIKI,I25,Inverno 2025,1,3964
15341,KIKI,I26,Inverno 2026,4,3739
15341,KIKI,T26,Tropical 2026,5,3161
15341,KIKI,V26,Verão 2026,3,3528
15341,KIKI,V27,Verão 2027,6,19514
15341,VALENT,V26,Verão 2026,3,4944
15368,KIKI,I26,Inverno 2026,4,55180
15368,KIKI,V26,Verão 2026,3,331793
15368,MENINA ANJO,I26,Inverno 2026,4,48792
15368,MENINA ANJO,V26,Verão 2026,3,9783
15368,VALENT,V26,Verão 2026,3,45897
15374,KIKI,V26,Verão 2026,3,16307
15374,MENINA ANJO,V26,Verão 2026,3,11510
15374,VALENT,V26,Verão 2026,3,9624
15378,KIKI,I25,Inverno 2025,1,79563
15378,KIKI,I26,Inverno 2026,4,534241
15378,KIKI,V26,Verão 2026,3,9702
15378,MENINA ANJO,I25,Inverno 2025,1,22565
15378,VALENT,I26,Inverno 2026,4,11344
15389,KIKI,I25,Inverno 2025,1,5413
15389,KIKI,I26,Inverno 2026,4,5
15389,MENINA ANJO,I25,Inverno 2025,1,1644
15405,KIKI,T25,Tropical 2025,2,8288
15407,KIKI,T25,Tropical 2025,2,3
15414,KIKI,V26,Verão 2026,3,3
15421,MENINA ANJO,I25,Inverno 2025,1,490
15423,KIKI,I25,Inverno 2025,1,5
15423,KIKI,V26,Verão 2026,3,5
15423,VALENT,V26,Verão 2026,3,3
15449,MENINA ANJO,I26,Inverno 2026,4,520960
15454,KIKI,V26,Verão 2026,3,5
15454,KIKI,V27,Verão 2027,6,1003760
15465,KIKI,I26,Inverno 2026,4,11494
15487,KIKI,I25,Inverno 2025,1,16561
15487,MENINA ANJO,I25,Inverno 2025,1,1992
15533,KIKI,I26,Inverno 2026,4,72518
15533,KIKI,V26,Verão 2026,3,59013
15533,MENINA ANJO,I26,Inverno 2026,4,675178
15533,MENINA ANJO,V26,Verão 2026,3,6027
15533,VALENT,I26,Inverno 2026,4,1145345
15533,VALENT,V26,Verão 2026,3,20475
15535,KIKI,I25,Inverno 2025,1,50827
15535,KIKI,I26,Inverno 2026,4,525275
15535,KIKI,T25,Tropical 2025,2,24065
15535,KIKI,V27,Verão 2027,6,525113
15535,MENINA ANJO,I25,Inverno 2025,1,19417
15535,MENINA ANJO,I26,Inverno 2026,4,4203
15535,MENINA ANJO,T25,Tropical 2025,2,9465
15535,MENINA ANJO,V26,Verão 2026,3,8323
15535,MENINA ANJO,V27,Verão 2027,6,8652
15543,KIKI,I25,Inverno 2025,1,10177
15543,KIKI,I26,Inverno 2026,4,2176
15543,MENINA ANJO,I26,Inverno 2026,4,5679
15543,VALENT,I26,Inverno 2026,4,261539
15551,KIKI,I25,Inverno 2025,1,4694
15551,KIKI,I26,Inverno 2026,4,74866
15551,KIKI,T25,Tropical 2025,2,4086
15551,KIKI,T26,Tropical 2026,5,4846
15551,KIKI,V26,Verão 2026,3,13984
15551,KIKI,V27,Verão 2027,6,2134186
15551,MENINA ANJO,I25,Inverno 2025,1,7180
15551,MENINA ANJO,I26,Inverno 2026,4,844871
15551,MENINA ANJO,V26,Verão 2026,3,7754
15551,MENINA ANJO,V27,Verão 2027,6,48016
15551,VALENT,T26,Tropical 2026,5,4767
15551,VALENT,V26,Verão 2026,3,1235
15551,VALENT,V27,Verão 2027,6,106866
15562,KIKI,I26,Inverno 2026,4,10
15562,KIKI,V26,Verão 2026,3,532165
15562,KIKI,V27,Verão 2027,6,1726413
15562,MENINA ANJO,I25,Inverno 2025,1,15283
15562,MENINA ANJO,I26,Inverno 2026,4,390720
15562,VALENT,V26,Verão 2026,3,3
15566,KIKI,I26,Inverno 2026,4,3224
15566,KIKI,V26,Verão 2026,3,9340
15566,KIKI,V27,Verão 2027,6,4821546
15566,MENINA ANJO,I26,Inverno 2026,4,9680
15566,MENINA ANJO,V27,Verão 2027,6,11897
15566,VALENT,V26,Verão 2026,3,741565
15566,VALENT,V27,Verão 2027,6,3303
15575,KIKI,I26,Inverno 2026,4,2225
15575,KIKI,V26,Verão 2026,3,26989
15575,MENINA ANJO,V26,Verão 2026,3,2936
15585,KIKI,I25,Inverno 2025,1,18634
15585,MENINA ANJO,I25,Inverno 2025,1,2307
15606,KIKI,I25,Inverno 2025,1,22151
15606,KIKI,I26,Inverno 2026,4,49961
15606,KIKI,V26,Verão 2026,3,5606
15606,KIKI,V27,Verão 2027,6,536988
15606,MENINA ANJO,I25,Inverno 2025,1,2689
15606,MENINA ANJO,I26,Inverno 2026,4,8
15606,MENINA ANJO,V26,Verão 2026,3,8
15606,VALENT,V27,Verão 2027,6,7582
15613,KIKI,I25,Inverno 2025,1,9749
15613,KIKI,I26,Inverno 2026,4,14
15660,KIKI,V26,Verão 2026,3,61656
15665,KIKI,I25,Inverno 2025,1,5717
15665,KIKI,I26,Inverno 2026,4,7286
15665,KIKI,V27,Verão 2027,6,159038
15665,MENINA ANJO,I26,Inverno 2026,4,7670
15665,MENINA ANJO,V27,Verão 2027,6,1964
15665,VALENT,V26,Verão 2026,3,1388
15665,VALENT,V27,Verão 2027,6,12177
15666,KIKI,V27,Verão 2027,6,9146
15666,MENINA ANJO,V27,Verão 2027,6,257700
15666,VALENT,V27,Verão 2027,6,6344
15667,KIKI,I26,Inverno 2026,4,527104
15667,KIKI,V26,Verão 2026,3,1415
15677,KIKI,V27,Verão 2027,6,834421
15682,KIKI,V26,Verão 2026,3,29562
15682,MENINA ANJO,V26,Verão 2026,3,8248
15682,VALENT,V26,Verão 2026,3,8831
15688,KIKI,I25,Inverno 2025,1,19287
15688,KIKI,I26,Inverno 2026,4,2176
15688,KIKI,V26,Verão 2026,3,6532
15688,VALENT,I26,Inverno 2026,4,1081414
15688,VALENT,V26,Verão 2026,3,7396
15690,KIKI,V26,Verão 2026,3,6580
15690,MENINA ANJO,V26,Verão 2026,3,1411
15691,KIKI,I25,Inverno 2025,1,2378
15691,KIKI,T25,Tropical 2025,2,7024
15691,KIKI,V26,Verão 2026,3,164703
15691,KIKI,V27,Verão 2027,6,20884
15691,MENINA ANJO,V26,Verão 2026,3,27727
15691,MENINA ANJO,V27,Verão 2027,6,9569
15692,KIKI,I25,Inverno 2025,1,60868
15692,KIKI,I26,Inverno 2026,4,17995
15692,KIKI,T25,Tropical 2025,2,6929
15692,KIKI,V26,Verão 2026,3,35687
15692,KIKI,V27,Verão 2027,6,37102
15692,MENINA ANJO,I25,Inverno 2025,1,12132
15692,MENINA ANJO,T25,Tropical 2025,2,2507
15692,MENINA ANJO,V26,Verão 2026,3,2858
15692,MENINA ANJO,V27,Verão 2027,6,8084
15692,VALENT,I26,Inverno 2026,4,525380
15692,VALENT,V26,Verão 2026,3,18547
15692,VALENT,V27,Verão 2027,6,7546
15696,KIKI,I25,Inverno 2025,1,8126
15696,MENINA ANJO,I25,Inverno 2025,1,12427
15696,MENINA ANJO,T25,Tropical 2025,2,1690
15702,KIKI,I26,Inverno 2026,4,566500
15702,KIKI,V26,Verão 2026,3,70032
15702,MENINA ANJO,V26,Verão 2026,3,10595
15702,VALENT,V26,Verão 2026,3,18880
15702,VALENT,V27,Verão 2027,6,69120
15703,KIKI,I25,Inverno 2025,1,3
15703,KIKI,I26,Inverno 2026,4,15840
15703,KIKI,V26,Verão 2026,3,1816
15703,KIKI,V27,Verão 2027,6,10352
15703,MENINA ANJO,I26,Inverno 2026,4,6660
15703,VALENT,I26,Inverno 2026,4,428479
15703,VALENT,V27,Verão 2027,6,1717
15710,KIKI,I25,Inverno 2025,1,10901
15710,KIKI,V26,Verão 2026,3,3
15710,KIKI,V27,Verão 2027,6,265362
15710,MENINA ANJO,I25,Inverno 2025,1,4611
15710,MENINA ANJO,I26,Inverno 2026,4,305640
15710,VALENT,V26,Verão 2026,3,2
15711,KIKI,I25,Inverno 2025,1,11171
15711,KIKI,T25,Tropical 2025,2,1775
15711,KIKI,V26,Verão 2026,3,8253
15711,MENINA ANJO,I25,Inverno 2025,1,5229
15712,KIKI,V26,Verão 2026,3,68027
15712,MENINA ANJO,V26,Verão 2026,3,19090
15712,VALENT,V26,Verão 2026,3,1175463
15714,KIKI,I25,Inverno 2025,1,92078
15714,KIKI,V26,Verão 2026,3,2108
15714,KIKI,V27,Verão 2027,6,11275
15714,MENINA ANJO,I25,Inverno 2025,1,30888
15714,MENINA ANJO,V26,Verão 2026,3,12508
15714,VALENT,V27,Verão 2027,6,7011
15720,KIKI,I25,Inverno 2025,1,10763
15720,KIKI,I26,Inverno 2026,4,6375
15720,KIKI,T25,Tropical 2025,2,3344
15720,KIKI,T26,Tropical 2026,5,3218
15720,KIKI,V26,Verão 2026,3,10433
15720,KIKI,V27,Verão 2027,6,18448
15720,MENINA ANJO,T25,Tropical 2025,2,2473
15720,MENINA ANJO,V26,Verão 2026,3,2531
15720,MENINA ANJO,V27,Verão 2027,6,5702
15720,VALENT,V26,Verão 2026,3,3438
15720,VALENT,V27,Verão 2027,6,14998
15721,KIKI,I25,Inverno 2025,1,22568
15721,KIKI,V26,Verão 2026,3,19125
15721,KIKI,V27,Verão 2027,6,7162
15721,MENINA ANJO,I25,Inverno 2025,1,2189
15721,MENINA ANJO,V26,Verão 2026,3,1582
15721,VALENT,V27,Verão 2027,6,3514
15722,KIKI,I25,Inverno 2025,1,7992
15722,MENINA ANJO,I25,Inverno 2025,1,9847
15723,KIKI,I25,Inverno 2025,1,1473
15723,KIKI,V26,Verão 2026,3,256640
15723,VALENT,V26,Verão 2026,3,145600
15728,KIKI,I25,Inverno 2025,1,45023
15728,MENINA ANJO,I25,Inverno 2025,1,20336
15731,KIKI,I25,Inverno 2025,1,13330
15731,MENINA ANJO,I25,Inverno 2025,1,12520
15732,KIKI,V26,Verão 2026,3,12686
15732,MENINA ANJO,V26,Verão 2026,3,821
15742,KIKI,I26,Inverno 2026,4,640669
15742,KIKI,V26,Verão 2026,3,133823
15742,KIKI,V27,Verão 2027,6,1400429
15742,MENINA ANJO,I26,Inverno 2026,4,8535
15742,MENINA ANJO,T26,Tropical 2026,5,5550
15742,MENINA ANJO,V26,Verão 2026,3,25001
15742,VALENT,V26,Verão 2026,3,47901
15744,KIKI,I26,Inverno 2026,4,1501
15744,KIKI,V26,Verão 2026,3,12116
15744,KIKI,V27,Verão 2027,6,3794
15744,MENINA ANJO,I26,Inverno 2026,4,3134
15744,MENINA ANJO,V26,Verão 2026,3,979
15744,MENINA ANJO,V27,Verão 2027,6,2815
15745,KIKI,I25,Inverno 2025,1,7013
15745,MENINA ANJO,I25,Inverno 2025,1,3013
15746,KIKI,I25,Inverno 2025,1,2159
15746,KIKI,V26,Verão 2026,3,8
15746,KIKI,V27,Verão 2027,6,4
15746,MENINA ANJO,I26,Inverno 2026,4,390720
15751,KIKI,V26,Verão 2026,3,9558
15751,MENINA ANJO,V26,Verão 2026,3,2752
15751,VALENT,V26,Verão 2026,3,2450
15772,KIKI,I26,Inverno 2026,4,3
15772,VALENT,V26,Verão 2026,3,3
15773,KIKI,I26,Inverno 2026,4,3206
15773,KIKI,V26,Verão 2026,3,17200
15773,MENINA ANJO,V26,Verão 2026,3,9241
15773,VALENT,V26,Verão 2026,3,25964
15777,KIKI,I26,Inverno 2026,4,70969
15777,KIKI,V26,Verão 2026,3,37205
15777,MENINA ANJO,I26,Inverno 2026,4,983
15777,MENINA ANJO,V26,Verão 2026,3,41085
15777,VALENT,V26,Verão 2026,3,35995
15779,KIKI,I25,Inverno 2025,1,33713
15779,KIKI,T25,Tropical 2025,2,3057
15779,KIKI,V26,Verão 2026,3,4090
15779,MENINA ANJO,I25,Inverno 2025,1,11874
15782,KIKI,V26,Verão 2026,3,12434
15782,MENINA ANJO,V26,Verão 2026,3,2563
15784,KIKI,V26,Verão 2026,3,9050
15784,MENINA ANJO,V26,Verão 2026,3,2536
15784,VALENT,V26,Verão 2026,3,2158
15786,KIKI,V26,Verão 2026,3,96970
15786,MENINA ANJO,V26,Verão 2026,3,36959
15795,KIKI,V26,Verão 2026,3,8458
15800,KIKI,V26,Verão 2026,3,66564
15800,MENINA ANJO,V26,Verão 2026,3,13727
15800,VALENT,V26,Verão 2026,3,14006
15804,KIKI,V26,Verão 2026,3,75350
15804,KIKI,V27,Verão 2027,6,539462
15804,MENINA ANJO,V26,Verão 2026,3,53070
15804,MENINA ANJO,V27,Verão 2027,6,603044
15809,KIKI,I25,Inverno 2025,1,3
15809,KIKI,I26,Inverno 2026,4,4050
15809,KIKI,V26,Verão 2026,3,200863
15809,KIKI,V27,Verão 2027,6,548113
15809,MENINA ANJO,I25,Inverno 2025,1,8
15809,MENINA ANJO,I26,Inverno 2026,4,3188
15809,MENINA ANJO,V26,Verão 2026,3,44441
15809,MENINA ANJO,V27,Verão 2027,6,11804
15809,VALENT,I26,Inverno 2026,4,1078500
15809,VALENT,V26,Verão 2026,3,28215
15809,VALENT,V27,Verão 2027,6,8264
15814,KIKI,T25,Tropical 2025,2,30197
15815,KIKI,V26,Verão 2026,3,4378
15819,KIKI,I25,Inverno 2025,1,5933
15819,KIKI,T25,Tropical 2025,2,4298
15819,KIKI,V26,Verão 2026,3,14742
15819,MENINA ANJO,I25,Inverno 2025,1,7024
15819,MENINA ANJO,V26,Verão 2026,3,9014
15821,KIKI,V26,Verão 2026,3,10214
15821,VALENT,V26,Verão 2026,3,42617
15822,KIKI,I26,Inverno 2026,4,273466
15822,KIKI,V26,Verão 2026,3,22457
15822,MENINA ANJO,I26,Inverno 2026,4,895
15822,MENINA ANJO,V26,Verão 2026,3,3116
15822,VALENT,I26,Inverno 2026,4,449550
15822,VALENT,V26,Verão 2026,3,2158
15824,KIKI,I25,Inverno 2025,1,10533
15824,KIKI,T25,Tropical 2025,2,15436
15824,MENINA ANJO,I25,Inverno 2025,1,4130
15824,MENINA ANJO,T25,Tropical 2025,2,3588
15834,KIKI,I25,Inverno 2025,1,8842
15834,KIKI,I26,Inverno 2026,4,265129
15834,KIKI,T26,Tropical 2026,5,1933
15834,KIKI,V26,Verão 2026,3,19415
15834,KIKI,V27,Verão 2027,6,14656
15834,MENINA ANJO,I25,Inverno 2025,1,20353
15834,MENINA ANJO,I26,Inverno 2026,4,9291
15834,MENINA ANJO,T25,Tropical 2025,2,2041
15834,MENINA ANJO,T26,Tropical 2026,5,2527
15834,MENINA ANJO,V27,Verão 2027,6,7166
15834,VALENT,V27,Verão 2027,6,6703
15835,KIKI,I25,Inverno 2025,1,6345
15835,KIKI,V26,Verão 2026,3,4198
15835,MENINA ANJO,I25,Inverno 2025,1,8983
15835,MENINA ANJO,V26,Verão 2026,3,7693
15843,KIKI,I26,Inverno 2026,4,527779
15843,KIKI,V26,Verão 2026,3,4930
15843,MENINA ANJO,V26,Verão 2026,3,4756
15858,KIKI,V26,Verão 2026,3,60456
15858,MENINA ANJO,V26,Verão 2026,3,40761
15858,VALENT,V26,Verão 2026,3,10817
15862,KIKI,I25,Inverno 2025,1,18459
15862,KIKI,I26,Inverno 2026,4,3
15862,KIKI,V26,Verão 2026,3,6
15862,MENINA ANJO,I26,Inverno 2026,4,390720
15862,VALENT,I26,Inverno 2026,4,1125760
15862,VALENT,V26,Verão 2026,3,2
15864,KIKI,I25,Inverno 2025,1,5065
15864,KIKI,I26,Inverno 2026,4,2457
15864,KIKI,V26,Verão 2026,3,5686
15864,VALENT,V26,Verão 2026,3,3
15874,KIKI,I25,Inverno 2025,1,123025
15874,KIKI,V26,Verão 2026,3,21
15874,MENINA ANJO,I25,Inverno 2025,1,5930
15874,MENINA ANJO,V26,Verão 2026,3,7
15876,KIKI,I25,Inverno 2025,1,27316
15876,MENINA ANJO,I25,Inverno 2025,1,1758
15877,MENINA ANJO,V26,Verão 2026,3,8
15878,KIKI,I25,Inverno 2025,1,11059
15878,KIKI,I26,Inverno 2026,4,20671
15878,KIKI,V26,Verão 2026,3,974
15878,KIKI,V27,Verão 2027,6,33003
15878,MENINA ANJO,V26,Verão 2026,3,25240
15878,MENINA ANJO,V27,Verão 2027,6,2779
15878,VALENT,I26,Inverno 2026,4,1621575
15878,VALENT,V26,Verão 2026,3,2158
15878,VALENT,V27,Verão 2027,6,12454
15883,KIKI,V26,Verão 2026,3,11342
15892,KIKI,I25,Inverno 2025,1,2261
15892,KIKI,V26,Verão 2026,3,11771
15892,KIKI,V27,Verão 2027,6,6487
15892,MENINA ANJO,V26,Verão 2026,3,5216
15892,MENINA ANJO,V27,Verão 2027,6,3784
15892,VALENT,V27,Verão 2027,6,10753
15903,KIKI,V26,Verão 2026,3,18298
15903,MENINA ANJO,V26,Verão 2026,3,6255
15904,KIKI,V26,Verão 2026,3,51289
15904,MENINA ANJO,V26,Verão 2026,3,69976
15905,KIKI,I25,Inverno 2025,1,7361
15905,KIKI,I26,Inverno 2026,4,5
15905,KIKI,V26,Verão 2026,3,26951
15905,MENINA ANJO,I25,Inverno 2025,1,5666
15905,MENINA ANJO,V26,Verão 2026,3,10530
15905,VALENT,I26,Inverno 2026,4,4689
15905,VALENT,V26,Verão 2026,3,7256
15908,KIKI,I25,Inverno 2025,1,47039
15908,KIKI,I26,Inverno 2026,4,6
15908,MENINA ANJO,I25,Inverno 2025,1,16060
15908,VALENT,V26,Verão 2026,3,4
15912,KIKI,V26,Verão 2026,3,3535
15928,VALENT,V26,Verão 2026,3,932
15933,KIKI,T25,Tropical 2025,2,3312
15933,KIKI,V26,Verão 2026,3,295668
15933,KIKI,V27,Verão 2027,6,1774173
15933,MENINA ANJO,V26,Verão 2026,3,112975
15933,MENINA ANJO,V27,Verão 2027,6,1588030
15934,KIKI,I25,Inverno 2025,1,8608
15934,KIKI,I26,Inverno 2026,4,4050
15934,KIKI,V26,Verão 2026,3,6104
15942,KIKI,I25,Inverno 2025,1,71333
15942,KIKI,I26,Inverno 2026,4,137548
15942,KIKI,V26,Verão 2026,3,399126
15942,VALENT,V26,Verão 2026,3,148320
15943,KIKI,I25,Inverno 2025,1,11062
15943,KIKI,V26,Verão 2026,3,4
15950,KIKI,I25,Inverno 2025,1,3162
15950,KIKI,V26,Verão 2026,3,513284
15950,MENINA ANJO,I26,Inverno 2026,4,390720
15950,MENINA ANJO,V26,Verão 2026,3,4
15956,KIKI,I25,Inverno 2025,1,7832
15956,KIKI,T25,Tropical 2025,2,1820
15956,KIKI,V26,Verão 2026,3,6350
15956,MENINA ANJO,I25,Inverno 2025,1,15852
15956,MENINA ANJO,T25,Tropical 2025,2,4329
15956,MENINA ANJO,V26,Verão 2026,3,7585
15958,KIKI,I26,Inverno 2026,4,144765
15958,KIKI,V26,Verão 2026,3,25370
15958,VALENT,V26,Verão 2026,3,1786
15963,KIKI,I26,Inverno 2026,4,1501
15963,KIKI,T26,Tropical 2026,5,3825
15963,KIKI,V26,Verão 2026,3,9607
15963,MENINA ANJO,V26,Verão 2026,3,5000
15963,VALENT,T26,Tropical 2026,5,7346
15967,KIKI,I25,Inverno 2025,1,916
15967,KIKI,I26,Inverno 2026,4,27016
15967,KIKI,V26,Verão 2026,3,30121
15967,KIKI,V27,Verão 2027,6,358286
15967,MENINA ANJO,V26,Verão 2026,3,13300
15967,MENINA ANJO,V27,Verão 2027,6,5398
15967,VALENT,V26,Verão 2026,3,6725
15967,VALENT,V27,Verão 2027,6,20702
15970,KIKI,I26,Inverno 2026,4,39075
15970,KIKI,T26,Tropical 2026,5,4699
15970,KIKI,V26,Verão 2026,3,32904
15970,MENINA ANJO,I26,Inverno 2026,4,422615
15970,MENINA ANJO,V26,Verão 2026,3,15323
15971,KIKI,V26,Verão 2026,3,30519
15971,MENINA ANJO,V26,Verão 2026,3,7999
15971,VALENT,V26,Verão 2026,3,3815
15978,KIKI,I25,Inverno 2025,1,5602
15978,KIKI,V26,Verão 2026,3,4
15978,MENINA ANJO,I25,Inverno 2025,1,3121
15978,VALENT,V26,Verão 2026,3,5
15979,MENINA ANJO,V26,Verão 2026,3,10426
15981,KIKI,V26,Verão 2026,3,36718
15981,MENINA ANJO,V26,Verão 2026,3,19117
15981,VALENT,V26,Verão 2026,3,23265
15983,KIKI,I25,Inverno 2025,1,1318
15984,KIKI,V26,Verão 2026,3,2
15986,KIKI,I25,Inverno 2025,1,60873
15986,MENINA ANJO,I25,Inverno 2025,1,8819
15989,KIKI,V26,Verão 2026,3,7990
15989,MENINA ANJO,V26,Verão 2026,3,5139
15990,KIKI,V26,Verão 2026,3,83948
15992,KIKI,V26,Verão 2026,3,5510
16007,KIKI,V27,Verão 2027,6,434101
16007,MENINA ANJO,V27,Verão 2027,6,473192
16007,VALENT,V27,Verão 2027,6,30204
16011,KIKI,I26,Inverno 2026,4,615144
16011,KIKI,V26,Verão 2026,3,84706
16011,MENINA ANJO,I26,Inverno 2026,4,544421
16011,MENINA ANJO,V26,Verão 2026,3,43316
16011,VALENT,I26,Inverno 2026,4,23426
16011,VALENT,V26,Verão 2026,3,25151
16012,KIKI,I26,Inverno 2026,4,34771
16012,KIKI,V26,Verão 2026,3,74151
16012,MENINA ANJO,I26,Inverno 2026,4,574389
16012,MENINA ANJO,V26,Verão 2026,3,30019
16012,VALENT,I26,Inverno 2026,4,574718
16012,VALENT,V26,Verão 2026,3,24085
16020,KIKI,V26,Verão 2026,3,16400
16030,KIKI,I25,Inverno 2025,1,3
16030,KIKI,I26,Inverno 2026,4,62944
16030,KIKI,V26,Verão 2026,3,105716
16030,KIKI,V27,Verão 2027,6,647859
16030,MENINA ANJO,V26,Verão 2026,3,10873
16030,VALENT,V26,Verão 2026,3,30913
16030,VALENT,V27,Verão 2027,6,42856
16034,KIKI,I25,Inverno 2025,1,57623
16034,KIKI,V26,Verão 2026,3,56692
16034,MENINA ANJO,I25,Inverno 2025,1,9591
16034,MENINA ANJO,V26,Verão 2026,3,4890
16034,VALENT,V26,Verão 2026,3,4455
16037,KIKI,T25,Tropical 2025,2,3
16041,KIKI,I26,Inverno 2026,4,1
16041,KIKI,V27,Verão 2027,6,315921
16041,VALENT,V26,Verão 2026,3,1
16046,KIKI,V26,Verão 2026,3,87015
16046,MENINA ANJO,V26,Verão 2026,3,7678
16046,VALENT,V26,Verão 2026,3,17335
16047,KIKI,I25,Inverno 2025,1,84039
16047,KIKI,T25,Tropical 2025,2,16029
16047,MENINA ANJO,I25,Inverno 2025,1,17532
16047,MENINA ANJO,T25,Tropical 2025,2,7053
16049,KIKI,I25,Inverno 2025,1,24288
16049,KIKI,I26,Inverno 2026,4,35919
16049,KIKI,T25,Tropical 2025,2,4802
16049,KIKI,V26,Verão 2026,3,16777
16049,MENINA ANJO,I26,Inverno 2026,4,2926
16051,KIKI,V26,Verão 2026,3,3
16051,KIKI,V27,Verão 2027,6,968596
16051,MENINA ANJO,V27,Verão 2027,6,449311
16052,KIKI,I25,Inverno 2025,1,4
16052,KIKI,I26,Inverno 2026,4,4131
16052,KIKI,T25,Tropical 2025,2,3
16052,KIKI,V26,Verão 2026,3,78962
16052,MENINA ANJO,I25,Inverno 2025,1,4
16052,MENINA ANJO,V26,Verão 2026,3,25338
16052,VALENT,V26,Verão 2026,3,10916
16054,KIKI,I25,Inverno 2025,1,14577
16059,KIKI,I25,Inverno 2025,1,8263
16059,MENINA ANJO,I25,Inverno 2025,1,2644
16060,KIKI,V26,Verão 2026,3,2698
16060,MENINA ANJO,V26,Verão 2026,3,7
16060,VALENT,V26,Verão 2026,3,5
16085,KIKI,I25,Inverno 2025,1,4075
16085,MENINA ANJO,I25,Inverno 2025,1,8349
16088,MENINA ANJO,V26,Verão 2026,3,13979
16089,KIKI,V26,Verão 2026,3,35540
16089,MENINA ANJO,V26,Verão 2026,3,15319
16089,VALENT,V26,Verão 2026,3,5895
16092,KIKI,V26,Verão 2026,3,1145
16096,KIKI,V26,Verão 2026,3,12463
16113,KIKI,I25,Inverno 2025,1,23340
16113,KIKI,T25,Tropical 2025,2,8450
16113,KIKI,V26,Verão 2026,3,13891
16113,MENINA ANJO,I25,Inverno 2025,1,10665
16116,KIKI,I26,Inverno 2026,4,4022
16116,KIKI,V26,Verão 2026,3,2108
16116,KIKI,V27,Verão 2027,6,2513
16116,MENINA ANJO,V27,Verão 2027,6,515400
16119,KIKI,I25,Inverno 2025,1,18873
16119,KIKI,I26,Inverno 2026,4,7306
16119,KIKI,V26,Verão 2026,3,2144
16119,MENINA ANJO,I25,Inverno 2025,1,31
16120,KIKI,I25,Inverno 2025,1,145470
16120,KIKI,T25,Tropical 2025,2,2504
16120,KIKI,V26,Verão 2026,3,8894
16120,VALENT,V26,Verão 2026,3,736691
16121,KIKI,I26,Inverno 2026,4,8264
16121,KIKI,V26,Verão 2026,3,853
16121,MENINA ANJO,I26,Inverno 2026,4,16020
16121,MENINA ANJO,V26,Verão 2026,3,13528
16122,KIKI,V26,Verão 2026,3,4892
16134,KIKI,I26,Inverno 2026,4,8863
16134,KIKI,V26,Verão 2026,3,23354
16134,MENINA ANJO,V26,Verão 2026,3,14361
16135,KIKI,I26,Inverno 2026,4,15413
16135,KIKI,T26,Tropical 2026,5,2734
16135,KIKI,V26,Verão 2026,3,3268
16135,VALENT,I26,Inverno 2026,4,3373
16136,KIKI,I25,Inverno 2025,1,11
16136,KIKI,V26,Verão 2026,3,532162
16136,MENINA ANJO,I25,Inverno 2025,1,4
16136,MENINA ANJO,I26,Inverno 2026,4,1041920
16136,MENINA ANJO,V26,Verão 2026,3,4
16136,VALENT,V26,Verão 2026,3,3
16137,KIKI,I25,Inverno 2025,1,18597
16137,KIKI,I26,Inverno 2026,4,2329
16137,KIKI,V26,Verão 2026,3,23312
16139,KIKI,V26,Verão 2026,3,115192
16139,MENINA ANJO,V26,Verão 2026,3,32172
16141,KIKI,I25,Inverno 2025,1,10975
16141,MENINA ANJO,I25,Inverno 2025,1,9963
16142,KIKI,I25,Inverno 2025,1,12956
16142,KIKI,V26,Verão 2026,3,2108
16142,MENINA ANJO,I25,Inverno 2025,1,3141
16142,MENINA ANJO,V26,Verão 2026,3,9999
16145,KIKI,I26,Inverno 2026,4,545584
16145,KIKI,V26,Verão 2026,3,73666
16145,VALENT,I26,Inverno 2026,4,964433
16145,VALENT,V26,Verão 2026,3,8538
16146,KIKI,I26,Inverno 2026,4,1
16146,VALENT,V26,Verão 2026,3,291202
16147,KIKI,I25,Inverno 2025,1,12956
16147,KIKI,V26,Verão 2026,3,2108
16147,MENINA ANJO,I25,Inverno 2025,1,3141
16147,MENINA ANJO,V26,Verão 2026,3,9999
16149,KIKI,V26,Verão 2026,3,46908
16149,MENINA ANJO,V26,Verão 2026,3,30578
16154,KIKI,I25,Inverno 2025,1,7118
16154,KIKI,I26,Inverno 2026,4,8824
16154,KIKI,T25,Tropical 2025,2,3784
16154,KIKI,T26,Tropical 2026,5,5776
16154,KIKI,V26,Verão 2026,3,35209
16154,KIKI,V27,Verão 2027,6,41657
16154,MENINA ANJO,I25,Inverno 2025,1,16511
16154,MENINA ANJO,I26,Inverno 2026,4,2
16154,MENINA ANJO,T26,Tropical 2026,5,692
16154,MENINA ANJO,V27,Verão 2027,6,406939
16154,VALENT,V27,Verão 2027,6,3303
16157,KIKI,I26,Inverno 2026,4,8521
16157,KIKI,T26,Tropical 2026,5,644
16157,KIKI,V26,Verão 2026,3,11186
16157,KIKI,V27,Verão 2027,6,30629
16157,MENINA ANJO,I25,Inverno 2025,1,2
16157,MENINA ANJO,V26,Verão 2026,3,13084
16157,MENINA ANJO,V27,Verão 2027,6,2527
16157,VALENT,I26,Inverno 2026,4,394020
16157,VALENT,T26,Tropical 2026,5,2338
16157,VALENT,V27,Verão 2027,6,15005
16160,KIKI,I25,Inverno 2025,1,14
16160,KIKI,I26,Inverno 2026,4,3
16160,KIKI,V26,Verão 2026,3,532160
16160,MENINA ANJO,I26,Inverno 2026,4,260480
16160,VALENT,I26,Inverno 2026,4,599040
16169,KIKI,I25,Inverno 2025,1,54360
16169,KIKI,T25,Tropical 2025,2,3639
16169,KIKI,V26,Verão 2026,3,2072
16169,MENINA ANJO,I25,Inverno 2025,1,20227
16169,VALENT,V26,Verão 2026,3,3581
16170,KIKI,I25,Inverno 2025,1,94106
16170,KIKI,I26,Inverno 2026,4,1662575
16170,KIKI,T26,Tropical 2026,5,11753
16170,KIKI,V26,Verão 2026,3,141083
16170,MENINA ANJO,I26,Inverno 2026,4,422525
16170,MENINA ANJO,T26,Tropical 2026,5,5891
16170,VALENT,I26,Inverno 2026,4,26001
16170,VALENT,V26,Verão 2026,3,3319
16172,KIKI,V26,Verão 2026,3,104858
16172,MENINA ANJO,V26,Verão 2026,3,12708
16172,VALENT,V26,Verão 2026,3,39656
16173,KIKI,I25,Inverno 2025,1,13546
16173,KIKI,I26,Inverno 2026,4,148168
16173,KIKI,V26,Verão 2026,3,5704
16173,MENINA ANJO,I26,Inverno 2026,4,38041
16173,MENINA ANJO,V26,Verão 2026,3,18758
16173,MENINA ANJO,V27,Verão 2027,6,2248
16173,VALENT,I26,Inverno 2026,4,12897
16174,KIKI,I25,Inverno 2025,1,25774
16174,MENINA ANJO,I25,Inverno 2025,1,16812
16179,KIKI,V26,Verão 2026,3,33462
16179,MENINA ANJO,V26,Verão 2026,3,10270
16179,VALENT,V26,Verão 2026,3,2092023
16180,KIKI,I25,Inverno 2025,1,2315
16180,KIKI,T25,Tropical 2025,2,3312
16180,KIKI,V26,Verão 2026,3,7405
16180,MENINA ANJO,T25,Tropical 2025,2,2816
16182,KIKI,I25,Inverno 2025,1,23564
16182,KIKI,T25,Tropical 2025,2,22794
16182,KIKI,V26,Verão 2026,3,113406
16182,KIKI,V27,Verão 2027,6,50926
16182,MENINA ANJO,I25,Inverno 2025,1,4766
16182,MENINA ANJO,T25,Tropical 2025,2,9410
16182,MENINA ANJO,V26,Verão 2026,3,19109
16182,MENINA ANJO,V27,Verão 2027,6,8354
16186,KIKI,V26,Verão 2026,3,256641
16186,VALENT,V26,Verão 2026,3,1
16188,KIKI,I26,Inverno 2026,4,30560
16188,KIKI,V26,Verão 2026,3,76217
16188,MENINA ANJO,V26,Verão 2026,3,7894
16188,VALENT,V26,Verão 2026,3,31331
16189,KIKI,I25,Inverno 2025,1,90137
16189,KIKI,V26,Verão 2026,3,70021
16189,MENINA ANJO,I25,Inverno 2025,1,29135
16189,MENINA ANJO,V26,Verão 2026,3,18319
16190,KIKI,I26,Inverno 2026,4,55280
16190,KIKI,T26,Tropical 2026,5,23020
16190,KIKI,V26,Verão 2026,3,103291
16190,MENINA ANJO,I26,Inverno 2026,4,671519
16190,MENINA ANJO,V26,Verão 2026,3,17111
16192,KIKI,V26,Verão 2026,3,72836
16192,MENINA ANJO,I25,Inverno 2025,1,3
16192,MENINA ANJO,V26,Verão 2026,3,30060
16194,MENINA ANJO,I25,Inverno 2025,1,4
16201,KIKI,V26,Verão 2026,3,2698
16202,KIKI,V26,Verão 2026,3,15
16206,KIKI,I25,Inverno 2025,1,7700
16207,KIKI,V26,Verão 2026,3,6239
16210,KIKI,T26,Tropical 2026,5,14
16218,KIKI,V26,Verão 2026,3,7
16218,MENINA ANJO,V26,Verão 2026,3,2675
16224,KIKI,V26,Verão 2026,3,37554
16224,MENINA ANJO,I25,Inverno 2025,1,8374
16224,MENINA ANJO,V26,Verão 2026,3,32223
16225,KIKI,I25,Inverno 2025,1,253607
16225,KIKI,I26,Inverno 2026,4,1765173
16225,KIKI,T25,Tropical 2025,2,45120
16225,KIKI,T26,Tropical 2026,5,8408
16225,KIKI,V26,Verão 2026,3,109743
16225,KIKI,V27,Verão 2027,6,1320867
16225,MENINA ANJO,I25,Inverno 2025,1,89175
16225,MENINA ANJO,I26,Inverno 2026,4,599831
16225,MENINA ANJO,T25,Tropical 2025,2,19933
16225,MENINA ANJO,T26,Tropical 2026,5,3359
16225,MENINA ANJO,V26,Verão 2026,3,22543
16225,MENINA ANJO,V27,Verão 2027,6,75683
16225,VALENT,I26,Inverno 2026,4,1389557
16225,VALENT,T26,Tropical 2026,5,17358
16225,VALENT,V26,Verão 2026,3,45313
16225,VALENT,V27,Verão 2027,6,112148
16226,KIKI,V26,Verão 2026,3,13982
16226,MENINA ANJO,V26,Verão 2026,3,6315
16226,VALENT,V26,Verão 2026,3,12302
16236,KIKI,V26,Verão 2026,3,10702
16236,VALENT,V26,Verão 2026,3,2419
16240,KIKI,V26,Verão 2026,3,124163
16240,MENINA ANJO,V26,Verão 2026,3,41175
16240,VALENT,V26,Verão 2026,3,37067
16241,KIKI,V26,Verão 2026,3,124998
16241,MENINA ANJO,V26,Verão 2026,3,37494
16241,VALENT,V26,Verão 2026,3,37067
16249,KIKI,I26,Inverno 2026,4,4054
16249,MENINA ANJO,I25,Inverno 2025,1,1573
16249,MENINA ANJO,I26,Inverno 2026,4,2115
16249,VALENT,I26,Inverno 2026,4,6
16252,KIKI,I25,Inverno 2025,1,34569
16252,KIKI,I26,Inverno 2026,4,531698
16252,KIKI,V26,Verão 2026,3,9855
16252,MENINA ANJO,I25,Inverno 2025,1,5088
16252,MENINA ANJO,I26,Inverno 2026,4,3134
16252,MENINA ANJO,V26,Verão 2026,3,5022
16252,VALENT,I26,Inverno 2026,4,439
16253,KIKI,I26,Inverno 2026,4,274320
16253,KIKI,T26,Tropical 2026,5,146340
16253,KIKI,V27,Verão 2027,6,289145
16253,MENINA ANJO,I26,Inverno 2026,4,4958992
16253,MENINA ANJO,T26,Tropical 2026,5,30322
16253,MENINA ANJO,V27,Verão 2027,6,43090
16253,VALENT,I26,Inverno 2026,4,10097
16253,VALENT,T26,Tropical 2026,5,36414
16253,VALENT,V27,Verão 2027,6,8935
16256,MENINA ANJO,I25,Inverno 2025,1,4
16256,MENINA ANJO,V26,Verão 2026,3,73825
16257,KIKI,V27,Verão 2027,6,6149
16257,VALENT,V27,Verão 2027,6,2653
16259,KIKI,T25,Tropical 2025,2,3
16259,KIKI,V26,Verão 2026,3,65438
16259,MENINA ANJO,V26,Verão 2026,3,11911
16261,KIKI,I25,Inverno 2025,1,40911
16261,KIKI,T25,Tropical 2025,2,3139
16261,KIKI,V26,Verão 2026,3,6311
16261,KIKI,V27,Verão 2027,6,1072260
16261,MENINA ANJO,I25,Inverno 2025,1,16318
16261,MENINA ANJO,V26,Verão 2026,3,2936
16261,MENINA ANJO,V27,Verão 2027,6,1178536
16261,VALENT,V27,Verão 2027,6,14865
16264,KIKI,I26,Inverno 2026,4,7990
16264,MENINA ANJO,I26,Inverno 2026,4,22009
16271,KIKI,V26,Verão 2026,3,13864
16271,MENINA ANJO,V26,Verão 2026,3,3672
16271,VALENT,I26,Inverno 2026,4,889389
16271,VALENT,V26,Verão 2026,3,12178
16280,KIKI,V26,Verão 2026,3,57339
16280,MENINA ANJO,V26,Verão 2026,3,46950
16281,KIKI,V26,Verão 2026,3,59240
16281,MENINA ANJO,V26,Verão 2026,3,46950
16285,KIKI,V26,Verão 2026,3,14309
16285,MENINA ANJO,V26,Verão 2026,3,20224
16287,VALENT,V26,Verão 2026,3,5
16288,KIKI,I25,Inverno 2025,1,2153
16288,KIKI,V26,Verão 2026,3,40518
16288,MENINA ANJO,V26,Verão 2026,3,23888
16288,VALENT,V26,Verão 2026,3,3956
16291,KIKI,V26,Verão 2026,3,8752
16295,KIKI,V26,Verão 2026,3,12062
16295,MENINA ANJO,V26,Verão 2026,3,14732
16305,KIKI,I25,Inverno 2025,1,5193
16305,KIKI,I26,Inverno 2026,4,16277
16305,KIKI,V26,Verão 2026,3,6505
16305,MENINA ANJO,V26,Verão 2026,3,6066
16307,KIKI,V27,Verão 2027,6,6556
16307,MENINA ANJO,I25,Inverno 2025,1,2783
16308,KIKI,V26,Verão 2026,3,29811
16308,MENINA ANJO,V26,Verão 2026,3,11932
16314,KIKI,V26,Verão 2026,3,26261
16317,KIKI,I25,Inverno 2025,1,30103
16317,KIKI,I26,Inverno 2026,4,33832
16317,KIKI,T25,Tropical 2025,2,2342
16317,KIKI,V26,Verão 2026,3,48944
16317,MENINA ANJO,I25,Inverno 2025,1,5193
16317,MENINA ANJO,I26,Inverno 2026,4,6258
16317,MENINA ANJO,V26,Verão 2026,3,10212
16317,VALENT,I26,Inverno 2026,4,446893
16317,VALENT,V26,Verão 2026,3,42051
16321,KIKI,V26,Verão 2026,3,17935
16324,KIKI,I25,Inverno 2025,1,15172
16324,KIKI,T25,Tropical 2025,2,1775
16324,KIKI,V26,Verão 2026,3,8974
16325,KIKI,I25,Inverno 2025,1,12591
16325,MENINA ANJO,I25,Inverno 2025,1,12319
16330,KIKI,V26,Verão 2026,3,15368
16330,MENINA ANJO,V26,Verão 2026,3,17831
16333,KIKI,V26,Verão 2026,3,2063
16334,KIKI,V26,Verão 2026,3,605
16336,KIKI,I25,Inverno 2025,1,12251
16336,KIKI,I26,Inverno 2026,4,5004
16336,KIKI,V26,Verão 2026,3,6482
16336,KIKI,V27,Verão 2027,6,4239
16338,KIKI,I25,Inverno 2025,1,42130
16338,KIKI,I26,Inverno 2026,4,1373722
16338,MENINA ANJO,I25,Inverno 2025,1,12042
16342,KIKI,V26,Verão 2026,3,49844
16342,MENINA ANJO,V26,Verão 2026,3,6147
16344,KIKI,I25,Inverno 2025,1,9093
16344,KIKI,V26,Verão 2026,3,3640
16344,KIKI,V27,Verão 2027,6,4
16344,MENINA ANJO,I25,Inverno 2025,1,4782
16344,VALENT,V26,Verão 2026,3,1982
16344,VALENT,V27,Verão 2027,6,2
16345,KIKI,V26,Verão 2026,3,28493
16345,KIKI,V27,Verão 2027,6,31639
16345,MENINA ANJO,V26,Verão 2026,3,7436
16345,MENINA ANJO,V27,Verão 2027,6,11644
16345,VALENT,V26,Verão 2026,3,48777
16345,VALENT,V27,Verão 2027,6,59214
16353,KIKI,I26,Inverno 2026,4,1864866
16353,MENINA ANJO,I26,Inverno 2026,4,1173922
16353,VALENT,I26,Inverno 2026,4,44057
16355,KIKI,I25,Inverno 2025,1,2081
16355,KIKI,T25,Tropical 2025,2,1775
16359,KIKI,V26,Verão 2026,3,37944
16364,KIKI,I25,Inverno 2025,1,16852
16364,KIKI,T25,Tropical 2025,2,7452
16370,KIKI,I25,Inverno 2025,1,5800
16370,KIKI,T25,Tropical 2025,2,7335
16370,KIKI,V26,Verão 2026,3,7
16371,KIKI,V26,Verão 2026,3,11752
16371,MENINA ANJO,V26,Verão 2026,3,1955
16374,MENINA ANJO,V26,Verão 2026,3,2473
16376,KIKI,I25,Inverno 2025,1,5998
16376,KIKI,T25,Tropical 2025,2,5605
16383,KIKI,V26,Verão 2026,3,2108
16383,MENINA ANJO,V26,Verão 2026,3,7036
16387,KIKI,V26,Verão 2026,3,18256
16387,MENINA ANJO,V26,Verão 2026,3,2486
16390,KIKI,T25,Tropical 2025,2,10855
16390,MENINA ANJO,T25,Tropical 2025,2,2548
16399,KIKI,I25,Inverno 2025,1,71028
16399,KIKI,I26,Inverno 2026,4,23335
16399,KIKI,T25,Tropical 2025,2,2
16399,KIKI,T26,Tropical 2026,5,3132
16399,KIKI,V26,Verão 2026,3,37012
16399,MENINA ANJO,I25,Inverno 2025,1,12913
16399,VALENT,I26,Inverno 2026,4,275550
16399,VALENT,V26,Verão 2026,3,2450
16400,KIKI,I25,Inverno 2025,1,10910
16400,KIKI,T25,Tropical 2025,2,1816
16400,KIKI,V26,Verão 2026,3,9335
16400,KIKI,V27,Verão 2027,6,6446
16400,MENINA ANJO,I25,Inverno 2025,1,7720
16400,MENINA ANJO,T25,Tropical 2025,2,2288
16400,MENINA ANJO,V26,Verão 2026,3,13093
16400,MENINA ANJO,V27,Verão 2027,6,5382
16400,VALENT,V26,Verão 2026,3,9063
16400,VALENT,V27,Verão 2027,6,5774
16404,KIKI,V26,Verão 2026,3,57659
16404,MENINA ANJO,V26,Verão 2026,3,32765
16416,KIKI,I25,Inverno 2025,1,12987
16416,KIKI,T25,Tropical 2025,2,1820
16416,MENINA ANJO,I25,Inverno 2025,1,2689
16418,KIKI,I25,Inverno 2025,1,7152
16418,KIKI,V26,Verão 2026,3,23564
16418,MENINA ANJO,I25,Inverno 2025,1,5422
16418,MENINA ANJO,V26,Verão 2026,3,7472
16426,KIKI,I26,Inverno 2026,4,9122
16426,KIKI,V26,Verão 2026,3,10145
16426,MENINA ANJO,I26,Inverno 2026,4,5738
16426,MENINA ANJO,V26,Verão 2026,3,6293
16430,MENINA ANJO,I25,Inverno 2025,1,9119
16435,KIKI,I25,Inverno 2025,1,18533
16435,KIKI,I26,Inverno 2026,4,530352
16435,KIKI,V26,Verão 2026,3,9929
16435,MENINA ANJO,I25,Inverno 2025,1,1888
16435,MENINA ANJO,I26,Inverno 2026,4,9398
16435,VALENT,I26,Inverno 2026,4,2131
16436,KIKI,T25,Tropical 2025,2,30945
16436,MENINA ANJO,T25,Tropical 2025,2,7574
16439,KIKI,I25,Inverno 2025,1,118528
16439,KIKI,I26,Inverno 2026,4,40858
16439,KIKI,T25,Tropical 2025,2,54526
16439,KIKI,T26,Tropical 2026,5,6
16439,KIKI,V26,Verão 2026,3,59215
16439,MENINA ANJO,I25,Inverno 2025,1,32210
16439,MENINA ANJO,I26,Inverno 2026,4,17
16439,MENINA ANJO,T25,Tropical 2025,2,14357
16439,MENINA ANJO,V26,Verão 2026,3,7
16440,KIKI,I25,Inverno 2025,1,10834
16440,KIKI,I26,Inverno 2026,4,1501
16440,KIKI,V26,Verão 2026,3,9670
16440,MENINA ANJO,I25,Inverno 2025,1,11340
16440,VALENT,I26,Inverno 2026,4,1078500
16440,VALENT,V27,Verão 2027,6,4491
16441,MENINA ANJO,I25,Inverno 2025,1,12476
16442,KIKI,I25,Inverno 2025,1,17379
16442,KIKI,I26,Inverno 2026,4,527611
16442,KIKI,V26,Verão 2026,3,15165
16442,KIKI,V27,Verão 2027,6,21938
16442,MENINA ANJO,I25,Inverno 2025,1,11
16442,MENINA ANJO,V27,Verão 2027,6,1069212
16442,VALENT,I26,Inverno 2026,4,599400
16442,VALENT,V27,Verão 2027,6,5380
16445,KIKI,V26,Verão 2026,3,64905
16445,MENINA ANJO,V26,Verão 2026,3,649
16448,KIKI,I25,Inverno 2025,1,25342
16448,KIKI,I26,Inverno 2026,4,12962
16448,KIKI,T25,Tropical 2025,2,6203
16448,KIKI,V26,Verão 2026,3,5264
16448,MENINA ANJO,I25,Inverno 2025,1,13502
16448,MENINA ANJO,T25,Tropical 2025,2,2288
16448,MENINA ANJO,V26,Verão 2026,3,2114
16448,VALENT,I26,Inverno 2026,4,144472
16448,VALENT,V26,Verão 2026,3,186634
16450,KIKI,I25,Inverno 2025,1,39187
16450,KIKI,V26,Verão 2026,3,11166
16450,MENINA ANJO,I25,Inverno 2025,1,6809
16450,VALENT,V26,Verão 2026,3,9726
16451,KIKI,I26,Inverno 2026,4,502632
16451,KIKI,T26,Tropical 2026,5,6876
16451,MENINA ANJO,I26,Inverno 2026,4,437909
16451,MENINA ANJO,T26,Tropical 2026,5,2863
16452,KIKI,I25,Inverno 2025,1,16668
16452,KIKI,T25,Tropical 2025,2,7093
16452,KIKI,V26,Verão 2026,3,5967
16452,VALENT,V26,Verão 2026,3,1496
16453,KIKI,I26,Inverno 2026,4,298686
16453,KIKI,V26,Verão 2026,3,30908
16453,MENINA ANJO,I26,Inverno 2026,4,9201
16464,KIKI,I25,Inverno 2025,1,55261
16464,KIKI,I26,Inverno 2026,4,2675
16464,KIKI,V26,Verão 2026,3,19876
16464,KIKI,V27,Verão 2027,6,9300
16464,MENINA ANJO,I25,Inverno 2025,1,13152
16464,MENINA ANJO,V26,Verão 2026,3,7774
16464,MENINA ANJO,V27,Verão 2027,6,403729
16464,VALENT,I26,Inverno 2026,4,599400
16464,VALENT,V27,Verão 2027,6,14814
16465,KIKI,I25,Inverno 2025,1,4
16465,KIKI,I26,Inverno 2026,4,2334
16465,KIKI,V26,Verão 2026,3,33517
16465,KIKI,V27,Verão 2027,6,18
16465,MENINA ANJO,I25,Inverno 2025,1,6196
16466,KIKI,T25,Tropical 2025,2,48490
16466,MENINA ANJO,T25,Tropical 2025,2,1578
16467,KIKI,I25,Inverno 2025,1,14755
16467,KIKI,I26,Inverno 2026,4,4478
16467,KIKI,T25,Tropical 2025,2,2428
16467,KIKI,V26,Verão 2026,3,13318
16467,KIKI,V27,Verão 2027,6,1613
16467,MENINA ANJO,V27,Verão 2027,6,11664
16469,KIKI,I26,Inverno 2026,4,15
16471,KIKI,I25,Inverno 2025,1,20502
16471,KIKI,V26,Verão 2026,3,19478
16471,MENINA ANJO,I25,Inverno 2025,1,10748
16471,MENINA ANJO,V26,Verão 2026,3,10442
16471,VALENT,V26,Verão 2026,3,16208
16472,KIKI,I25,Inverno 2025,1,59320
16472,KIKI,I26,Inverno 2026,4,129189
16472,KIKI,V26,Verão 2026,3,53049
16472,MENINA ANJO,I25,Inverno 2025,1,16161
16472,MENINA ANJO,I26,Inverno 2026,4,4352
16472,MENINA ANJO,V26,Verão 2026,3,3897
16472,VALENT,I26,Inverno 2026,4,56559
16472,VALENT,V26,Verão 2026,3,10407
16476,KIKI,I25,Inverno 2025,1,3694
16476,KIKI,I26,Inverno 2026,4,29808
16476,KIKI,V26,Verão 2026,3,27907
16477,KIKI,I25,Inverno 2025,1,38560
16477,KIKI,V26,Verão 2026,3,36674
16477,MENINA ANJO,I25,Inverno 2025,1,3933
16477,MENINA ANJO,V26,Verão 2026,3,6232
16477,VALENT,V26,Verão 2026,3,3106
16479,KIKI,T25,Tropical 2025,2,23388
16479,MENINA ANJO,T25,Tropical 2025,2,6537
16496,KIKI,I25,Inverno 2025,1,11498
16496,KIKI,I26,Inverno 2026,4,3
16496,KIKI,V26,Verão 2026,3,5
16496,KIKI,V27,Verão 2027,6,5
16496,MENINA ANJO,I25,Inverno 2025,1,5136
16500,KIKI,V26,Verão 2026,3,75784
16500,MENINA ANJO,V26,Verão 2026,3,42092
16500,VALENT,V26,Verão 2026,3,28306
16501,KIKI,I25,Inverno 2025,1,23771
16501,KIKI,T25,Tropical 2025,2,12061
16501,KIKI,V26,Verão 2026,3,8933
16501,MENINA ANJO,I25,Inverno 2025,1,3746
16501,MENINA ANJO,T25,Tropical 2025,2,9781
16504,KIKI,I25,Inverno 2025,1,1118009
16504,KIKI,T25,Tropical 2025,2,4
16506,KIKI,I25,Inverno 2025,1,4365
16506,KIKI,T25,Tropical 2025,2,1775
16506,KIKI,V26,Verão 2026,3,5281
16508,KIKI,I25,Inverno 2025,1,6
16509,KIKI,I25,Inverno 2025,1,45876
16509,KIKI,V26,Verão 2026,3,83559
16510,KIKI,I25,Inverno 2025,1,10168
16510,KIKI,I26,Inverno 2026,4,1501
16510,KIKI,T25,Tropical 2025,2,3920
16510,KIKI,V27,Verão 2027,6,5114
16510,VALENT,V27,Verão 2027,6,3978
16513,KIKI,I25,Inverno 2025,1,12244
16513,KIKI,I26,Inverno 2026,4,6923
16513,KIKI,V26,Verão 2026,3,119396
16513,KIKI,V27,Verão 2027,6,37469
16513,VALENT,I26,Inverno 2026,4,8444
16513,VALENT,V26,Verão 2026,3,8795
16513,VALENT,V27,Verão 2027,6,28721
16514,KIKI,I25,Inverno 2025,1,21636
16514,MENINA ANJO,I25,Inverno 2025,1,33045
16515,KIKI,I25,Inverno 2025,1,14764
16515,MENINA ANJO,I25,Inverno 2025,1,6904
16516,KIKI,I25,Inverno 2025,1,12080
16516,KIKI,I26,Inverno 2026,4,13138
16516,KIKI,T25,Tropical 2025,2,1775
16516,KIKI,V26,Verão 2026,3,21272
16516,MENINA ANJO,I25,Inverno 2025,1,8435
16516,VALENT,I26,Inverno 2026,4,1216931
16516,VALENT,V26,Verão 2026,3,2163
16518,KIKI,I25,Inverno 2025,1,14640
16519,KIKI,I25,Inverno 2025,1,59602
16519,KIKI,V26,Verão 2026,3,3316
16520,KIKI,I25,Inverno 2025,1,3
16520,KIKI,V26,Verão 2026,3,66485
16520,KIKI,V27,Verão 2027,6,551249
16522,KIKI,I25,Inverno 2025,1,3352
16522,KIKI,V26,Verão 2026,3,7288
16522,KIKI,V27,Verão 2027,6,6809
16522,MENINA ANJO,I25,Inverno 2025,1,13354
16522,MENINA ANJO,V26,Verão 2026,3,2486
16522,VALENT,V27,Verão 2027,6,1586
16524,KIKI,I25,Inverno 2025,1,5535
16524,MENINA ANJO,I25,Inverno 2025,1,6680
16524,VALENT,V26,Verão 2026,3,4
16526,KIKI,I25,Inverno 2025,1,25050
16527,KIKI,I26,Inverno 2026,4,8
16527,KIKI,V26,Verão 2026,3,266082
16527,KIKI,V27,Verão 2027,6,1264246
16527,MENINA ANJO,I26,Inverno 2026,4,260480
16527,MENINA ANJO,V26,Verão 2026,3,1
16528,KIKI,I25,Inverno 2025,1,80932
16528,KIKI,T25,Tropical 2025,2,11444
16528,KIKI,V26,Verão 2026,3,49526
16528,MENINA ANJO,I25,Inverno 2025,1,42840
16528,MENINA ANJO,T25,Tropical 2025,2,4226
16528,MENINA ANJO,V26,Verão 2026,3,20243
16529,KIKI,I25,Inverno 2025,1,10359
16529,MENINA ANJO,I25,Inverno 2025,1,3049
16531,MENINA ANJO,I25,Inverno 2025,1,12464
16531,MENINA ANJO,V27,Verão 2027,6,10440
16534,KIKI,I25,Inverno 2025,1,40337
16534,KIKI,T25,Tropical 2025,2,3845
16534,KIKI,V26,Verão 2026,3,11725
16534,MENINA ANJO,I25,Inverno 2025,1,7541
16534,VALENT,V26,Verão 2026,3,10108
16536,KIKI,I25,Inverno 2025,1,11745
16537,KIKI,I25,Inverno 2025,1,3
16537,KIKI,I26,Inverno 2026,4,90234
16537,KIKI,T26,Tropical 2026,5,2544
16537,KIKI,V26,Verão 2026,3,113317
16537,MENINA ANJO,I25,Inverno 2025,1,3
16537,VALENT,V26,Verão 2026,3,21212
16538,KIKI,I25,Inverno 2025,1,10452
16538,KIKI,V26,Verão 2026,3,3
16538,MENINA ANJO,I25,Inverno 2025,1,914
16539,KIKI,I25,Inverno 2025,1,79087
16539,KIKI,I26,Inverno 2026,4,27718
16539,KIKI,T25,Tropical 2025,2,11471
16539,KIKI,V26,Verão 2026,3,11291
16540,KIKI,I25,Inverno 2025,1,13525
16540,MENINA ANJO,I25,Inverno 2025,1,10542
16541,KIKI,I25,Inverno 2025,1,39246
16541,KIKI,V26,Verão 2026,3,75381
16541,MENINA ANJO,I25,Inverno 2025,1,9225
16541,MENINA ANJO,V26,Verão 2026,3,23586
16544,KIKI,I26,Inverno 2026,4,2549
16544,KIKI,V26,Verão 2026,3,12238
16544,MENINA ANJO,I26,Inverno 2026,4,2698
16544,MENINA ANJO,V26,Verão 2026,3,4491
16548,KIKI,I25,Inverno 2025,1,12521
16548,KIKI,I26,Inverno 2026,4,29383
16548,KIKI,T25,Tropical 2025,2,5281
16548,KIKI,V26,Verão 2026,3,9999
16548,MENINA ANJO,I26,Inverno 2026,4,6332
16548,MENINA ANJO,V26,Verão 2026,3,1955
16548,VALENT,I26,Inverno 2026,4,3485
16548,VALENT,V26,Verão 2026,3,7958
16549,KIKI,I25,Inverno 2025,1,5804
16549,KIKI,I26,Inverno 2026,4,2
16549,KIKI,V26,Verão 2026,3,2
16549,KIKI,V27,Verão 2027,6,744965
16549,MENINA ANJO,I25,Inverno 2025,1,3941
16550,KIKI,I25,Inverno 2025,1,54606
16550,KIKI,V26,Verão 2026,3,14418
16550,MENINA ANJO,I25,Inverno 2025,1,14778
16552,KIKI,I25,Inverno 2025,1,10079
16552,KIKI,I26,Inverno 2026,4,3626
16552,KIKI,V26,Verão 2026,3,6249
16552,MENINA ANJO,V26,Verão 2026,3,7166
16555,KIKI,I25,Inverno 2025,1,47751
16555,KIKI,I26,Inverno 2026,4,4302
16555,KIKI,T25,Tropical 2025,2,2924
16555,MENINA ANJO,I25,Inverno 2025,1,986
16555,MENINA ANJO,I26,Inverno 2026,4,2846
16558,KIKI,I25,Inverno 2025,1,35048
16558,KIKI,T25,Tropical 2025,2,20730
16558,MENINA ANJO,I25,Inverno 2025,1,5591
16563,KIKI,I25,Inverno 2025,1,3233
16563,MENINA ANJO,I25,Inverno 2025,1,930
16564,MENINA ANJO,I25,Inverno 2025,1,3
16570,KIKI,I25,Inverno 2025,1,916
16570,KIKI,T25,Tropical 2025,2,3312
16571,KIKI,I26,Inverno 2026,4,80888
16571,KIKI,T25,Tropical 2025,2,3
16571,KIKI,T26,Tropical 2026,5,40269
16571,KIKI,V26,Verão 2026,3,123679
16571,KIKI,V27,Verão 2027,6,148177
16571,MENINA ANJO,I26,Inverno 2026,4,47557
16571,MENINA ANJO,T26,Tropical 2026,5,11428
16571,MENINA ANJO,V26,Verão 2026,3,44624
16571,MENINA ANJO,V27,Verão 2027,6,40524
16571,VALENT,I26,Inverno 2026,4,647026
16571,VALENT,T26,Tropical 2026,5,31147
16571,VALENT,V26,Verão 2026,3,62766
16571,VALENT,V27,Verão 2027,6,60680
16573,KIKI,I25,Inverno 2025,1,6
16573,KIKI,V26,Verão 2026,3,256640
16574,KIKI,I25,Inverno 2025,1,10106
16576,KIKI,I26,Inverno 2026,4,1730
16576,KIKI,T26,Tropical 2026,5,1235
16576,KIKI,V26,Verão 2026,3,8546
16576,KIKI,V27,Verão 2027,6,6091
16576,VALENT,V27,Verão 2027,6,994
16577,KIKI,I25,Inverno 2025,1,30170
16577,KIKI,T25,Tropical 2025,2,5612
16584,KIKI,I25,Inverno 2025,1,87649
16584,KIKI,I26,Inverno 2026,4,13678
16584,KIKI,T25,Tropical 2025,2,29095
16584,KIKI,V26,Verão 2026,3,166559
16584,MENINA ANJO,I25,Inverno 2025,1,25871
16584,MENINA ANJO,I26,Inverno 2026,4,14739
16584,MENINA ANJO,T25,Tropical 2025,2,18205
16584,MENINA ANJO,V26,Verão 2026,3,70862
16584,VALENT,I26,Inverno 2026,4,516900
16584,VALENT,V26,Verão 2026,3,63736
16588,KIKI,T25,Tropical 2025,2,6622
16588,MENINA ANJO,I25,Inverno 2025,1,51703
16592,KIKI,I25,Inverno 2025,1,3580
16592,KIKI,I26,Inverno 2026,4,3
16592,KIKI,V26,Verão 2026,3,2
16592,KIKI,V27,Verão 2027,6,761525
16592,VALENT,I26,Inverno 2026,4,4
16602,KIKI,I25,Inverno 2025,1,230049
16602,MENINA ANJO,I25,Inverno 2025,1,66912
16614,KIKI,I25,Inverno 2025,1,56671
16614,KIKI,I26,Inverno 2026,4,5450
16614,KIKI,V26,Verão 2026,3,43077
16628,KIKI,I25,Inverno 2025,1,46256
16628,KIKI,T25,Tropical 2025,2,12743
16628,KIKI,V26,Verão 2026,3,81986
16628,MENINA ANJO,I25,Inverno 2025,1,22945
16628,MENINA ANJO,T25,Tropical 2025,2,14211
16628,MENINA ANJO,V26,Verão 2026,3,30521
16629,KIKI,I26,Inverno 2026,4,5224
16629,KIKI,T26,Tropical 2026,5,1933
16629,KIKI,V26,Verão 2026,3,6491
16629,MENINA ANJO,V27,Verão 2027,6,536801
16630,KIKI,I25,Inverno 2025,1,22120
16630,KIKI,I26,Inverno 2026,4,7819
16630,KIKI,T25,Tropical 2025,2,9745
16630,KIKI,T26,Tropical 2026,5,1933
16630,KIKI,V26,Verão 2026,3,14116
16630,KIKI,V27,Verão 2027,6,15505
16630,MENINA ANJO,V26,Verão 2026,3,5166
16630,VALENT,I26,Inverno 2026,4,1647131
16630,VALENT,V27,Verão 2027,6,3258
16631,KIKI,I25,Inverno 2025,1,7058
16632,KIKI,I25,Inverno 2025,1,7061
16632,KIKI,I26,Inverno 2026,4,5
16632,KIKI,V27,Verão 2027,6,560960
16633,KIKI,V26,Verão 2026,3,3951
16633,MENINA ANJO,V26,Verão 2026,3,7
16637,KIKI,I25,Inverno 2025,1,11831
16637,MENINA ANJO,I25,Inverno 2025,1,6925
16638,KIKI,I25,Inverno 2025,1,14912
16638,KIKI,T25,Tropical 2025,2,7785
16638,KIKI,V26,Verão 2026,3,16486
16638,KIKI,V27,Verão 2027,6,21697
16638,MENINA ANJO,I25,Inverno 2025,1,2216
16638,MENINA ANJO,T25,Tropical 2025,2,2239
16638,MENINA ANJO,V26,Verão 2026,3,6622
16638,MENINA ANJO,V27,Verão 2027,6,6638
16638,VALENT,V26,Verão 2026,3,3141
16638,VALENT,V27,Verão 2027,6,1951
16640,KIKI,V26,Verão 2026,3,8870
16640,KIKI,V27,Verão 2027,6,1843
16640,MENINA ANJO,V27,Verão 2027,6,7301
16642,KIKI,I26,Inverno 2026,4,1031
16642,KIKI,T25,Tropical 2025,2,4804
16642,KIKI,V27,Verão 2027,6,29800
16642,MENINA ANJO,T25,Tropical 2025,2,2537
16642,MENINA ANJO,V27,Verão 2027,6,143065
16656,KIKI,I25,Inverno 2025,1,6095
16665,KIKI,I26,Inverno 2026,4,656193
16665,KIKI,T26,Tropical 2026,5,19125
16665,MENINA ANJO,I25,Inverno 2025,1,6
16665,MENINA ANJO,I26,Inverno 2026,4,35308
16665,MENINA ANJO,T26,Tropical 2026,5,4790
16666,KIKI,I25,Inverno 2025,1,15579
16667,KIKI,I25,Inverno 2025,1,9833
16667,KIKI,V26,Verão 2026,3,384960
16671,KIKI,I25,Inverno 2025,1,19747
16673,KIKI,I25,Inverno 2025,1,12973
16674,KIKI,I25,Inverno 2025,1,11174
16674,KIKI,V26,Verão 2026,3,37835
16674,MENINA ANJO,I25,Inverno 2025,1,8939
16682,MENINA ANJO,I25,Inverno 2025,1,4
16683,KIKI,I25,Inverno 2025,1,7429
16683,KIKI,V26,Verão 2026,3,4363
16683,KIKI,V27,Verão 2027,6,532029
16683,MENINA ANJO,I25,Inverno 2025,1,15858
16683,MENINA ANJO,V26,Verão 2026,3,12015
16683,MENINA ANJO,V27,Verão 2027,6,269426
16683,VALENT,I26,Inverno 2026,4,553123
16683,VALENT,V26,Verão 2026,3,2747
16685,KIKI,I25,Inverno 2025,1,9063
16686,KIKI,I26,Inverno 2026,4,17415
16686,KIKI,V27,Verão 2027,6,284925
16686,MENINA ANJO,I26,Inverno 2026,4,9432
16686,MENINA ANJO,V27,Verão 2027,6,13036
16686,VALENT,I26,Inverno 2026,4,1121556
16686,VALENT,V27,Verão 2027,6,7589
16687,KIKI,I25,Inverno 2025,1,81834
16687,KIKI,V26,Verão 2026,3,9166
16687,MENINA ANJO,I25,Inverno 2025,1,12123
16698,KIKI,I25,Inverno 2025,1,1844
16698,KIKI,I26,Inverno 2026,4,2
16698,MENINA ANJO,I25,Inverno 2025,1,3283
16698,MENINA ANJO,I26,Inverno 2026,4,260480
16699,MENINA ANJO,I25,Inverno 2025,1,3
16702,KIKI,I26,Inverno 2026,4,15742
16702,KIKI,T25,Tropical 2025,2,34857
16702,KIKI,V26,Verão 2026,3,10744
16702,MENINA ANJO,T25,Tropical 2025,2,13209
16702,MENINA ANJO,V26,Verão 2026,3,4590
16707,KIKI,I25,Inverno 2025,1,63441
16707,KIKI,I26,Inverno 2026,4,8003
16707,KIKI,V26,Verão 2026,3,2198
16707,MENINA ANJO,I25,Inverno 2025,1,6463
16710,KIKI,I25,Inverno 2025,1,8061
16710,KIKI,T25,Tropical 2025,2,3470
16713,KIKI,I25,Inverno 2025,1,13875
16713,KIKI,V26,Verão 2026,3,8910
16713,MENINA ANJO,I25,Inverno 2025,1,2675
16714,KIKI,I25,Inverno 2025,1,22775
16714,KIKI,V26,Verão 2026,3,4455
16714,MENINA ANJO,I25,Inverno 2025,1,10134
16714,MENINA ANJO,V26,Verão 2026,3,2567
16714,VALENT,V26,Verão 2026,3,7004
16715,KIKI,I25,Inverno 2025,1,30215
16715,KIKI,I26,Inverno 2026,4,38194
16717,KIKI,I25,Inverno 2025,1,6400
16717,KIKI,I26,Inverno 2026,4,1505
16717,MENINA ANJO,I25,Inverno 2025,1,5222
16720,KIKI,I25,Inverno 2025,1,25
16720,KIKI,V26,Verão 2026,3,40585
16721,KIKI,I25,Inverno 2025,1,25
16721,KIKI,V26,Verão 2026,3,40585
16722,KIKI,I25,Inverno 2025,1,8274
16722,KIKI,V27,Verão 2027,6,1
16726,KIKI,I26,Inverno 2026,4,4
16726,KIKI,V27,Verão 2027,6,1
16727,KIKI,I25,Inverno 2025,1,68058
16735,KIKI,I25,Inverno 2025,1,5959
16735,KIKI,I26,Inverno 2026,4,2
16735,KIKI,V26,Verão 2026,3,4
16735,MENINA ANJO,I26,Inverno 2026,4,260480
16736,KIKI,I25,Inverno 2025,1,27542
16736,KIKI,I26,Inverno 2026,4,28092
16736,KIKI,T25,Tropical 2025,2,6608
16736,KIKI,V26,Verão 2026,3,57927
16736,VALENT,I26,Inverno 2026,4,2914
16736,VALENT,V26,Verão 2026,3,2198
16740,KIKI,I25,Inverno 2025,1,4
16746,KIKI,I25,Inverno 2025,1,17264
16746,KIKI,V26,Verão 2026,3,14900
16750,KIKI,I25,Inverno 2025,1,2231
16753,KIKI,I25,Inverno 2025,1,8593
16753,KIKI,T25,Tropical 2025,2,3312
16754,KIKI,T25,Tropical 2025,2,9029
16754,KIKI,V26,Verão 2026,3,34366
16754,MENINA ANJO,T25,Tropical 2025,2,4712
16754,MENINA ANJO,V26,Verão 2026,3,1955
16755,KIKI,I26,Inverno 2026,4,3265
16755,KIKI,T25,Tropical 2025,2,8248
16755,KIKI,T26,Tropical 2026,5,3825
16755,KIKI,V26,Verão 2026,3,16002
16755,VALENT,T26,Tropical 2026,5,2180
16756,KIKI,I26,Inverno 2026,4,2653
16756,KIKI,V26,Verão 2026,3,28708
16756,MENINA ANJO,T25,Tropical 2025,2,6802
16756,MENINA ANJO,V26,Verão 2026,3,1955
16756,VALENT,I26,Inverno 2026,4,2914
16756,VALENT,V26,Verão 2026,3,6586
16759,KIKI,I26,Inverno 2026,4,32165
16759,KIKI,T25,Tropical 2025,2,3
16759,KIKI,T26,Tropical 2026,5,8285
16759,KIKI,V26,Verão 2026,3,49852
16759,KIKI,V27,Verão 2027,6,31178
16759,MENINA ANJO,I26,Inverno 2026,4,6567
16759,MENINA ANJO,V26,Verão 2026,3,21324
16759,MENINA ANJO,V27,Verão 2027,6,3040
16759,VALENT,V26,Verão 2026,3,3866
16759,VALENT,V27,Verão 2027,6,1654
16764,KIKI,I25,Inverno 2025,1,23312
16764,KIKI,T25,Tropical 2025,2,19947
16764,KIKI,V26,Verão 2026,3,38589
16764,MENINA ANJO,T25,Tropical 2025,2,3814
16764,MENINA ANJO,V26,Verão 2026,3,4262
16764,VALENT,V26,Verão 2026,3,3581
16772,KIKI,I25,Inverno 2025,1,15702
16772,KIKI,I26,Inverno 2026,4,16178
16772,KIKI,T25,Tropical 2025,2,1775
16772,KIKI,V26,Verão 2026,3,17996
16772,MENINA ANJO,I25,Inverno 2025,1,20191
16772,MENINA ANJO,I26,Inverno 2026,4,5544
16772,MENINA ANJO,T25,Tropical 2025,2,4609
16772,MENINA ANJO,V26,Verão 2026,3,12089
16774,KIKI,I25,Inverno 2025,1,18848
16774,KIKI,I26,Inverno 2026,4,6700
16774,KIKI,V26,Verão 2026,3,73478
16774,MENINA ANJO,V26,Verão 2026,3,13515
16774,VALENT,V26,Verão 2026,3,4871
16775,KIKI,I25,Inverno 2025,1,16358
16775,KIKI,I26,Inverno 2026,4,2630
16775,KIKI,T25,Tropical 2025,2,20450
16775,KIKI,V26,Verão 2026,3,9085
16775,KIKI,V27,Verão 2027,6,528926
16775,MENINA ANJO,I26,Inverno 2026,4,6525
16775,MENINA ANJO,T25,Tropical 2025,2,4972
16775,MENINA ANJO,V26,Verão 2026,3,5139
16775,MENINA ANJO,V27,Verão 2027,6,5342
16783,KIKI,I25,Inverno 2025,1,5
16783,KIKI,I26,Inverno 2026,4,569867
16783,KIKI,V26,Verão 2026,3,203054
16783,MENINA ANJO,I25,Inverno 2025,1,9
16783,MENINA ANJO,I26,Inverno 2026,4,960247
16783,MENINA ANJO,V26,Verão 2026,3,58653
16783,VALENT,I26,Inverno 2026,4,1891756
16783,VALENT,V26,Verão 2026,3,71108
16789,KIKI,I25,Inverno 2025,1,17227
16789,KIKI,V26,Verão 2026,3,24011
16789,MENINA ANJO,V26,Verão 2026,3,7126
16809,KIKI,I25,Inverno 2025,1,6612
16809,KIKI,I26,Inverno 2026,4,14
16809,KIKI,V26,Verão 2026,3,1045440
16809,KIKI,V27,Verão 2027,6,1061440
16809,MENINA ANJO,I25,Inverno 2025,1,6865
16809,MENINA ANJO,I26,Inverno 2026,4,520960
16809,VALENT,V26,Verão 2026,3,593280
16810,KIKI,I25,Inverno 2025,1,2000
16810,KIKI,I26,Inverno 2026,4,5904
16810,KIKI,V26,Verão 2026,3,12647
16810,VALENT,V26,Verão 2026,3,2158
16814,KIKI,I25,Inverno 2025,1,17995
16814,KIKI,I26,Inverno 2026,4,48382
16814,KIKI,T25,Tropical 2025,2,18538
16814,KIKI,T26,Tropical 2026,5,2189
16814,KIKI,V26,Verão 2026,3,18683
16814,MENINA ANJO,I25,Inverno 2025,1,11109
16814,MENINA ANJO,I26,Inverno 2026,4,3712
16814,MENINA ANJO,T25,Tropical 2025,2,3470
16814,MENINA ANJO,V26,Verão 2026,3,25068
16815,KIKI,I25,Inverno 2025,1,16702
16815,KIKI,I26,Inverno 2026,4,6680
16815,KIKI,V26,Verão 2026,3,96931
16815,VALENT,V26,Verão 2026,3,20546
16817,KIKI,I26,Inverno 2026,4,11459
16817,KIKI,V26,Verão 2026,3,18624
16817,MENINA ANJO,V26,Verão 2026,3,2567
16817,VALENT,V26,Verão 2026,3,3
16823,KIKI,I26,Inverno 2026,4,1070
16823,MENINA ANJO,I26,Inverno 2026,4,5530
16823,VALENT,I26,Inverno 2026,4,267877
16823,VALENT,T26,Tropical 2026,5,794
16824,KIKI,I25,Inverno 2025,1,5040
16824,KIKI,V26,Verão 2026,3,5528
16824,MENINA ANJO,I25,Inverno 2025,1,3350
16824,MENINA ANJO,V27,Verão 2027,6,1951
16832,KIKI,I25,Inverno 2025,1,3787
16832,KIKI,I26,Inverno 2026,4,437130
16832,KIKI,V27,Verão 2027,6,560960
16832,VALENT,I26,Inverno 2026,4,719287
16832,VALENT,V26,Verão 2026,3,4
16834,KIKI,I25,Inverno 2025,1,2744
16834,MENINA ANJO,I25,Inverno 2025,1,5455
16836,KIKI,I25,Inverno 2025,1,4
16836,KIKI,V26,Verão 2026,3,1
16837,KIKI,I25,Inverno 2025,1,5382
16837,KIKI,I26,Inverno 2026,4,28388
16837,KIKI,T25,Tropical 2025,2,1969
16837,KIKI,V26,Verão 2026,3,7733
16837,MENINA ANJO,I25,Inverno 2025,1,1950
16837,MENINA ANJO,I26,Inverno 2026,4,6608
16837,MENINA ANJO,T25,Tropical 2025,2,763
16837,MENINA ANJO,V26,Verão 2026,3,4981
16837,VALENT,I26,Inverno 2026,4,914231
16838,KIKI,T25,Tropical 2025,2,1816
16839,KIKI,I25,Inverno 2025,1,37066
16840,KIKI,I25,Inverno 2025,1,143781
16840,KIKI,I26,Inverno 2026,4,5192
16840,KIKI,V26,Verão 2026,3,8214
16840,KIKI,V27,Verão 2027,6,9
16840,MENINA ANJO,I26,Inverno 2026,4,10
16840,MENINA ANJO,V26,Verão 2026,3,10868
16848,KIKI,I25,Inverno 2025,1,22700
16848,KIKI,I26,Inverno 2026,4,7355
16848,KIKI,V26,Verão 2026,3,8262
16848,MENINA ANJO,I26,Inverno 2026,4,9713
16860,KIKI,I25,Inverno 2025,1,9625
16860,KIKI,T25,Tropical 2025,2,3312
16860,KIKI,V26,Verão 2026,3,25330
16860,VALENT,V26,Verão 2026,3,4806
16864,KIKI,I25,Inverno 2025,1,15
16864,KIKI,V27,Verão 2027,6,8101
16864,MENINA ANJO,I25,Inverno 2025,1,13
16876,KIKI,V26,Verão 2026,3,8476
16876,MENINA ANJO,V26,Verão 2026,3,1582
16878,KIKI,I25,Inverno 2025,1,20275
16882,KIKI,I25,Inverno 2025,1,2144
16882,KIKI,I26,Inverno 2026,4,7508
16882,KIKI,V26,Verão 2026,3,106387
16882,KIKI,V27,Verão 2027,6,530423
16882,MENINA ANJO,I25,Inverno 2025,1,1663
16882,MENINA ANJO,V26,Verão 2026,3,54624
16882,VALENT,V26,Verão 2026,3,38415
16882,VALENT,V27,Verão 2027,6,19663
16883,KIKI,I25,Inverno 2025,1,6824
16883,KIKI,I26,Inverno 2026,4,1
16883,KIKI,V26,Verão 2026,3,133040
16883,VALENT,V26,Verão 2026,3,1
16889,KIKI,V26,Verão 2026,3,2961
16894,KIKI,I25,Inverno 2025,1,3
16906,KIKI,I26,Inverno 2026,4,70899
16906,KIKI,T26,Tropical 2026,5,8733
16906,KIKI,V26,Verão 2026,3,181422
16906,MENINA ANJO,T26,Tropical 2026,5,5525
16906,MENINA ANJO,V26,Verão 2026,3,34542
16906,VALENT,I26,Inverno 2026,4,15093
16906,VALENT,T26,Tropical 2026,5,17348
16906,VALENT,V26,Verão 2026,3,69697
16919,KIKI,I25,Inverno 2025,1,20736
16919,KIKI,T25,Tropical 2025,2,4594
16919,MENINA ANJO,I25,Inverno 2025,1,30
16919,MENINA ANJO,T25,Tropical 2025,2,2041
16927,KIKI,I26,Inverno 2026,4,6216
16927,VALENT,I26,Inverno 2026,4,1116300
16940,KIKI,I25,Inverno 2025,1,10078
16940,KIKI,V26,Verão 2026,3,788808
16943,KIKI,I26,Inverno 2026,4,4252
16943,KIKI,V26,Verão 2026,3,7654
16943,KIKI,V27,Verão 2027,6,160998
16943,VALENT,I26,Inverno 2026,4,3485
16943,VALENT,V26,Verão 2026,3,2892
16943,VALENT,V27,Verão 2027,6,6849
16948,KIKI,V26,Verão 2026,3,6318
16950,KIKI,V26,Verão 2026,3,8019
16950,VALENT,V26,Verão 2026,3,12493
16958,KIKI,V26,Verão 2026,3,16986
16958,MENINA ANJO,V26,Verão 2026,3,20156
16964,KIKI,I26,Inverno 2026,4,6680
16964,KIKI,V26,Verão 2026,3,118566
16964,KIKI,V27,Verão 2027,6,720794
16964,MENINA ANJO,V26,Verão 2026,3,43283
16964,VALENT,I26,Inverno 2026,4,1640100
16964,VALENT,V26,Verão 2026,3,5
16964,VALENT,V27,Verão 2027,6,3303
16983,KIKI,V26,Verão 2026,3,575280
16994,KIKI,I25,Inverno 2025,1,6491
16994,KIKI,T25,Tropical 2025,2,1568
16994,KIKI,V26,Verão 2026,3,4975
16994,MENINA ANJO,I25,Inverno 2025,1,2801
17004,KIKI,I26,Inverno 2026,4,3
17004,KIKI,V26,Verão 2026,3,2
17007,KIKI,I25,Inverno 2025,1,7981
17007,KIKI,I26,Inverno 2026,4,267118
17007,KIKI,T25,Tropical 2025,2,1472
17007,KIKI,T26,Tropical 2026,5,808
17007,KIKI,V26,Verão 2026,3,17488
17007,KIKI,V27,Verão 2027,6,605789
17007,MENINA ANJO,I25,Inverno 2025,1,10871
17007,MENINA ANJO,I26,Inverno 2026,4,5636
17007,MENINA ANJO,T25,Tropical 2025,2,2356
17007,MENINA ANJO,V27,Verão 2027,6,34402
17013,KIKI,I26,Inverno 2026,4,7688
17013,KIKI,V26,Verão 2026,3,14186
17013,KIKI,V27,Verão 2027,6,1252506
17013,MENINA ANJO,V26,Verão 2026,3,22628
17016,KIKI,I26,Inverno 2026,4,27439
17016,KIKI,T26,Tropical 2026,5,12244
17016,KIKI,V26,Verão 2026,3,17964
17016,MENINA ANJO,I26,Inverno 2026,4,2383
17016,MENINA ANJO,V26,Verão 2026,3,17881
17016,VALENT,T26,Tropical 2026,5,2383
17020,KIKI,V26,Verão 2026,3,19834
17020,MENINA ANJO,V26,Verão 2026,3,14094
17020,VALENT,V26,Verão 2026,3,735600
17028,KIKI,I26,Inverno 2026,4,5553
17028,KIKI,V26,Verão 2026,3,82458
17029,KIKI,I26,Inverno 2026,4,22504
17029,KIKI,V26,Verão 2026,3,57817
17029,KIKI,V27,Verão 2027,6,70414
17029,MENINA ANJO,I26,Inverno 2026,4,19124
17029,MENINA ANJO,V26,Verão 2026,3,12474
17029,MENINA ANJO,V27,Verão 2027,6,11232
17032,KIKI,V26,Verão 2026,3,10962
17032,MENINA ANJO,V26,Verão 2026,3,3395
17032,VALENT,V26,Verão 2026,3,4648
17033,KIKI,V26,Verão 2026,3,25395
17041,KIKI,I26,Inverno 2026,4,17018
17041,KIKI,V26,Verão 2026,3,32728
17041,KIKI,V27,Verão 2027,6,539333
17041,MENINA ANJO,V27,Verão 2027,6,2590
17041,VALENT,I26,Inverno 2026,4,387675
17041,VALENT,V26,Verão 2026,3,4936
17043,KIKI,V26,Verão 2026,3,27969
17044,KIKI,I26,Inverno 2026,4,15232
17044,KIKI,V26,Verão 2026,3,12053
17044,MENINA ANJO,I26,Inverno 2026,4,6056
17045,KIKI,I26,Inverno 2026,4,524119
17045,KIKI,V26,Verão 2026,3,31669
17045,MENINA ANJO,I26,Inverno 2026,4,10
17045,MENINA ANJO,V26,Verão 2026,3,38433
17046,KIKI,V26,Verão 2026,3,19726
17046,VALENT,I26,Inverno 2026,4,1
17046,VALENT,V26,Verão 2026,3,4583
17047,KIKI,I26,Inverno 2026,4,278844
17047,KIKI,V26,Verão 2026,3,11122
17048,KIKI,V26,Verão 2026,3,22370
17048,VALENT,V26,Verão 2026,3,16075
17051,KIKI,V26,Verão 2026,3,3573
17051,VALENT,V26,Verão 2026,3,737383
17052,KIKI,V26,Verão 2026,3,19074
17052,MENINA ANJO,V26,Verão 2026,3,16180
17052,VALENT,V26,Verão 2026,3,3239
17053,KIKI,I26,Inverno 2026,4,16270
17053,KIKI,V26,Verão 2026,3,4047596
17053,KIKI,V27,Verão 2027,6,533762
17053,VALENT,V26,Verão 2026,3,260345
17053,VALENT,V27,Verão 2027,6,5618
17054,KIKI,I26,Inverno 2026,4,25111
17054,KIKI,T26,Tropical 2026,5,1906
17054,KIKI,V26,Verão 2026,3,14409
17054,MENINA ANJO,I26,Inverno 2026,4,8264
17054,VALENT,I26,Inverno 2026,4,520138
17054,VALENT,V26,Verão 2026,3,9036
17056,KIKI,V26,Verão 2026,3,25209
17058,KIKI,I26,Inverno 2026,4,3357
17058,KIKI,V26,Verão 2026,3,7956
17058,MENINA ANJO,V26,Verão 2026,3,4129
17058,MENINA ANJO,V27,Verão 2027,6,2779
17062,KIKI,V26,Verão 2026,3,271413
17062,MENINA ANJO,V26,Verão 2026,3,103908
17062,VALENT,V26,Verão 2026,3,700641
17063,KIKI,I26,Inverno 2026,4,12499
17063,KIKI,T26,Tropical 2026,5,6500
17063,KIKI,V26,Verão 2026,3,21749
17063,VALENT,V26,Verão 2026,3,2419
17064,KIKI,T26,Tropical 2026,5,3649
17065,KIKI,I26,Inverno 2026,4,23
17065,KIKI,V26,Verão 2026,3,46280
17067,KIKI,V26,Verão 2026,3,11243
17067,MENINA ANJO,V26,Verão 2026,3,2701
17067,VALENT,I26,Inverno 2026,4,2023
17067,VALENT,V26,Verão 2026,3,385900
17067,VALENT,V27,Verão 2027,6,11264
17068,KIKI,V26,Verão 2026,3,6235
17072,VALENT,V26,Verão 2026,3,3
17073,KIKI,I26,Inverno 2026,4,15246
17073,KIKI,V26,Verão 2026,3,16787
17073,KIKI,V27,Verão 2027,6,7036
17073,MENINA ANJO,I26,Inverno 2026,4,5004
17073,MENINA ANJO,V26,Verão 2026,3,5867
17073,MENINA ANJO,V27,Verão 2027,6,389590
17073,VALENT,I26,Inverno 2026,4,620373
17073,VALENT,V26,Verão 2026,3,2149
17075,KIKI,V26,Verão 2026,3,74711
17075,VALENT,V26,Verão 2026,3,39921
17076,KIKI,I26,Inverno 2026,4,8021
17076,KIKI,V26,Verão 2026,3,601122
17076,MENINA ANJO,I26,Inverno 2026,4,2846
17076,MENINA ANJO,V26,Verão 2026,3,718029
17076,VALENT,I26,Inverno 2026,4,5171
17076,VALENT,V26,Verão 2026,3,6595
17077,KIKI,V26,Verão 2026,3,13082
17077,MENINA ANJO,V26,Verão 2026,3,2636
17078,KIKI,I26,Inverno 2026,4,4383
17080,KIKI,V26,Verão 2026,3,9655
17081,KIKI,I26,Inverno 2026,4,6806
17081,KIKI,V26,Verão 2026,3,4216
17083,KIKI,V26,Verão 2026,3,4221
17083,VALENT,V26,Verão 2026,3,2204
17086,KIKI,I26,Inverno 2026,4,4
17086,KIKI,V26,Verão 2026,3,266080
17086,VALENT,I26,Inverno 2026,4,5
17087,VALENT,V26,Verão 2026,3,15264
17089,KIKI,V26,Verão 2026,3,2072
17089,MENINA ANJO,V26,Verão 2026,3,5098
17090,KIKI,I26,Inverno 2026,4,9382
17090,KIKI,V26,Verão 2026,3,12777
17090,KIKI,V27,Verão 2027,6,543610
17090,MENINA ANJO,I26,Inverno 2026,4,4774
17090,VALENT,V26,Verão 2026,3,4459
17090,VALENT,V27,Verão 2027,6,1586
17091,KIKI,V26,Verão 2026,3,10096
17097,KIKI,V26,Verão 2026,3,63513
17097,MENINA ANJO,V26,Verão 2026,3,2065
17098,KIKI,V26,Verão 2026,3,3
17104,KIKI,V26,Verão 2026,3,66117
17104,MENINA ANJO,V26,Verão 2026,3,19188
17104,VALENT,V26,Verão 2026,3,29426
17106,KIKI,I26,Inverno 2026,4,6433
17106,KIKI,V26,Verão 2026,3,13536
17106,KIKI,V27,Verão 2027,6,33941
17106,MENINA ANJO,V26,Verão 2026,3,2675
17107,KIKI,I26,Inverno 2026,4,30170
17107,KIKI,V26,Verão 2026,3,31511
17107,KIKI,V27,Verão 2027,6,67646
17107,MENINA ANJO,V26,Verão 2026,3,9549
17108,KIKI,I26,Inverno 2026,4,4050
17108,KIKI,V26,Verão 2026,3,212134
17108,KIKI,V27,Verão 2027,6,9702
17108,VALENT,V26,Verão 2026,3,14538
17108,VALENT,V27,Verão 2027,6,1586
17112,KIKI,I25,Inverno 2025,1,23263
17112,MENINA ANJO,I25,Inverno 2025,1,5993
17112,MENINA ANJO,T25,Tropical 2025,2,2837
17113,KIKI,I25,Inverno 2025,1,4964
17113,KIKI,I26,Inverno 2026,4,6784
17113,KIKI,V26,Verão 2026,3,10680
17113,KIKI,V27,Verão 2027,6,13648
17113,MENINA ANJO,I25,Inverno 2025,1,884
17113,MENINA ANJO,V26,Verão 2026,3,1955
17113,MENINA ANJO,V27,Verão 2027,6,6674
17113,VALENT,I26,Inverno 2026,4,4456
17113,VALENT,V26,Verão 2026,3,8154
17113,VALENT,V27,Verão 2027,6,6613
17114,KIKI,V26,Verão 2026,3,55549
17115,KIKI,V26,Verão 2026,3,41
17118,KIKI,I26,Inverno 2026,4,2890
17118,KIKI,V26,Verão 2026,3,543107
17118,KIKI,V27,Verão 2027,6,3791
17118,MENINA ANJO,V26,Verão 2026,3,26545
17118,VALENT,I26,Inverno 2026,4,1679288
17118,VALENT,V26,Verão 2026,3,28064
17118,VALENT,V27,Verão 2027,6,6177
17120,KIKI,I26,Inverno 2026,4,8484
17120,KIKI,V26,Verão 2026,3,5312
17120,VALENT,I26,Inverno 2026,4,744674
17120,VALENT,V26,Verão 2026,3,6157
17121,KIKI,V26,Verão 2026,3,33152
17122,KIKI,V26,Verão 2026,3,12157
17124,KIKI,I26,Inverno 2026,4,10350
17124,KIKI,V26,Verão 2026,3,1148342
17124,KIKI,V27,Verão 2027,6,17863
17124,MENINA ANJO,I26,Inverno 2026,4,6224
17124,MENINA ANJO,V26,Verão 2026,3,263921
17124,MENINA ANJO,V27,Verão 2027,6,13190
17124,VALENT,I26,Inverno 2026,4,2216
17124,VALENT,V26,Verão 2026,3,751733
17124,VALENT,V27,Verão 2027,6,9817
17125,KIKI,I26,Inverno 2026,4,1501
17125,KIKI,V26,Verão 2026,3,2108
17125,KIKI,V27,Verão 2027,6,2513
17125,MENINA ANJO,V27,Verão 2027,6,515400
17127,KIKI,I26,Inverno 2026,4,91
17127,KIKI,V26,Verão 2026,3,4922639
17127,MENINA ANJO,I26,Inverno 2026,4,46
17127,MENINA ANJO,V26,Verão 2026,3,40
17132,KIKI,V26,Verão 2026,3,3560
17133,KIKI,V26,Verão 2026,3,17836
17133,KIKI,V27,Verão 2027,6,8226
17133,VALENT,V26,Verão 2026,3,735605
17133,VALENT,V27,Verão 2027,6,4961
17135,KIKI,V26,Verão 2026,3,164707
17135,MENINA ANJO,V26,Verão 2026,3,23831
17140,KIKI,I26,Inverno 2026,4,2675
17140,KIKI,V26,Verão 2026,3,14785
17141,KIKI,I26,Inverno 2026,4,4749
17141,KIKI,V26,Verão 2026,3,14888
17141,KIKI,V27,Verão 2027,6,7173
17141,MENINA ANJO,I26,Inverno 2026,4,8186
17146,KIKI,V26,Verão 2026,3,24118
17149,KIKI,V26,Verão 2026,3,23707
17149,MENINA ANJO,V26,Verão 2026,3,10614
17150,KIKI,I26,Inverno 2026,4,3636
17150,KIKI,T26,Tropical 2026,5,12821
17150,KIKI,V26,Verão 2026,3,19382
17150,MENINA ANJO,I26,Inverno 2026,4,281441
17150,MENINA ANJO,T26,Tropical 2026,5,4372
17150,MENINA ANJO,V26,Verão 2026,3,10921
17152,MENINA ANJO,V26,Verão 2026,3,2855
17154,KIKI,I25,Inverno 2025,1,35438
17154,MENINA ANJO,I25,Inverno 2025,1,14198
17155,KIKI,I26,Inverno 2026,4,15499
17155,KIKI,V26,Verão 2026,3,32616
17155,MENINA ANJO,I26,Inverno 2026,4,17301
17156,KIKI,V27,Verão 2027,6,406244
17156,MENINA ANJO,V26,Verão 2026,3,6552
17156,MENINA ANJO,V27,Verão 2027,6,15862
17156,VALENT,V26,Verão 2026,3,530356
17156,VALENT,V27,Verão 2027,6,5915
17157,KIKI,I26,Inverno 2026,4,11833
17157,KIKI,V26,Verão 2026,3,20765
17160,KIKI,V26,Verão 2026,3,10260
17165,KIKI,I26,Inverno 2026,4,531109
17165,KIKI,V26,Verão 2026,3,13617
17166,KIKI,V26,Verão 2026,3,6397
17167,KIKI,V26,Verão 2026,3,2108
17167,MENINA ANJO,V26,Verão 2026,3,2855
17168,KIKI,I26,Inverno 2026,4,2549
17168,KIKI,V26,Verão 2026,3,22728
17168,MENINA ANJO,V26,Verão 2026,3,979
17168,VALENT,I26,Inverno 2026,4,664104
17168,VALENT,V26,Verão 2026,3,15522
17169,KIKI,V26,Verão 2026,3,40576
17169,KIKI,V27,Verão 2027,6,2539808
17172,KIKI,I26,Inverno 2026,4,3626
17172,KIKI,V26,Verão 2026,3,7789
17172,MENINA ANJO,V26,Verão 2026,3,7166
17176,KIKI,V26,Verão 2026,3,18757
17176,MENINA ANJO,V26,Verão 2026,3,11332
17177,KIKI,V26,Verão 2026,3,24165
17177,MENINA ANJO,V26,Verão 2026,3,2566
17178,KIKI,I26,Inverno 2026,4,2529
17178,KIKI,V26,Verão 2026,3,12851
17178,MENINA ANJO,I26,Inverno 2026,4,1618
17180,KIKI,V26,Verão 2026,3,704
17181,KIKI,V26,Verão 2026,3,11
17183,KIKI,V26,Verão 2026,3,2239
17184,KIKI,I26,Inverno 2026,4,41168
17184,KIKI,V26,Verão 2026,3,5090
17184,MENINA ANJO,I26,Inverno 2026,4,2698
17184,VALENT,V26,Verão 2026,3,24084
17185,KIKI,I26,Inverno 2026,4,25945
17185,KIKI,V26,Verão 2026,3,6581
17185,KIKI,V27,Verão 2027,6,2190
17185,MENINA ANJO,I26,Inverno 2026,4,569355
17185,MENINA ANJO,V26,Verão 2026,3,25648
17185,VALENT,V27,Verão 2027,6,6
17186,KIKI,I26,Inverno 2026,4,25945
17186,KIKI,V26,Verão 2026,3,5116
17186,KIKI,V27,Verão 2027,6,6
17186,MENINA ANJO,I26,Inverno 2026,4,569355
17187,KIKI,I26,Inverno 2026,4,11612
17187,MENINA ANJO,I26,Inverno 2026,4,21473
17187,VALENT,I26,Inverno 2026,4,30841
17193,KIKI,I26,Inverno 2026,4,3
17193,VALENT,I26,Inverno 2026,4,284480
17195,KIKI,V26,Verão 2026,3,31428
17195,MENINA ANJO,V26,Verão 2026,3,14711
17196,KIKI,I25,Inverno 2025,1,2819
17196,KIKI,T25,Tropical 2025,2,4203
17196,MENINA ANJO,I25,Inverno 2025,1,3144
17201,KIKI,I26,Inverno 2026,4,2176
17202,MENINA ANJO,V27,Verão 2027,6,413073
17202,VALENT,V27,Verão 2027,6,1654
17203,KIKI,V26,Verão 2026,3,69146
17203,VALENT,V26,Verão 2026,3,21720
17205,KIKI,T26,Tropical 2026,5,5
17205,KIKI,V26,Verão 2026,3,14681
17205,VALENT,V26,Verão 2026,3,8786
17206,KIKI,I26,Inverno 2026,4,11543
17206,KIKI,V26,Verão 2026,3,4136
17206,KIKI,V27,Verão 2027,6,29149
17206,MENINA ANJO,I26,Inverno 2026,4,8
17206,MENINA ANJO,V26,Verão 2026,3,4894
17206,MENINA ANJO,V27,Verão 2027,6,2270
17206,VALENT,V27,Verão 2027,6,5753
17208,KIKI,V26,Verão 2026,3,4941
17208,KIKI,V27,Verão 2027,6,7090
17208,MENINA ANJO,I26,Inverno 2026,4,6480
17208,MENINA ANJO,V26,Verão 2026,3,5139
17208,MENINA ANJO,V27,Verão 2027,6,2396
17209,KIKI,I26,Inverno 2026,4,2549
17209,KIKI,T26,Tropical 2026,5,5
17209,KIKI,V26,Verão 2026,3,6109
17211,KIKI,I26,Inverno 2026,4,18533
17211,KIKI,T26,Tropical 2026,5,4581
17211,KIKI,V26,Verão 2026,3,2072
17211,MENINA ANJO,I26,Inverno 2026,4,2846
17211,VALENT,V26,Verão 2026,3,1704
17212,KIKI,V26,Verão 2026,3,8878
17212,MENINA ANJO,V26,Verão 2026,3,2347
17213,KIKI,V26,Verão 2026,3,15916
17213,MENINA ANJO,V26,Verão 2026,3,7675
17213,VALENT,V26,Verão 2026,3,2419
17214,KIKI,V26,Verão 2026,3,23069
17216,KIKI,T26,Tropical 2026,5,9389
17216,KIKI,V26,Verão 2026,3,20520
17216,KIKI,V27,Verão 2027,6,1289592
17216,MENINA ANJO,V26,Verão 2026,3,2473
17216,MENINA ANJO,V27,Verão 2027,6,10066
17216,VALENT,V26,Verão 2026,3,2969
17216,VALENT,V27,Verão 2027,6,5078
17220,KIKI,V26,Verão 2026,3,5989
17220,KIKI,V27,Verão 2027,6,8
17221,KIKI,I26,Inverno 2026,4,678376
17221,KIKI,T26,Tropical 2026,5,33974
17221,KIKI,V26,Verão 2026,3,92221
17221,KIKI,V27,Verão 2027,6,2038876
17221,MENINA ANJO,I26,Inverno 2026,4,27831
17221,MENINA ANJO,T26,Tropical 2026,5,17387
17221,MENINA ANJO,V26,Verão 2026,3,33676
17221,MENINA ANJO,V27,Verão 2027,6,614475
17221,VALENT,I26,Inverno 2026,4,4238
17221,VALENT,T26,Tropical 2026,5,24485
17221,VALENT,V26,Verão 2026,3,18968
17221,VALENT,V27,Verão 2027,6,49197
17222,KIKI,V26,Verão 2026,3,513280
17223,KIKI,I26,Inverno 2026,4,3760
17223,KIKI,V26,Verão 2026,3,1357
17224,KIKI,I26,Inverno 2026,4,6307
17224,KIKI,V26,Verão 2026,3,1357
17227,KIKI,V26,Verão 2026,3,6442
17228,KIKI,V26,Verão 2026,3,52188
17228,MENINA ANJO,V26,Verão 2026,3,22257
17228,VALENT,V26,Verão 2026,3,482080
17230,KIKI,I26,Inverno 2026,4,29216
17230,KIKI,V26,Verão 2026,3,20127
17230,MENINA ANJO,I26,Inverno 2026,4,5980
17230,MENINA ANJO,V26,Verão 2026,3,10929
17230,VALENT,V26,Verão 2026,3,7216
17233,KIKI,I26,Inverno 2026,4,2549
17233,KIKI,V26,Verão 2026,3,31802
17233,MENINA ANJO,V26,Verão 2026,3,10076
17233,VALENT,V26,Verão 2026,3,2158
17234,KIKI,V26,Verão 2026,3,17653
17234,KIKI,V27,Verão 2027,6,415649
17234,MENINA ANJO,V26,Verão 2026,3,43233
17234,MENINA ANJO,V27,Verão 2027,6,386550
17235,KIKI,V26,Verão 2026,3,15657
17235,MENINA ANJO,V26,Verão 2026,3,6857
17235,VALENT,V26,Verão 2026,3,17876
17237,KIKI,I26,Inverno 2026,4,1501
17237,KIKI,T26,Tropical 2026,5,3352
17237,KIKI,V26,Verão 2026,3,9446
17237,MENINA ANJO,V26,Verão 2026,3,8237
17238,KIKI,I26,Inverno 2026,4,3830
17238,KIKI,V27,Verão 2027,6,2540
17238,VALENT,V26,Verão 2026,3,4
17238,VALENT,V27,Verão 2027,6,1379
17239,KIKI,V26,Verão 2026,3,3159
17242,KIKI,V26,Verão 2026,3,21434
17244,KIKI,V26,Verão 2026,3,5996
17244,KIKI,V27,Verão 2027,6,14468
17244,MENINA ANJO,V26,Verão 2026,3,6440
17244,MENINA ANJO,V27,Verão 2027,6,5962
17244,VALENT,I26,Inverno 2026,4,3431
17244,VALENT,V27,Verão 2027,6,1654
17245,KIKI,I26,Inverno 2026,4,141839
17245,KIKI,V26,Verão 2026,3,2279
17245,MENINA ANJO,I26,Inverno 2026,4,3779
17245,VALENT,I26,Inverno 2026,4,23327
17251,KIKI,I26,Inverno 2026,4,261300
17251,KIKI,V26,Verão 2026,3,3742
17251,MENINA ANJO,V26,Verão 2026,3,2936
17252,KIKI,I26,Inverno 2026,4,54756
17252,KIKI,T26,Tropical 2026,5,2701
17252,KIKI,V26,Verão 2026,3,49061
17252,MENINA ANJO,I26,Inverno 2026,4,2834
17252,MENINA ANJO,V26,Verão 2026,3,8953
17252,VALENT,V26,Verão 2026,3,39288
17253,KIKI,I26,Inverno 2026,4,18610
17253,VALENT,I26,Inverno 2026,4,873900
17255,KIKI,I26,Inverno 2026,4,8856
17255,KIKI,V26,Verão 2026,3,10616
17256,KIKI,I26,Inverno 2026,4,5761
17256,KIKI,V26,Verão 2026,3,8314
17256,MENINA ANJO,I26,Inverno 2026,4,2383
17256,MENINA ANJO,V26,Verão 2026,3,2486
17261,KIKI,V26,Verão 2026,3,4478
17261,MENINA ANJO,V26,Verão 2026,3,2675
17265,KIKI,V26,Verão 2026,3,4712
17266,KIKI,I26,Inverno 2026,4,395161
17266,KIKI,V26,Verão 2026,3,25242
17266,MENINA ANJO,I26,Inverno 2026,4,14029
17266,MENINA ANJO,V26,Verão 2026,3,850129
17266,VALENT,V26,Verão 2026,3,6264
17268,KIKI,I26,Inverno 2026,4,17030
17268,KIKI,V26,Verão 2026,3,27287
17268,KIKI,V27,Verão 2027,6,663588
17268,MENINA ANJO,V27,Verão 2027,6,10242
17269,KIKI,V26,Verão 2026,3,86213
17269,MENINA ANJO,V26,Verão 2026,3,16391
17270,KIKI,I26,Inverno 2026,4,15652
17270,KIKI,V26,Verão 2026,3,24
17270,MENINA ANJO,I26,Inverno 2026,4,15
17270,MENINA ANJO,V26,Verão 2026,3,13
17271,KIKI,I26,Inverno 2026,4,41751
17271,KIKI,V26,Verão 2026,3,5677
17272,KIKI,V26,Verão 2026,3,54318
17272,KIKI,V27,Verão 2027,6,297930
17272,MENINA ANJO,V26,Verão 2026,3,21707
17272,MENINA ANJO,V27,Verão 2027,6,1562000
17272,VALENT,V26,Verão 2026,3,29773
17276,KIKI,I26,Inverno 2026,4,715072
17276,KIKI,T26,Tropical 2026,5,50679
17276,KIKI,V26,Verão 2026,3,141227
17276,MENINA ANJO,I26,Inverno 2026,4,568906
17276,MENINA ANJO,T26,Tropical 2026,5,7501
17276,MENINA ANJO,V26,Verão 2026,3,14790
17276,VALENT,I26,Inverno 2026,4,1959987
17276,VALENT,T26,Tropical 2026,5,25105
17276,VALENT,V26,Verão 2026,3,571934
17278,KIKI,I26,Inverno 2026,4,2549
17278,KIKI,V26,Verão 2026,3,40
17278,KIKI,V27,Verão 2027,6,7
17278,MENINA ANJO,V26,Verão 2026,3,7
17278,MENINA ANJO,V27,Verão 2027,6,16
17278,VALENT,V27,Verão 2027,6,12
17284,KIKI,V26,Verão 2026,3,1816
17286,KIKI,V26,Verão 2026,3,15237
17286,MENINA ANJO,V26,Verão 2026,3,11448
17286,VALENT,V26,Verão 2026,3,2131
17287,MENINA ANJO,V26,Verão 2026,3,34773
17288,KIKI,V26,Verão 2026,3,29164
17288,MENINA ANJO,V26,Verão 2026,3,2536
17291,KIKI,I26,Inverno 2026,4,30153
17291,KIKI,V26,Verão 2026,3,10102
17293,KIKI,T26,Tropical 2026,5,6520
17293,KIKI,V26,Verão 2026,3,8582
17294,KIKI,V26,Verão 2026,3,6030
17295,KIKI,I26,Inverno 2026,4,449927
17295,KIKI,T26,Tropical 2026,5,11524
17295,KIKI,V26,Verão 2026,3,12218
17295,MENINA ANJO,I26,Inverno 2026,4,2834
17295,MENINA ANJO,T26,Tropical 2026,5,7610
17295,MENINA ANJO,V26,Verão 2026,3,2270
17295,VALENT,T26,Tropical 2026,5,16689
17295,VALENT,V26,Verão 2026,3,10220
17297,KIKI,I26,Inverno 2026,4,625915
17297,KIKI,V26,Verão 2026,3,44408
17297,MENINA ANJO,I26,Inverno 2026,4,10221
17297,MENINA ANJO,V26,Verão 2026,3,10940
17297,VALENT,I26,Inverno 2026,4,16761
17297,VALENT,V26,Verão 2026,3,26042
17298,KIKI,V26,Verão 2026,3,2243
17301,MENINA ANJO,V26,Verão 2026,3,2626
17301,VALENT,V26,Verão 2026,3,2238
17309,KIKI,V26,Verão 2026,3,4252
17309,MENINA ANJO,V26,Verão 2026,3,9882
17309,VALENT,V26,Verão 2026,3,2563
17310,KIKI,V26,Verão 2026,3,8748
17310,KIKI,V27,Verão 2027,6,2
17310,MENINA ANJO,V26,Verão 2026,3,4280
17310,VALENT,V26,Verão 2026,3,817
17312,KIKI,I26,Inverno 2026,4,5306
17312,KIKI,V26,Verão 2026,3,13301
17312,KIKI,V27,Verão 2027,6,12503
17312,MENINA ANJO,I26,Inverno 2026,4,14146
17312,MENINA ANJO,V26,Verão 2026,3,5211
17312,MENINA ANJO,V27,Verão 2027,6,15921
17312,VALENT,I26,Inverno 2026,4,1388
17312,VALENT,V27,Verão 2027,6,4087
17318,KIKI,I26,Inverno 2026,4,3211
17318,KIKI,V26,Verão 2026,3,40188
17318,MENINA ANJO,V26,Verão 2026,3,22560
17319,KIKI,I26,Inverno 2026,4,612686
17319,KIKI,V26,Verão 2026,3,56591
17319,MENINA ANJO,I26,Inverno 2026,4,537740
17323,KIKI,I26,Inverno 2026,4,5
17324,KIKI,V26,Verão 2026,3,4676
17324,MENINA ANJO,V26,Verão 2026,3,2536
17325,KIKI,I26,Inverno 2026,4,25621
17325,MENINA ANJO,I26,Inverno 2026,4,12791
17325,MENINA ANJO,V26,Verão 2026,3,5094
17328,KIKI,V26,Verão 2026,3,912400
17328,KIKI,V27,Verão 2027,6,518724
17328,VALENT,V26,Verão 2026,3,3
17328,VALENT,V27,Verão 2027,6,2
17329,KIKI,V26,Verão 2026,3,21929
17329,MENINA ANJO,V26,Verão 2026,3,7338
17329,VALENT,V26,Verão 2026,3,10657
17334,KIKI,V26,Verão 2026,3,70
17334,VALENT,V26,Verão 2026,3,13
17335,KIKI,V26,Verão 2026,3,11614
17336,KIKI,V26,Verão 2026,3,153440
17336,MENINA ANJO,V26,Verão 2026,3,44354
17337,KIKI,V26,Verão 2026,3,120412
17337,VALENT,V26,Verão 2026,3,435892
17344,KIKI,V26,Verão 2026,3,1
17344,VALENT,V26,Verão 2026,3,1
17350,KIKI,V26,Verão 2026,3,3573
17350,VALENT,V26,Verão 2026,3,929
17351,KIKI,V26,Verão 2026,3,137991
17351,MENINA ANJO,V26,Verão 2026,3,18847
17354,KIKI,I26,Inverno 2026,4,710845
17354,KIKI,T26,Tropical 2026,5,22100
17354,KIKI,V26,Verão 2026,3,127105
17354,KIKI,V27,Verão 2027,6,473
17354,MENINA ANJO,I26,Inverno 2026,4,18765
17354,MENINA ANJO,V26,Verão 2026,3,32319
17354,MENINA ANJO,V27,Verão 2027,6,409
17354,VALENT,I26,Inverno 2026,4,1801815
17354,VALENT,T26,Tropical 2026,5,23183
17354,VALENT,V26,Verão 2026,3,37832
17358,KIKI,V26,Verão 2026,3,6473
17359,KIKI,V26,Verão 2026,3,6459
17360,KIKI,V26,Verão 2026,3,6001
17360,MENINA ANJO,V26,Verão 2026,3,10948
17361,KIKI,I26,Inverno 2026,4,850
17361,KIKI,T26,Tropical 2026,5,3168
17361,KIKI,V26,Verão 2026,3,12
17361,KIKI,V27,Verão 2027,6,543720
17361,VALENT,V26,Verão 2026,3,3296
17361,VALENT,V27,Verão 2027,6,6610
17363,KIKI,V26,Verão 2026,3,165100
17363,MENINA ANJO,V26,Verão 2026,3,21791
17366,KIKI,I26,Inverno 2026,4,1886
17366,KIKI,V26,Verão 2026,3,8932
17366,MENINA ANJO,I26,Inverno 2026,4,949
17366,MENINA ANJO,V26,Verão 2026,3,3615
17366,VALENT,V26,Verão 2026,3,3038
17370,KIKI,V26,Verão 2026,3,177999
17370,MENINA ANJO,V26,Verão 2026,3,69944
17371,KIKI,I26,Inverno 2026,4,20945
17371,KIKI,T26,Tropical 2026,5,8746
17371,KIKI,V26,Verão 2026,3,5090
17371,MENINA ANJO,I26,Inverno 2026,4,2846
17372,MENINA ANJO,V26,Verão 2026,3,72044
17375,KIKI,V26,Verão 2026,3,70387
17375,VALENT,V26,Verão 2026,3,585728
17376,KIKI,V26,Verão 2026,3,7234
17376,MENINA ANJO,V26,Verão 2026,3,6019
17377,KIKI,V26,Verão 2026,3,532162
17378,KIKI,V26,Verão 2026,3,13120
17378,MENINA ANJO,V26,Verão 2026,3,5139
17381,KIKI,V26,Verão 2026,3,12
17386,KIKI,I26,Inverno 2026,4,13052
17386,KIKI,V26,Verão 2026,3,4558
17386,MENINA ANJO,V26,Verão 2026,3,2563
17390,KIKI,V26,Verão 2026,3,6997
17390,MENINA ANJO,V26,Verão 2026,3,9385
17391,KIKI,I26,Inverno 2026,4,659401
17391,KIKI,V26,Verão 2026,3,7947
17391,VALENT,I26,Inverno 2026,4,1029558
17391,VALENT,V26,Verão 2026,3,5
17395,KIKI,V26,Verão 2026,3,4232
17395,VALENT,V26,Verão 2026,3,3014
17398,KIKI,V26,Verão 2026,3,8235
17398,MENINA ANJO,V26,Verão 2026,3,2675
17399,KIKI,V26,Verão 2026,3,8667
17400,KIKI,V26,Verão 2026,3,55947
17400,MENINA ANJO,V26,Verão 2026,3,31993
17400,VALENT,V26,Verão 2026,3,8677
17401,KIKI,I26,Inverno 2026,4,121646
17401,KIKI,T26,Tropical 2026,5,17811
17401,KIKI,V26,Verão 2026,3,121175
17401,KIKI,V27,Verão 2027,6,493091
17401,VALENT,I26,Inverno 2026,4,2554737
17401,VALENT,T26,Tropical 2026,5,18250
17401,VALENT,V26,Verão 2026,3,1191785
17401,VALENT,V27,Verão 2027,6,37126
17402,KIKI,I26,Inverno 2026,4,706518
17402,KIKI,T26,Tropical 2026,5,12315
17402,KIKI,V26,Verão 2026,3,47592
17402,KIKI,V27,Verão 2027,6,77357
17402,MENINA ANJO,I26,Inverno 2026,4,695887
17402,MENINA ANJO,T26,Tropical 2026,5,5697
17402,MENINA ANJO,V26,Verão 2026,3,16119
17402,MENINA ANJO,V27,Verão 2027,6,450601
17402,VALENT,I26,Inverno 2026,4,926361
17402,VALENT,V26,Verão 2026,3,12128
17402,VALENT,V27,Verão 2027,6,31251
17407,MENINA ANJO,V26,Verão 2026,3,2486
17410,KIKI,V26,Verão 2026,3,938
17410,MENINA ANJO,V26,Verão 2026,3,2270
17410,VALENT,V26,Verão 2026,3,7688
17411,KIKI,V26,Verão 2026,3,9014
17411,VALENT,V26,Verão 2026,3,5
17412,KIKI,V26,Verão 2026,3,94881
17412,KIKI,V27,Verão 2027,6,209667
17412,MENINA ANJO,V26,Verão 2026,3,31953
17412,MENINA ANJO,V27,Verão 2027,6,455829
17412,VALENT,V26,Verão 2026,3,26350
17419,KIKI,V26,Verão 2026,3,13838
17419,MENINA ANJO,V26,Verão 2026,3,17800
17421,KIKI,I26,Inverno 2026,4,7265
17422,KIKI,I26,Inverno 2026,4,1088
17422,KIKI,V26,Verão 2026,3,7135
17422,MENINA ANJO,I26,Inverno 2026,4,1357
17424,MENINA ANJO,V26,Verão 2026,3,32232
17427,KIKI,V26,Verão 2026,3,140665
17427,MENINA ANJO,V26,Verão 2026,3,53496
17427,VALENT,V26,Verão 2026,3,54491
17428,KIKI,I26,Inverno 2026,4,19354
17428,KIKI,V26,Verão 2026,3,16956
17428,KIKI,V27,Verão 2027,6,2585
17428,VALENT,I26,Inverno 2026,4,3474
17429,KIKI,I26,Inverno 2026,4,462499
17429,KIKI,T26,Tropical 2026,5,12372
17429,KIKI,V26,Verão 2026,3,52311
17430,KIKI,V26,Verão 2026,3,19248
17430,MENINA ANJO,V26,Verão 2026,3,33456
17430,VALENT,V26,Verão 2026,3,14124
17432,KIKI,V26,Verão 2026,3,5116
17433,KIKI,V26,Verão 2026,3,24146
17433,VALENT,V26,Verão 2026,3,10193
17435,KIKI,V26,Verão 2026,3,24556
17436,KIKI,V26,Verão 2026,3,27732
17437,KIKI,V26,Verão 2026,3,11788
17441,KIKI,I26,Inverno 2026,4,522498
17441,KIKI,T26,Tropical 2026,5,28663
17441,KIKI,V26,Verão 2026,3,52362
17441,KIKI,V27,Verão 2027,6,391258
17441,MENINA ANJO,I26,Inverno 2026,4,419998
17441,MENINA ANJO,T26,Tropical 2026,5,2863
17441,MENINA ANJO,V26,Verão 2026,3,6653
17441,VALENT,I26,Inverno 2026,4,61698
17441,VALENT,V26,Verão 2026,3,1010
17441,VALENT,V27,Verão 2027,6,65041
17443,KIKI,V26,Verão 2026,3,44693
17443,MENINA ANJO,V26,Verão 2026,3,7951
17446,KIKI,V27,Verão 2027,6,9891
17452,KIKI,V26,Verão 2026,3,27684
17452,MENINA ANJO,V26,Verão 2026,3,11918
17453,KIKI,V26,Verão 2026,3,7816
17456,KIKI,I26,Inverno 2026,4,555518
17456,KIKI,V26,Verão 2026,3,133320
17456,MENINA ANJO,I26,Inverno 2026,4,1521673
17456,MENINA ANJO,V26,Verão 2026,3,29266
17456,VALENT,I26,Inverno 2026,4,1107979
17456,VALENT,T26,Tropical 2026,5,8651
17456,VALENT,V26,Verão 2026,3,484376
17457,KIKI,I26,Inverno 2026,4,654399
17457,KIKI,V26,Verão 2026,3,17145
17457,MENINA ANJO,I26,Inverno 2026,4,8275
17457,MENINA ANJO,V26,Verão 2026,3,4558
17457,VALENT,I26,Inverno 2026,4,592484
17457,VALENT,V26,Verão 2026,3,5414
17459,KIKI,I26,Inverno 2026,4,25449
17459,KIKI,V26,Verão 2026,3,24721
17459,KIKI,V27,Verão 2027,6,546661
17459,MENINA ANJO,I26,Inverno 2026,4,11225
17459,MENINA ANJO,V26,Verão 2026,3,16681
17459,MENINA ANJO,V27,Verão 2027,6,4833
17464,KIKI,I26,Inverno 2026,4,1
17464,VALENT,I26,Inverno 2026,4,155600
17476,KIKI,V26,Verão 2026,3,5726
17477,KIKI,I26,Inverno 2026,4,1071669
17477,KIKI,V26,Verão 2026,3,3924
17477,VALENT,I26,Inverno 2026,4,1123200
17479,KIKI,V26,Verão 2026,3,16219
17479,MENINA ANJO,V26,Verão 2026,3,4799
17479,VALENT,V26,Verão 2026,3,5627
17486,KIKI,V26,Verão 2026,3,14
17487,KIKI,V27,Verão 2027,6,13964
17487,MENINA ANJO,V27,Verão 2027,6,11318
17487,VALENT,V27,Verão 2027,6,4525
17488,KIKI,I26,Inverno 2026,4,3503
17488,KIKI,V26,Verão 2026,3,4178
17488,MENINA ANJO,V26,Verão 2026,3,8
17489,KIKI,V26,Verão 2026,3,4172
17491,KIKI,V26,Verão 2026,3,6
17495,KIKI,V26,Verão 2026,3,19946
17498,KIKI,V26,Verão 2026,3,8906
17498,MENINA ANJO,V26,Verão 2026,3,6056
17499,KIKI,I26,Inverno 2026,4,7459
17499,KIKI,V26,Verão 2026,3,3256
17499,KIKI,V27,Verão 2027,6,6752
17499,MENINA ANJO,V27,Verão 2027,6,10768
17499,VALENT,V27,Verão 2027,6,27422
17500,KIKI,I26,Inverno 2026,4,529634
17500,KIKI,V26,Verão 2026,3,9
17500,KIKI,V27,Verão 2027,6,41659
17500,MENINA ANJO,V27,Verão 2027,6,8948
17500,VALENT,V27,Verão 2027,6,1586
17501,KIKI,I26,Inverno 2026,4,130759
17501,KIKI,V26,Verão 2026,3,54282
17501,KIKI,V27,Verão 2027,6,649203
17501,MENINA ANJO,I26,Inverno 2026,4,152094
17501,MENINA ANJO,V26,Verão 2026,3,23180
17501,MENINA ANJO,V27,Verão 2027,6,15492
17501,VALENT,I26,Inverno 2026,4,2371989
17501,VALENT,V26,Verão 2026,3,54690
17501,VALENT,V27,Verão 2027,6,102070
17502,KIKI,I26,Inverno 2026,4,109366
17502,KIKI,V26,Verão 2026,3,130433
17502,KIKI,V27,Verão 2027,6,7
17502,VALENT,I26,Inverno 2026,4,17447
17502,VALENT,V26,Verão 2026,3,11549
17503,KIKI,I26,Inverno 2026,4,88725
17503,KIKI,V26,Verão 2026,3,34982
17503,KIKI,V27,Verão 2027,6,1704546
17503,MENINA ANJO,I26,Inverno 2026,4,1102818
17503,MENINA ANJO,V26,Verão 2026,3,11122
17503,MENINA ANJO,V27,Verão 2027,6,79629
17503,VALENT,I26,Inverno 2026,4,1186665
17503,VALENT,V27,Verão 2027,6,44169
17504,KIKI,V26,Verão 2026,3,65190
17505,KIKI,V26,Verão 2026,3,4496
17506,KIKI,V26,Verão 2026,3,32549
17506,KIKI,V27,Verão 2027,6,788877
17506,MENINA ANJO,V26,Verão 2026,3,27442
17506,MENINA ANJO,V27,Verão 2027,6,773100
17506,VALENT,V26,Verão 2026,3,9282
17506,VALENT,V27,Verão 2027,6,6
17507,KIKI,V26,Verão 2026,3,14484
17507,MENINA ANJO,V26,Verão 2026,3,9238
17509,KIKI,I26,Inverno 2026,4,12121
17509,KIKI,T26,Tropical 2026,5,4594
17509,KIKI,V26,Verão 2026,3,17102
17509,MENINA ANJO,I26,Inverno 2026,4,1460
17509,MENINA ANJO,V26,Verão 2026,3,5103
17510,KIKI,V26,Verão 2026,3,77264
17510,MENINA ANJO,V26,Verão 2026,3,17699
17511,KIKI,V26,Verão 2026,3,776
17511,MENINA ANJO,V26,Verão 2026,3,14238
17512,KIKI,V26,Verão 2026,3,78182
17512,MENINA ANJO,V26,Verão 2026,3,7593
17513,KIKI,V26,Verão 2026,3,11932
17513,MENINA ANJO,V26,Verão 2026,3,10300
17514,KIKI,I26,Inverno 2026,4,272562
17514,KIKI,V27,Verão 2027,6,261581
17514,MENINA ANJO,V26,Verão 2026,3,824
17514,MENINA ANJO,V27,Verão 2027,6,1226
17515,KIKI,I26,Inverno 2026,4,478382
17515,KIKI,T26,Tropical 2026,5,14197
17515,KIKI,V26,Verão 2026,3,25254
17515,KIKI,V27,Verão 2027,6,725617
17515,MENINA ANJO,I26,Inverno 2026,4,439799
17515,MENINA ANJO,V27,Verão 2027,6,537190
17515,VALENT,I26,Inverno 2026,4,440001
17515,VALENT,V26,Verão 2026,3,12188
17519,KIKI,V26,Verão 2026,3,10339
17519,KIKI,V27,Verão 2027,6,13594
17519,MENINA ANJO,V27,Verão 2027,6,515400
17520,KIKI,V26,Verão 2026,3,142926
17520,MENINA ANJO,V26,Verão 2026,3,59552
17521,KIKI,I26,Inverno 2026,4,44231
17521,KIKI,T26,Tropical 2026,5,28290
17521,KIKI,V26,Verão 2026,3,78319
17521,VALENT,V26,Verão 2026,3,34696
17523,KIKI,V26,Verão 2026,3,23922
17523,MENINA ANJO,V26,Verão 2026,3,7481
17524,MENINA ANJO,V26,Verão 2026,3,29270
17525,KIKI,I26,Inverno 2026,4,18515
17525,KIKI,V26,Verão 2026,3,75279
17525,KIKI,V27,Verão 2027,6,27694
17525,VALENT,I26,Inverno 2026,4,791485
17525,VALENT,V26,Verão 2026,3,490923
17526,KIKI,V26,Verão 2026,3,24090
17526,MENINA ANJO,V26,Verão 2026,3,3338
17527,KIKI,V26,Verão 2026,3,17526
17527,VALENT,V26,Verão 2026,3,378756
17531,KIKI,V26,Verão 2026,3,41192
17531,MENINA ANJO,V26,Verão 2026,3,10772
17531,VALENT,V26,Verão 2026,3,17046
17532,KIKI,V26,Verão 2026,3,4
17533,MENINA ANJO,V26,Verão 2026,3,5090
17534,KIKI,V26,Verão 2026,3,2833
17537,KIKI,I26,Inverno 2026,4,7520
17537,KIKI,V26,Verão 2026,3,2270
17537,MENINA ANJO,V26,Verão 2026,3,2675
17538,KIKI,I26,Inverno 2026,4,514084
17538,KIKI,T26,Tropical 2026,5,6344
17538,KIKI,V26,Verão 2026,3,73788
17538,MENINA ANJO,I26,Inverno 2026,4,6182
17538,MENINA ANJO,T26,Tropical 2026,5,6691
17538,MENINA ANJO,V26,Verão 2026,3,28099
17538,VALENT,I26,Inverno 2026,4,17699
17538,VALENT,T26,Tropical 2026,5,16516
17538,VALENT,V26,Verão 2026,3,35931
17540,KIKI,I26,Inverno 2026,4,4856
17540,KIKI,V26,Verão 2026,3,6284
17541,KIKI,I26,Inverno 2026,4,12546
17541,KIKI,V26,Verão 2026,3,20728
17541,MENINA ANJO,V26,Verão 2026,3,2936
17541,VALENT,V26,Verão 2026,3,10006
17545,KIKI,V26,Verão 2026,3,90435
17545,MENINA ANJO,V26,Verão 2026,3,8130
17546,MENINA ANJO,V26,Verão 2026,3,2855
17547,KIKI,V26,Verão 2026,3,26021
17547,MENINA ANJO,V26,Verão 2026,3,6822
17547,VALENT,V26,Verão 2026,3,16613
17549,KIKI,V26,Verão 2026,3,26782
17549,MENINA ANJO,V26,Verão 2026,3,5319
17549,VALENT,V26,Verão 2026,3,7193
17550,KIKI,V26,Verão 2026,3,30418
17550,MENINA ANJO,V26,Verão 2026,3,10125
17551,KIKI,I26,Inverno 2026,4,25378
17551,KIKI,V26,Verão 2026,3,30506
17551,KIKI,V27,Verão 2027,6,14548
17551,VALENT,I26,Inverno 2026,4,3868
17551,VALENT,V26,Verão 2026,3,11756
17552,KIKI,V26,Verão 2026,3,4169
17552,MENINA ANJO,V26,Verão 2026,3,1960
17552,VALENT,V26,Verão 2026,3,187351
17553,KIKI,I26,Inverno 2026,4,6430
17553,KIKI,V26,Verão 2026,3,11513
17553,MENINA ANJO,I26,Inverno 2026,4,5908
17553,MENINA ANJO,V26,Verão 2026,3,4491
17553,MENINA ANJO,V27,Verão 2027,6,10968
17553,VALENT,I26,Inverno 2026,4,527400
17553,VALENT,V26,Verão 2026,3,2450
17555,KIKI,V26,Verão 2026,3,40292
17555,VALENT,V26,Verão 2026,3,18019
17556,KIKI,I26,Inverno 2026,4,2711
17556,KIKI,T26,Tropical 2026,5,2653
17556,KIKI,V26,Verão 2026,3,22771
17556,MENINA ANJO,I26,Inverno 2026,4,2891
17556,MENINA ANJO,V26,Verão 2026,3,2936
17557,KIKI,V26,Verão 2026,3,31362
17558,KIKI,V26,Verão 2026,3,2108
17559,KIKI,V26,Verão 2026,3,5882
17565,KIKI,V26,Verão 2026,3,221388
17565,MENINA ANJO,V26,Verão 2026,3,44428
17565,VALENT,V26,Verão 2026,3,145835
17568,MENINA ANJO,V26,Verão 2026,3,5260
17569,KIKI,V26,Verão 2026,3,8919
17570,KIKI,V26,Verão 2026,3,9284
17570,VALENT,V26,Verão 2026,3,8786
17571,KIKI,V26,Verão 2026,3,102640
17571,MENINA ANJO,V26,Verão 2026,3,41032
17572,KIKI,I26,Inverno 2026,4,2577
17572,KIKI,T26,Tropical 2026,5,3854
17572,KIKI,V26,Verão 2026,3,10165
17572,MENINA ANJO,I26,Inverno 2026,4,10
17575,MENINA ANJO,V26,Verão 2026,3,6814
17576,KIKI,V26,Verão 2026,3,7954
17577,KIKI,I26,Inverno 2026,4,645165
17577,KIKI,V26,Verão 2026,3,75969
17577,KIKI,V27,Verão 2027,6,578933
17577,MENINA ANJO,I26,Inverno 2026,4,27283
17577,MENINA ANJO,V26,Verão 2026,3,30770
17577,MENINA ANJO,V27,Verão 2027,6,29648
17577,VALENT,I26,Inverno 2026,4,13212
17577,VALENT,V26,Verão 2026,3,30898
17577,VALENT,V27,Verão 2027,6,23568
17579,KIKI,V26,Verão 2026,3,2108
17579,VALENT,V26,Verão 2026,3,2158
17582,KIKI,V27,Verão 2027,6,4198
17582,MENINA ANJO,I26,Inverno 2026,4,2846
17582,MENINA ANJO,V26,Verão 2026,3,2536
17583,KIKI,V26,Verão 2026,3,40497
17583,MENINA ANJO,V26,Verão 2026,3,26683
17584,KIKI,V26,Verão 2026,3,2653
17584,VALENT,V26,Verão 2026,3,463
17585,KIKI,I26,Inverno 2026,4,16086
17585,KIKI,T26,Tropical 2026,5,3352
17585,KIKI,V26,Verão 2026,3,38531
17585,KIKI,V27,Verão 2027,6,282548
17585,MENINA ANJO,V26,Verão 2026,3,2675
17585,MENINA ANJO,V27,Verão 2027,6,265950
17585,VALENT,I26,Inverno 2026,4,391985
17585,VALENT,V27,Verão 2027,6,13810
17588,KIKI,I26,Inverno 2026,4,16414
17588,KIKI,V26,Verão 2026,3,7477
17588,MENINA ANJO,I26,Inverno 2026,4,5544
17588,MENINA ANJO,V26,Verão 2026,3,17948
17589,KIKI,V26,Verão 2026,3,17864
17589,VALENT,V26,Verão 2026,3,2450
17590,KIKI,V26,Verão 2026,3,3121
17590,VALENT,V26,Verão 2026,3,4946
17593,KIKI,I26,Inverno 2026,4,11554
17593,MENINA ANJO,I26,Inverno 2026,4,7
17593,MENINA ANJO,V26,Verão 2026,3,16031
17593,VALENT,I26,Inverno 2026,4,12
17594,KIKI,I26,Inverno 2026,4,23007
17594,KIKI,V26,Verão 2026,3,7
17594,VALENT,I26,Inverno 2026,4,1563479
17596,KIKI,I26,Inverno 2026,4,410542
17596,KIKI,V26,Verão 2026,3,15525
17596,MENINA ANJO,V26,Verão 2026,3,11196
17596,VALENT,I26,Inverno 2026,4,7679
17596,VALENT,V26,Verão 2026,3,5368
17597,KIKI,V26,Verão 2026,3,4941
17597,MENINA ANJO,V26,Verão 2026,3,2347
17598,KIKI,V26,Verão 2026,3,4941
17598,MENINA ANJO,V26,Verão 2026,3,2347
17599,KIKI,V26,Verão 2026,3,58627
17599,VALENT,V26,Verão 2026,3,2317
17600,KIKI,I26,Inverno 2026,4,79344
17600,KIKI,T26,Tropical 2026,5,30317
17600,KIKI,V26,Verão 2026,3,13709
17600,KIKI,V27,Verão 2027,6,21647
17600,MENINA ANJO,I26,Inverno 2026,4,412343
17600,MENINA ANJO,V26,Verão 2026,3,8602
17600,MENINA ANJO,V27,Verão 2027,6,9351
17601,KIKI,V26,Verão 2026,3,20255
17601,MENINA ANJO,V26,Verão 2026,3,3900
17601,VALENT,V26,Verão 2026,3,8262
17602,KIKI,V26,Verão 2026,3,25195
17602,MENINA ANJO,V26,Verão 2026,3,3782
17602,VALENT,V26,Verão 2026,3,11513
17606,KIKI,I26,Inverno 2026,4,620572
17606,KIKI,T26,Tropical 2026,5,9883
17606,KIKI,V26,Verão 2026,3,59700
17606,KIKI,V27,Verão 2027,6,1918251
17606,MENINA ANJO,V27,Verão 2027,6,14169
17610,KIKI,V26,Verão 2026,3,3339
17610,MENINA ANJO,V26,Verão 2026,3,11492
17616,KIKI,I26,Inverno 2026,4,2431
17616,KIKI,V26,Verão 2026,3,3406
17616,KIKI,V27,Verão 2027,6,6424
17616,MENINA ANJO,I26,Inverno 2026,4,10632
17616,MENINA ANJO,V26,Verão 2026,3,5242
17616,MENINA ANJO,V27,Verão 2027,6,522885
17616,VALENT,I26,Inverno 2026,4,700253
17616,VALENT,V26,Verão 2026,3,2522
17616,VALENT,V27,Verão 2027,6,6291
17632,MENINA ANJO,V26,Verão 2026,3,2936
17633,KIKI,V26,Verão 2026,3,3
17633,MENINA ANJO,V26,Verão 2026,3,7326
17633,VALENT,V26,Verão 2026,3,10205
17635,KIKI,V26,Verão 2026,3,3040
17635,MENINA ANJO,V26,Verão 2026,3,2390
17636,KIKI,I26,Inverno 2026,4,4798903
17636,KIKI,T26,Tropical 2026,5,95905
17636,KIKI,V26,Verão 2026,3,380995
17636,KIKI,V27,Verão 2027,6,7966095
17636,MENINA ANJO,I26,Inverno 2026,4,2357111
17636,MENINA ANJO,T26,Tropical 2026,5,33079
17636,MENINA ANJO,V26,Verão 2026,3,141470
17636,MENINA ANJO,V27,Verão 2027,6,241258
17636,VALENT,I26,Inverno 2026,4,1270
17638,KIKI,V26,Verão 2026,3,8331
17639,KIKI,I26,Inverno 2026,4,13718
17639,KIKI,V26,Verão 2026,3,9652
17639,VALENT,I26,Inverno 2026,4,2914
17639,VALENT,V26,Verão 2026,3,6437
17640,KIKI,V26,Verão 2026,3,9
17641,KIKI,I26,Inverno 2026,4,4671
17641,KIKI,V26,Verão 2026,3,19195
17641,MENINA ANJO,I26,Inverno 2026,4,10814
17641,MENINA ANJO,V26,Verão 2026,3,1955
17641,VALENT,V26,Verão 2026,3,3
17644,KIKI,V26,Verão 2026,3,18428
17646,KIKI,V26,Verão 2026,3,144536
17646,MENINA ANJO,V26,Verão 2026,3,23072
17646,VALENT,V26,Verão 2026,3,573242
17648,KIKI,V26,Verão 2026,3,4455
17648,VALENT,V26,Verão 2026,3,3798
17649,KIKI,V26,Verão 2026,3,70490
17649,MENINA ANJO,V26,Verão 2026,3,12991
17650,KIKI,V26,Verão 2026,3,4651
17651,KIKI,V26,Verão 2026,3,7225
17651,VALENT,V26,Verão 2026,3,7396
17652,KIKI,V26,Verão 2026,3,11351
17655,KIKI,I26,Inverno 2026,4,21913
17655,KIKI,V26,Verão 2026,3,13046
17655,MENINA ANJO,I26,Inverno 2026,4,4774
17655,MENINA ANJO,V26,Verão 2026,3,2603
17655,VALENT,I26,Inverno 2026,4,971
17655,VALENT,V26,Verão 2026,3,2158
17660,KIKI,V26,Verão 2026,3,133041
17663,KIKI,V26,Verão 2026,3,1357
17664,KIKI,V26,Verão 2026,3,6317
17664,VALENT,V26,Verão 2026,3,5
17667,KIKI,V26,Verão 2026,3,15665
17667,MENINA ANJO,V26,Verão 2026,3,10980
17668,KIKI,I26,Inverno 2026,4,23208
17668,KIKI,V26,Verão 2026,3,8728
17668,MENINA ANJO,I26,Inverno 2026,4,11070
17668,MENINA ANJO,V26,Verão 2026,3,5067
17668,VALENT,I26,Inverno 2026,4,7884
17668,VALENT,V26,Verão 2026,3,3
17670,KIKI,V26,Verão 2026,3,20068
17670,VALENT,V26,Verão 2026,3,188734
17672,KIKI,V26,Verão 2026,3,17641
17672,MENINA ANJO,V26,Verão 2026,3,2594
17673,KIKI,V26,Verão 2026,3,2108
17673,MENINA ANJO,V26,Verão 2026,3,5749
17676,KIKI,V26,Verão 2026,3,12724
17676,MENINA ANJO,V26,Verão 2026,3,7846
17677,KIKI,I26,Inverno 2026,4,128430
17677,KIKI,V26,Verão 2026,3,261360
17677,VALENT,I26,Inverno 2026,4,785520
17679,KIKI,I26,Inverno 2026,4,80357
17679,VALENT,I26,Inverno 2026,4,11700
17680,KIKI,V26,Verão 2026,3,17505
17680,MENINA ANJO,V26,Verão 2026,3,6964
17684,KIKI,V26,Verão 2026,3,50191
17686,KIKI,I26,Inverno 2026,4,5
17686,KIKI,V26,Verão 2026,3,9994
17692,KIKI,I26,Inverno 2026,4,256860
17696,KIKI,V26,Verão 2026,3,11555
17698,KIKI,V26,Verão 2026,3,7372
17701,KIKI,I26,Inverno 2026,4,315298
17701,KIKI,V26,Verão 2026,3,35509
17701,MENINA ANJO,I26,Inverno 2026,4,20293
17701,MENINA ANJO,V26,Verão 2026,3,7122
17701,VALENT,I26,Inverno 2026,4,27749
17701,VALENT,V26,Verão 2026,3,21536
17709,KIKI,V26,Verão 2026,3,6186
17711,KIKI,I26,Inverno 2026,4,31130
17711,KIKI,T26,Tropical 2026,5,9764
17711,KIKI,V26,Verão 2026,3,30314
17711,MENINA ANJO,T26,Tropical 2026,5,3818
17711,MENINA ANJO,V26,Verão 2026,3,5557
17711,VALENT,V26,Verão 2026,3,8334
17714,KIKI,V26,Verão 2026,3,4180
17714,VALENT,V26,Verão 2026,3,5
17715,KIKI,I26,Inverno 2026,4,1347
17716,KIKI,V26,Verão 2026,3,1069
17719,KIKI,V26,Verão 2026,3,26323
17719,MENINA ANJO,V26,Verão 2026,3,6212
17727,KIKI,V26,Verão 2026,3,2819
17728,KIKI,V26,Verão 2026,3,27044
17728,MENINA ANJO,V26,Verão 2026,3,1415
17732,KIKI,I26,Inverno 2026,4,48861
17732,KIKI,V26,Verão 2026,3,34330
17733,KIKI,V26,Verão 2026,3,7247
17733,KIKI,V27,Verão 2027,6,2221
17734,KIKI,V26,Verão 2026,3,7247
17734,KIKI,V27,Verão 2027,6,2221
17735,KIKI,I26,Inverno 2026,4,30746
17735,KIKI,V26,Verão 2026,3,9472
17735,MENINA ANJO,I26,Inverno 2026,4,21136
17735,MENINA ANJO,V26,Verão 2026,3,12652
17736,KIKI,I26,Inverno 2026,4,15302
17736,KIKI,V26,Verão 2026,3,6640
17736,KIKI,V27,Verão 2027,6,6221
17736,MENINA ANJO,I26,Inverno 2026,4,13939
17736,MENINA ANJO,V26,Verão 2026,3,2347
17737,KIKI,V26,Verão 2026,3,1827
17738,KIKI,I26,Inverno 2026,4,5768
17738,KIKI,V26,Verão 2026,3,8864
17738,MENINA ANJO,I26,Inverno 2026,4,1070
17738,MENINA ANJO,V26,Verão 2026,3,845
17738,VALENT,I26,Inverno 2026,4,589986
17738,VALENT,V26,Verão 2026,3,5623
17739,KIKI,I26,Inverno 2026,4,1501
17739,KIKI,T26,Tropical 2026,5,2653
17739,KIKI,V26,Verão 2026,3,8586
17739,KIKI,V27,Verão 2027,6,5758
17739,VALENT,T26,Tropical 2026,5,4473
17739,VALENT,V27,Verão 2027,6,1654
17742,KIKI,V26,Verão 2026,3,17968
17747,KIKI,V26,Verão 2026,3,5604
17747,MENINA ANJO,V26,Verão 2026,3,10134
17747,VALENT,V26,Verão 2026,3,10478
17748,KIKI,I26,Inverno 2026,4,2283
17748,KIKI,T26,Tropical 2026,5,5801
17748,KIKI,V26,Verão 2026,3,11308
17750,KIKI,I26,Inverno 2026,4,6404
17750,KIKI,V26,Verão 2026,3,6703
17752,KIKI,V26,Verão 2026,3,532169
17753,KIKI,V26,Verão 2026,3,3581
17753,MENINA ANJO,V26,Verão 2026,3,4229
17756,KIKI,V26,Verão 2026,3,34177
17757,KIKI,V26,Verão 2026,3,14354
17761,KIKI,V26,Verão 2026,3,2347
17763,KIKI,V26,Verão 2026,3,2077
17766,KIKI,I26,Inverno 2026,4,99451
17766,KIKI,V27,Verão 2027,6,1357954
17766,MENINA ANJO,V27,Verão 2027,6,16203
17766,VALENT,I26,Inverno 2026,4,1201634
17766,VALENT,T26,Tropical 2026,5,17758
17766,VALENT,V27,Verão 2027,6,67086
17775,KIKI,V26,Verão 2026,3,111624
17775,KIKI,V27,Verão 2027,6,120498
17775,MENINA ANJO,V26,Verão 2026,3,18757
17775,MENINA ANJO,V27,Verão 2027,6,34968
17778,KIKI,V26,Verão 2026,3,9
17780,KIKI,V26,Verão 2026,3,17109
17780,MENINA ANJO,V26,Verão 2026,3,2752
17781,KIKI,V26,Verão 2026,3,5342
17781,KIKI,V27,Verão 2027,6,413498
17781,MENINA ANJO,V27,Verão 2027,6,12107
17781,VALENT,V27,Verão 2027,6,2748
17783,KIKI,I26,Inverno 2026,4,16284
17783,KIKI,V26,Verão 2026,3,35729
17783,MENINA ANJO,I26,Inverno 2026,4,1946
17783,MENINA ANJO,V26,Verão 2026,3,5614
17783,VALENT,I26,Inverno 2026,4,929
17783,VALENT,V26,Verão 2026,3,3751
17786,KIKI,V26,Verão 2026,3,6914
17786,VALENT,V26,Verão 2026,3,5956
17788,KIKI,I26,Inverno 2026,4,8
17788,KIKI,V26,Verão 2026,3,2698
17788,VALENT,V26,Verão 2026,3,7958
17793,KIKI,I26,Inverno 2026,4,2437
17793,KIKI,V26,Verão 2026,3,5409
17793,MENINA ANJO,I26,Inverno 2026,4,2158
17794,KIKI,V26,Verão 2026,3,35408
17794,MENINA ANJO,V26,Verão 2026,3,15626
17797,KIKI,T26,Tropical 2026,5,11844
17797,KIKI,V26,Verão 2026,3,6665
17801,KIKI,V26,Verão 2026,3,12686
17804,KIKI,I26,Inverno 2026,4,531377
17804,KIKI,V26,Verão 2026,3,6271
17804,MENINA ANJO,I26,Inverno 2026,4,8619
17804,MENINA ANJO,V26,Verão 2026,3,2270
17805,KIKI,V26,Verão 2026,3,2072
17805,MENINA ANJO,V26,Verão 2026,3,821
17807,KIKI,V26,Verão 2026,3,11045
17807,MENINA ANJO,V26,Verão 2026,3,17054
17807,VALENT,V26,Verão 2026,3,12863
17808,KIKI,V26,Verão 2026,3,10458
17809,KIKI,V26,Verão 2026,3,73352
17809,MENINA ANJO,V26,Verão 2026,3,27840
17809,VALENT,V26,Verão 2026,3,45579
17812,KIKI,I26,Inverno 2026,4,24165
17812,KIKI,V26,Verão 2026,3,22540
17812,MENINA ANJO,V26,Verão 2026,3,5285
17814,KIKI,V26,Verão 2026,3,3115
17818,KIKI,V26,Verão 2026,3,16
17823,KIKI,V26,Verão 2026,3,3
17829,KIKI,V26,Verão 2026,3,128322
17831,KIKI,V26,Verão 2026,3,2108
17832,KIKI,V26,Verão 2026,3,10287
17832,VALENT,V26,Verão 2026,3,2963
17834,KIKI,I26,Inverno 2026,4,15647
17834,KIKI,V26,Verão 2026,3,5701
17834,MENINA ANJO,I26,Inverno 2026,4,4
17834,MENINA ANJO,V26,Verão 2026,3,1528
17835,KIKI,I26,Inverno 2026,4,2685
17835,KIKI,V26,Verão 2026,3,26424
17835,KIKI,V27,Verão 2027,6,2521
17835,VALENT,I26,Inverno 2026,4,516900
17836,KIKI,I26,Inverno 2026,4,23926
17836,KIKI,T26,Tropical 2026,5,19227
17836,KIKI,V27,Verão 2027,6,57313
17836,MENINA ANJO,I26,Inverno 2026,4,16470
17836,MENINA ANJO,V27,Verão 2027,6,5612
17838,KIKI,V26,Verão 2026,3,42733
17838,MENINA ANJO,V26,Verão 2026,3,12931
17838,VALENT,V26,Verão 2026,3,35581
17845,KIKI,V26,Verão 2026,3,6716
17848,KIKI,I26,Inverno 2026,4,470489
17848,KIKI,T26,Tropical 2026,5,7508
17848,KIKI,V26,Verão 2026,3,39738
17848,MENINA ANJO,V26,Verão 2026,3,3128
17848,VALENT,V26,Verão 2026,3,1814
17854,KIKI,V26,Verão 2026,3,1784
17854,MENINA ANJO,V26,Verão 2026,3,5372
17855,KIKI,I26,Inverno 2026,4,136011
17855,KIKI,V26,Verão 2026,3,10678
17855,MENINA ANJO,I26,Inverno 2026,4,3854
17855,VALENT,I26,Inverno 2026,4,739
17860,KIKI,V26,Verão 2026,3,65675
17860,MENINA ANJO,V26,Verão 2026,3,28286
17860,VALENT,V26,Verão 2026,3,3036
17863,KIKI,V26,Verão 2026,3,2378
17863,MENINA ANJO,V26,Verão 2026,3,7877
17864,KIKI,I26,Inverno 2026,4,15995
17864,KIKI,T26,Tropical 2026,5,7214
17864,KIKI,V26,Verão 2026,3,55793
17864,MENINA ANJO,I26,Inverno 2026,4,2950
17864,MENINA ANJO,V26,Verão 2026,3,12262
17865,KIKI,I26,Inverno 2026,4,1434722
17865,KIKI,T26,Tropical 2026,5,32843
17865,MENINA ANJO,I26,Inverno 2026,4,22964
17868,KIKI,I26,Inverno 2026,4,393176
17868,MENINA ANJO,I26,Inverno 2026,4,2383
17868,VALENT,I26,Inverno 2026,4,2164946
17876,KIKI,I26,Inverno 2026,4,13691
17876,KIKI,T26,Tropical 2026,5,4496
17876,KIKI,V27,Verão 2027,6,443288
17876,MENINA ANJO,I26,Inverno 2026,4,7634
17876,MENINA ANJO,V27,Verão 2027,6,276874
17876,VALENT,I26,Inverno 2026,4,1131675
17876,VALENT,V27,Verão 2027,6,43484
17885,KIKI,I26,Inverno 2026,4,134175
17885,KIKI,V26,Verão 2026,3,23294
17885,KIKI,V27,Verão 2027,6,601536
17885,MENINA ANJO,I26,Inverno 2026,4,1113142
17885,MENINA ANJO,V26,Verão 2026,3,8006
17885,MENINA ANJO,V27,Verão 2027,6,474574
17885,VALENT,I26,Inverno 2026,4,58181
17885,VALENT,V26,Verão 2026,3,2185
17885,VALENT,V27,Verão 2027,6,74479
17899,KIKI,I26,Inverno 2026,4,3683
17899,KIKI,T26,Tropical 2026,5,3225
17899,MENINA ANJO,T26,Tropical 2026,5,6
17899,MENINA ANJO,V27,Verão 2027,6,4833
17899,VALENT,I26,Inverno 2026,4,14321
17899,VALENT,T26,Tropical 2026,5,3907
17904,KIKI,V27,Verão 2027,6,2
17904,MENINA ANJO,V27,Verão 2027,6,4
17904,VALENT,V27,Verão 2027,6,1
17912,KIKI,I26,Inverno 2026,4,2549
17912,KIKI,T26,Tropical 2026,5,5285
17912,KIKI,V26,Verão 2026,3,8397
17917,KIKI,V26,Verão 2026,3,2351
17919,KIKI,I26,Inverno 2026,4,1379
17919,MENINA ANJO,I26,Inverno 2026,4,707
17919,VALENT,I26,Inverno 2026,4,1242
17929,KIKI,I26,Inverno 2026,4,22370
17929,KIKI,T26,Tropical 2026,5,7958
17929,KIKI,V27,Verão 2027,6,5
17929,MENINA ANJO,I26,Inverno 2026,4,7313
17929,MENINA ANJO,T26,Tropical 2026,5,6
17929,VALENT,I26,Inverno 2026,4,2295303
17937,KIKI,I26,Inverno 2026,4,8856
17944,KIKI,I26,Inverno 2026,4,10
17944,KIKI,V27,Verão 2027,6,6676
17944,MENINA ANJO,I26,Inverno 2026,4,8
17944,MENINA ANJO,V27,Verão 2027,6,8
17975,KIKI,I26,Inverno 2026,4,36689
17975,KIKI,V26,Verão 2026,3,45254
17977,KIKI,I26,Inverno 2026,4,262801
17977,KIKI,V27,Verão 2027,6,357869
17977,MENINA ANJO,I26,Inverno 2026,4,8728
17977,VALENT,I26,Inverno 2026,4,264779
17980,KIKI,I26,Inverno 2026,4,1168
17980,VALENT,I26,Inverno 2026,4,2131
17980,VALENT,T26,Tropical 2026,5,2293
17982,KIKI,I26,Inverno 2026,4,1501
17982,VALENT,I26,Inverno 2026,4,2216
17986,KIKI,I26,Inverno 2026,4,919319
17986,KIKI,T26,Tropical 2026,5,8554
17986,VALENT,I26,Inverno 2026,4,922397
17986,VALENT,T26,Tropical 2026,5,14680
17989,KIKI,I26,Inverno 2026,4,4176
17991,KIKI,I26,Inverno 2026,4,13892
17991,KIKI,V27,Verão 2027,6,554705
17991,VALENT,V27,Verão 2027,6,3766
18001,KIKI,I26,Inverno 2026,4,6436
18004,KIKI,I26,Inverno 2026,4,7494
18004,KIKI,T26,Tropical 2026,5,5236
18006,KIKI,I26,Inverno 2026,4,14524
18006,KIKI,V27,Verão 2027,6,739715
18006,MENINA ANJO,I26,Inverno 2026,4,2684
18006,MENINA ANJO,V27,Verão 2027,6,803104
18006,VALENT,I26,Inverno 2026,4,516900
18006,VALENT,T26,Tropical 2026,5,2828
18006,VALENT,V27,Verão 2027,6,14155
18007,KIKI,I26,Inverno 2026,4,231266
18007,KIKI,T26,Tropical 2026,5,8622
18007,KIKI,V27,Verão 2027,6,609565
18007,VALENT,I26,Inverno 2026,4,440028
18007,VALENT,T26,Tropical 2026,5,15956
18020,KIKI,I26,Inverno 2026,4,11
18020,MENINA ANJO,I26,Inverno 2026,4,5
18020,VALENT,I26,Inverno 2026,4,8
18021,KIKI,I26,Inverno 2026,4,1045206
18021,KIKI,V27,Verão 2027,6,1419799
18021,MENINA ANJO,I26,Inverno 2026,4,17
18022,KIKI,I26,Inverno 2026,4,8
18022,KIKI,T26,Tropical 2026,5,3825
18022,VALENT,T26,Tropical 2026,5,2293
18024,KIKI,I26,Inverno 2026,4,3085
18028,KIKI,T26,Tropical 2026,5,17071
18037,KIKI,I26,Inverno 2026,4,1165680
18085,KIKI,I26,Inverno 2026,4,4
18085,KIKI,V27,Verão 2027,6,539844
18085,MENINA ANJO,I26,Inverno 2026,4,260480
18088,KIKI,I26,Inverno 2026,4,5004
18090,KIKI,I26,Inverno 2026,4,526650
18090,KIKI,V27,Verão 2027,6,31061
18090,MENINA ANJO,V27,Verão 2027,6,3422
18090,VALENT,I26,Inverno 2026,4,523817
18090,VALENT,V27,Verão 2027,6,6014
18106,KIKI,T26,Tropical 2026,5,3
18106,VALENT,I26,Inverno 2026,4,4
18120,KIKI,I26,Inverno 2026,4,2374
18120,KIKI,T26,Tropical 2026,5,6509
18123,KIKI,I26,Inverno 2026,4,14141
18123,KIKI,V27,Verão 2027,6,32099
18124,KIKI,I26,Inverno 2026,4,5180
18124,KIKI,T26,Tropical 2026,5,6653
18124,KIKI,V27,Verão 2027,6,46253
18124,MENINA ANJO,I26,Inverno 2026,4,5108
18124,MENINA ANJO,V27,Verão 2027,6,9690
18124,VALENT,I26,Inverno 2026,4,519116
18124,VALENT,V27,Verão 2027,6,11238
18126,KIKI,I26,Inverno 2026,4,17361
18126,KIKI,T26,Tropical 2026,5,4000
18126,VALENT,I26,Inverno 2026,4,2157000
18127,KIKI,I26,Inverno 2026,4,26338
18127,MENINA ANJO,I26,Inverno 2026,4,9951
18127,VALENT,I26,Inverno 2026,4,7038
18130,KIKI,I26,Inverno 2026,4,297901
18130,KIKI,T26,Tropical 2026,5,13683
18130,MENINA ANJO,I26,Inverno 2026,4,4914
18130,MENINA ANJO,T26,Tropical 2026,5,1514
18134,KIKI,I26,Inverno 2026,4,553331
18134,KIKI,T26,Tropical 2026,5,3392
18134,MENINA ANJO,I26,Inverno 2026,4,19641
18134,VALENT,I26,Inverno 2026,4,3293
18136,KIKI,I26,Inverno 2026,4,2711
18136,MENINA ANJO,I26,Inverno 2026,4,2891
18136,VALENT,I26,Inverno 2026,4,5326
18141,KIKI,I26,Inverno 2026,4,5180
18141,MENINA ANJO,I26,Inverno 2026,4,2846
18141,VALENT,I26,Inverno 2026,4,6656
18142,KIKI,I26,Inverno 2026,4,13059
18143,KIKI,I26,Inverno 2026,4,1501
18143,KIKI,V26,Verão 2026,3,974
18143,VALENT,V26,Verão 2026,3,2158
18155,KIKI,I26,Inverno 2026,4,73263
18155,MENINA ANJO,I26,Inverno 2026,4,608320
18155,VALENT,I26,Inverno 2026,4,4238
18156,KIKI,I26,Inverno 2026,4,1164982
18156,KIKI,V27,Verão 2027,6,21487
18156,MENINA ANJO,V27,Verão 2027,6,3214
18156,VALENT,I26,Inverno 2026,4,881066
18156,VALENT,V27,Verão 2027,6,18454
18157,KIKI,I26,Inverno 2026,4,1501
18157,KIKI,T26,Tropical 2026,5,5285
18163,KIKI,I26,Inverno 2026,4,7
18163,KIKI,T26,Tropical 2026,5,3
18167,KIKI,V27,Verão 2027,6,3776
18167,MENINA ANJO,V27,Verão 2027,6,2779
18168,KIKI,I26,Inverno 2026,4,5148
18174,KIKI,I26,Inverno 2026,4,33230
18174,KIKI,V26,Verão 2026,3,2063
18174,KIKI,V27,Verão 2027,6,31772
18174,MENINA ANJO,V27,Verão 2027,6,6694
18181,KIKI,I26,Inverno 2026,4,9446
18182,VALENT,I26,Inverno 2026,4,551100
18183,KIKI,I26,Inverno 2026,4,4896
18183,KIKI,T26,Tropical 2026,5,1285
18183,KIKI,V27,Verão 2027,6,418529
18183,VALENT,V27,Verão 2027,6,11421
18184,KIKI,T26,Tropical 2026,5,1285
18194,KIKI,I26,Inverno 2026,4,6854
18194,KIKI,T26,Tropical 2026,5,2653
18197,KIKI,I26,Inverno 2026,4,278663
18197,VALENT,I26,Inverno 2026,4,3526
18204,KIKI,I26,Inverno 2026,4,494465
18204,MENINA ANJO,I26,Inverno 2026,4,4005
18204,MENINA ANJO,T26,Tropical 2026,5,2863
18212,KIKI,I26,Inverno 2026,4,18124
18216,KIKI,I26,Inverno 2026,4,345746
18216,KIKI,T26,Tropical 2026,5,7199
18216,KIKI,V27,Verão 2027,6,54069
18216,MENINA ANJO,I26,Inverno 2026,4,289342
18216,MENINA ANJO,V27,Verão 2027,6,30716
18216,VALENT,T26,Tropical 2026,5,7255
18216,VALENT,V27,Verão 2027,6,20052
18221,MENINA ANJO,I26,Inverno 2026,4,7418
18221,MENINA ANJO,T26,Tropical 2026,5,6
18282,KIKI,I26,Inverno 2026,4,494305
18282,MENINA ANJO,I26,Inverno 2026,4,409454
18291,KIKI,I26,Inverno 2026,4,35588
18291,KIKI,T26,Tropical 2026,5,1640
18291,VALENT,I26,Inverno 2026,4,438579
18291,VALENT,T26,Tropical 2026,5,7549
18301,KIKI,I26,Inverno 2026,4,1028
18303,KIKI,I26,Inverno 2026,4,256860
18303,KIKI,V27,Verão 2027,6,135680
18305,KIKI,I26,Inverno 2026,4,90533
18305,KIKI,T26,Tropical 2026,5,10316
18305,MENINA ANJO,I26,Inverno 2026,4,16636
18305,MENINA ANJO,T26,Tropical 2026,5,3779
18305,VALENT,I26,Inverno 2026,4,1652395
18305,VALENT,T26,Tropical 2026,5,7508
18313,KIKI,I26,Inverno 2026,4,3265
18313,MENINA ANJO,T26,Tropical 2026,5,2077
18374,KIKI,I26,Inverno 2026,4,4024
18374,KIKI,V27,Verão 2027,6,5720
18374,VALENT,V27,Verão 2027,6,5618
18375,KIKI,I26,Inverno 2026,4,134434
18375,MENINA ANJO,I26,Inverno 2026,4,899
18375,VALENT,I26,Inverno 2026,4,411557
18376,KIKI,I26,Inverno 2026,4,563624
18376,KIKI,T26,Tropical 2026,5,16580
18376,KIKI,V27,Verão 2027,6,548097
18376,MENINA ANJO,I26,Inverno 2026,4,835035
18376,MENINA ANJO,T26,Tropical 2026,5,7838
18376,VALENT,I26,Inverno 2026,4,1060906
18376,VALENT,T26,Tropical 2026,5,4590
18376,VALENT,V27,Verão 2027,6,6962
18377,KIKI,I26,Inverno 2026,4,2898
18377,KIKI,T26,Tropical 2026,5,3460
18378,KIKI,I26,Inverno 2026,4,14698
18378,KIKI,T26,Tropical 2026,5,3627
18378,KIKI,V27,Verão 2027,6,11149
18378,MENINA ANJO,I26,Inverno 2026,4,10386
18378,MENINA ANJO,V27,Verão 2027,6,8781
18381,KIKI,I26,Inverno 2026,4,1757626
18381,KIKI,V27,Verão 2027,6,5368107
18381,MENINA ANJO,I26,Inverno 2026,4,2055805
18381,VALENT,I26,Inverno 2026,4,575600
18385,VALENT,I26,Inverno 2026,4,614100
18395,KIKI,I26,Inverno 2026,4,2549
18398,KIKI,I26,Inverno 2026,4,9428
18402,KIKI,I26,Inverno 2026,4,2549
18404,KIKI,I26,Inverno 2026,4,3881
18404,KIKI,V27,Verão 2027,6,5878
18404,MENINA ANJO,I26,Inverno 2026,4,889
18404,VALENT,V27,Verão 2027,6,3978
18405,KIKI,I26,Inverno 2026,4,3764
18405,KIKI,T26,Tropical 2026,5,2306
18414,KIKI,I26,Inverno 2026,4,13738
18415,KIKI,I26,Inverno 2026,4,11704
18418,KIKI,I26,Inverno 2026,4,11358
18418,KIKI,V27,Verão 2027,6,6289
18418,MENINA ANJO,V27,Verão 2027,6,2146
18419,KIKI,T26,Tropical 2026,5,2189
18419,KIKI,V27,Verão 2027,6,7364
18419,VALENT,V27,Verão 2027,6,1007
18420,KIKI,I26,Inverno 2026,4,12924
18421,KIKI,I26,Inverno 2026,4,1730
18421,KIKI,T26,Tropical 2026,5,2306
18421,MENINA ANJO,V27,Verão 2027,6,22295
18421,VALENT,I26,Inverno 2026,4,599400
18422,KIKI,I26,Inverno 2026,4,496576
18422,KIKI,T26,Tropical 2026,5,2544
18422,MENINA ANJO,I26,Inverno 2026,4,821261
18423,KIKI,I26,Inverno 2026,4,418521
18433,KIKI,I26,Inverno 2026,4,7
18433,MENINA ANJO,I26,Inverno 2026,4,7313
18434,KIKI,I26,Inverno 2026,4,9608
18434,KIKI,T26,Tropical 2026,5,7301
18434,KIKI,V27,Verão 2027,6,11408
18437,KIKI,I26,Inverno 2026,4,533728
18437,KIKI,T26,Tropical 2026,5,3591
18437,KIKI,V27,Verão 2027,6,334499
18437,MENINA ANJO,I26,Inverno 2026,4,2684
18437,MENINA ANJO,V27,Verão 2027,6,517648
18437,VALENT,I26,Inverno 2026,4,1857675
18437,VALENT,V27,Verão 2027,6,13840
18438,KIKI,I26,Inverno 2026,4,4226
18438,KIKI,V27,Verão 2027,6,442688
18438,MENINA ANJO,V27,Verão 2027,6,3040
18439,KIKI,I26,Inverno 2026,4,3676
18439,KIKI,T26,Tropical 2026,5,1285
18441,MENINA ANJO,I26,Inverno 2026,4,256860
18443,KIKI,I26,Inverno 2026,4,8
18443,KIKI,T26,Tropical 2026,5,7427
18445,KIKI,I26,Inverno 2026,4,21519
18445,KIKI,V27,Verão 2027,6,10739
18445,MENINA ANJO,I26,Inverno 2026,4,23985
18445,MENINA ANJO,V27,Verão 2027,6,3962
18445,VALENT,I26,Inverno 2026,4,483979
18445,VALENT,V27,Verão 2027,6,3645
18449,KIKI,T26,Tropical 2026,5,43636
18449,MENINA ANJO,T26,Tropical 2026,5,7636
18449,VALENT,T26,Tropical 2026,5,18680
18453,KIKI,I26,Inverno 2026,4,6590
18453,MENINA ANJO,I26,Inverno 2026,4,2803
18453,VALENT,I26,Inverno 2026,4,275273
18455,KIKI,I26,Inverno 2026,4,769375
18455,KIKI,T26,Tropical 2026,5,6504
18455,MENINA ANJO,I26,Inverno 2026,4,2348
18459,KIKI,I26,Inverno 2026,4,11296
18459,VALENT,I26,Inverno 2026,4,6273
18462,KIKI,I26,Inverno 2026,4,8273
18462,KIKI,T26,Tropical 2026,5,10590
18462,KIKI,V27,Verão 2027,6,608485
18462,MENINA ANJO,I26,Inverno 2026,4,11408
18462,MENINA ANJO,T26,Tropical 2026,5,2077
18462,MENINA ANJO,V27,Verão 2027,6,33242
18462,VALENT,V27,Verão 2027,6,10257
18469,KIKI,I26,Inverno 2026,4,28148
18469,KIKI,V27,Verão 2027,6,107710
18469,MENINA ANJO,I26,Inverno 2026,4,5881
18469,MENINA ANJO,V27,Verão 2027,6,747686
18470,KIKI,I26,Inverno 2026,4,8454
18470,KIKI,T26,Tropical 2026,5,3265
18474,KIKI,I26,Inverno 2026,4,1757626
18474,KIKI,V27,Verão 2027,6,4
18474,MENINA ANJO,I26,Inverno 2026,4,2055805
18474,VALENT,I26,Inverno 2026,4,575600
18477,KIKI,I26,Inverno 2026,4,4474
18483,KIKI,I26,Inverno 2026,4,3
18494,MENINA ANJO,I26,Inverno 2026,4,2846
18498,KIKI,I26,Inverno 2026,4,26888
18499,KIKI,I26,Inverno 2026,4,16211
18499,KIKI,V27,Verão 2027,6,178073
18499,MENINA ANJO,I26,Inverno 2026,4,3134
18499,MENINA ANJO,V27,Verão 2027,6,6460
18500,KIKI,I26,Inverno 2026,4,12363
18500,MENINA ANJO,I26,Inverno 2026,4,10796
18502,KIKI,V27,Verão 2027,6,144617
18502,MENINA ANJO,V27,Verão 2027,6,284045
18502,VALENT,V27,Verão 2027,6,794
18503,KIKI,I26,Inverno 2026,4,802
18503,VALENT,I26,Inverno 2026,4,739
18504,KIKI,I26,Inverno 2026,4,33800
18505,KIKI,I26,Inverno 2026,4,24088
18506,KIKI,I26,Inverno 2026,4,6354
18506,KIKI,T26,Tropical 2026,5,644
18507,MENINA ANJO,I26,Inverno 2026,4,4496
18517,KIKI,I26,Inverno 2026,4,8249
18517,MENINA ANJO,I26,Inverno 2026,4,4067
18517,VALENT,I26,Inverno 2026,4,8429
18518,KIKI,I26,Inverno 2026,4,2045
18523,KIKI,I26,Inverno 2026,4,968579
18523,MENINA ANJO,I26,Inverno 2026,4,1644817
18565,KIKI,I26,Inverno 2026,4,17966
18565,KIKI,V27,Verão 2027,6,1235900
18565,MENINA ANJO,V27,Verão 2027,6,532742
18565,VALENT,T26,Tropical 2026,5,2338
18565,VALENT,V27,Verão 2027,6,16540
18566,KIKI,V27,Verão 2027,6,421406
18566,MENINA ANJO,V27,Verão 2027,6,3224
18566,VALENT,V27,Verão 2027,6,1654
18569,KIKI,I26,Inverno 2026,4,45156
18569,KIKI,T26,Tropical 2026,5,13469
18569,MENINA ANJO,I26,Inverno 2026,4,443807
18569,MENINA ANJO,T26,Tropical 2026,5,2863
18569,VALENT,I26,Inverno 2026,4,10019
18569,VALENT,T26,Tropical 2026,5,15291
18572,KIKI,V27,Verão 2027,6,563253
18572,VALENT,V27,Verão 2027,6,6647
18579,KIKI,I26,Inverno 2026,4,2045
18579,KIKI,T26,Tropical 2026,5,5087
18579,KIKI,V27,Verão 2027,6,2180
18579,MENINA ANJO,V27,Verão 2027,6,4774
18580,KIKI,I26,Inverno 2026,4,71636
18580,MENINA ANJO,I26,Inverno 2026,4,562700
18583,MENINA ANJO,I26,Inverno 2026,4,3
18586,KIKI,I26,Inverno 2026,4,4878
18603,KIKI,I26,Inverno 2026,4,928
18603,KIKI,T26,Tropical 2026,5,6511
18604,KIKI,I26,Inverno 2026,4,8561
18604,KIKI,T26,Tropical 2026,5,2439
18604,MENINA ANJO,I26,Inverno 2026,4,1322
18604,VALENT,I26,Inverno 2026,4,139094
18604,VALENT,T26,Tropical 2026,5,1351
18626,KIKI,I26,Inverno 2026,4,3906
18626,KIKI,V27,Verão 2027,6,872972
18628,KIKI,V27,Verão 2027,6,181802
18628,MENINA ANJO,V27,Verão 2027,6,11714
18628,VALENT,V27,Verão 2027,6,4594
18668,KIKI,I26,Inverno 2026,4,582248
18668,KIKI,T26,Tropical 2026,5,3477
18668,VALENT,T26,Tropical 2026,5,3362
18673,KIKI,I26,Inverno 2026,4,2675
18673,KIKI,V27,Verão 2027,6,591862
18673,VALENT,V27,Verão 2027,6,20938
18721,KIKI,V27,Verão 2027,6,5
18721,MENINA ANJO,V27,Verão 2027,6,3
18785,KIKI,V27,Verão 2027,6,537641
18785,VALENT,V27,Verão 2027,6,5121
18793,KIKI,V27,Verão 2027,6,3341246
18793,MENINA ANJO,V27,Verão 2027,6,353988
18793,VALENT,V27,Verão 2027,6,74075
18798,KIKI,V27,Verão 2027,6,9700
18800,KIKI,I26,Inverno 2026,4,3735
18800,VALENT,I26,Inverno 2026,4,682052
18807,KIKI,V27,Verão 2027,6,139234
18807,VALENT,V27,Verão 2027,6,54678
18808,KIKI,V27,Verão 2027,6,2736900
18808,VALENT,V27,Verão 2027,6,4
18809,KIKI,V27,Verão 2027,6,2038
18810,KIKI,V27,Verão 2027,6,23535
18810,VALENT,V27,Verão 2027,6,4810
18812,KIKI,V27,Verão 2027,6,4697
18812,MENINA ANJO,V27,Verão 2027,6,5463
18814,KIKI,V27,Verão 2027,6,4959
18814,MENINA ANJO,V27,Verão 2027,6,9140
18815,KIKI,V27,Verão 2027,6,4959
18815,MENINA ANJO,V27,Verão 2027,6,2774
18816,KIKI,V27,Verão 2027,6,4959
18816,MENINA ANJO,V27,Verão 2027,6,2774
18819,KIKI,V27,Verão 2027,6,25589
18819,MENINA ANJO,V27,Verão 2027,6,5499
18822,KIKI,V27,Verão 2027,6,17968
18822,VALENT,V27,Verão 2027,6,1654
18823,KIKI,V27,Verão 2027,6,32779
18838,KIKI,V27,Verão 2027,6,584981
18838,MENINA ANJO,V27,Verão 2027,6,24303
18838,VALENT,V27,Verão 2027,6,7678
18852,KIKI,V27,Verão 2027,6,11419
18852,VALENT,V27,Verão 2027,6,9594
18858,KIKI,V27,Verão 2027,6,5891
18864,KIKI,V27,Verão 2027,6,513908
18864,MENINA ANJO,V27,Verão 2027,6,764916
18864,VALENT,V27,Verão 2027,6,54286
18867,MENINA ANJO,V27,Verão 2027,6,319140
18870,KIKI,V27,Verão 2027,6,17594
18870,MENINA ANJO,V27,Verão 2027,6,2747
18870,VALENT,V27,Verão 2027,6,29108
18873,KIKI,V27,Verão 2027,6,1107845
18875,KIKI,V27,Verão 2027,6,259361
18876,KIKI,I26,Inverno 2026,4,43935
18876,KIKI,T26,Tropical 2026,5,19380
18876,MENINA ANJO,T26,Tropical 2026,5,2724
18877,KIKI,V27,Verão 2027,6,1
18886,KIKI,V27,Verão 2027,6,14617
18886,VALENT,V27,Verão 2027,6,22652
18888,KIKI,V27,Verão 2027,6,24680
18888,MENINA ANJO,V27,Verão 2027,6,521493
18897,KIKI,V27,Verão 2027,6,574166
18897,MENINA ANJO,V27,Verão 2027,6,8661
18897,VALENT,V27,Verão 2027,6,14105
18898,KIKI,V27,Verão 2027,6,10336
18898,MENINA ANJO,V27,Verão 2027,6,3215
18899,KIKI,V27,Verão 2027,6,17539
18899,MENINA ANJO,V27,Verão 2027,6,18191
18900,KIKI,V27,Verão 2027,6,19760
18900,VALENT,V27,Verão 2027,6,18824
18939,KIKI,V27,Verão 2027,6,29794
18939,MENINA ANJO,V27,Verão 2027,6,9130
18939,VALENT,V27,Verão 2027,6,3766
18941,KIKI,V27,Verão 2027,6,4366
18941,MENINA ANJO,V27,Verão 2027,6,1393
18942,KIKI,V27,Verão 2027,6,586921
18951,KIKI,V27,Verão 2027,6,532582
18952,KIKI,V27,Verão 2027,6,6633
18952,MENINA ANJO,V27,Verão 2027,6,157896
18952,VALENT,V27,Verão 2027,6,2500
18956,KIKI,V27,Verão 2027,6,527149
18956,MENINA ANJO,V27,Verão 2027,6,947005
18959,KIKI,V27,Verão 2027,6,707400
18959,MENINA ANJO,V27,Verão 2027,6,5692
18959,VALENT,V27,Verão 2027,6,7011
18961,KIKI,V27,Verão 2027,6,61428
18961,MENINA ANJO,V27,Verão 2027,6,37431
18972,KIKI,V27,Verão 2027,6,1739
18974,KIKI,V27,Verão 2027,6,546260
18975,KIKI,V27,Verão 2027,6,269920
18977,KIKI,V27,Verão 2027,6,11784
18977,VALENT,V27,Verão 2027,6,9612
18980,KIKI,V27,Verão 2027,6,524636
18988,KIKI,V27,Verão 2027,6,1159455
18988,MENINA ANJO,V27,Verão 2027,6,1199583
18988,VALENT,V27,Verão 2027,6,7478
18992,KIKI,V27,Verão 2027,6,1128274
18992,VALENT,V27,Verão 2027,6,32174
18993,MENINA ANJO,V27,Verão 2027,6,805784
18998,KIKI,V27,Verão 2027,6,10582
18998,MENINA ANJO,V27,Verão 2027,6,2684
18998,VALENT,V27,Verão 2027,6,23292
19007,KIKI,V27,Verão 2027,6,33145
19007,MENINA ANJO,V27,Verão 2027,6,6030
19007,VALENT,V27,Verão 2027,6,23238
19008,MENINA ANJO,V27,Verão 2027,6,14078
19019,KIKI,V27,Verão 2027,6,1327034
19019,MENINA ANJO,V27,Verão 2027,6,799150
19019,VALENT,V27,Verão 2027,6,13635
19023,KIKI,V27,Verão 2027,6,1165675
19023,MENINA ANJO,V27,Verão 2027,6,54363
19023,VALENT,V27,Verão 2027,6,25336
19032,KIKI,V27,Verão 2027,6,24028
19032,MENINA ANJO,V27,Verão 2027,6,9466
19033,KIKI,V27,Verão 2027,6,8858
19033,MENINA ANJO,V27,Verão 2027,6,9279
19033,VALENT,V27,Verão 2027,6,12937
19034,KIKI,V27,Verão 2027,6,168251
19034,MENINA ANJO,V27,Verão 2027,6,74518
19034,VALENT,V27,Verão 2027,6,63565
